sale_id,product_id,quantity_sold,sale_date,sale_time
S000001,P001,29,2025-10-01,09:14:00
S000002,P001,41,2025-10-01,08:47:00
S000003,P002,15,2025-10-01,07:37:00
S000004,P002,6,2025-10-01,06:05:00
S000005,P002,3,2025-10-01,14:38:00
S000006,P002,10,2025-10-01,06:35:00
S000007,P003,18,2025-10-01,12:14:00
S000008,P003,9,2025-10-01,10:51:00
S000009,P003,8,2025-10-01,08:44:00
S000010,P003,10,2025-10-01,12:21:00
S000011,P004,12,2025-10-01,11:06:00
S000012,P004,14,2025-10-01,07:24:00
S000013,P005,14,2025-10-01,06:46:00
S000014,P005,7,2025-10-01,07:59:00
S000015,P005,16,2025-10-01,12:05:00
S000016,P006,13,2025-10-01,11:36:00
S000017,P006,5,2025-10-01,07:02:00
S000018,P006,7,2025-10-01,10:05:00
S000019,P006,11,2025-10-01,09:55:00
S000020,P007,5,2025-10-01,11:10:00
S000021,P007,3,2025-10-01,09:42:00
S000022,P007,7,2025-10-01,10:44:00
S000023,P008,11,2025-10-01,16:10:00
S000024,P008,14,2025-10-01,09:10:00
S000025,P008,8,2025-10-01,10:59:00
S000026,P008,17,2025-10-01,16:44:00
S000027,P009,5,2025-10-01,06:14:00
S000028,P009,5,2025-10-01,11:25:00
S000029,P009,2,2025-10-01,09:58:00
S000030,P009,6,2025-10-01,15:56:00
S000031,P010,6,2025-10-01,12:56:00
S000032,P010,10,2025-10-01,16:29:00
S000033,P011,8,2025-10-01,14:34:00
S000034,P011,23,2025-10-01,10:47:00
S000035,P012,8,2025-10-01,09:08:00
S000036,P012,6,2025-10-01,07:48:00
S000037,P012,2,2025-10-01,07:09:00
S000038,P012,10,2025-10-01,16:10:00
S000039,P013,31,2025-10-01,12:24:00
S000040,P013,19,2025-10-01,13:33:00
S000041,P013,32,2025-10-01,10:35:00
S000042,P014,24,2025-10-01,07:43:00
S000043,P014,36,2025-10-01,14:48:00
S000044,P015,5,2025-10-01,10:27:00
S000045,P015,3,2025-10-01,06:46:00
S000046,P015,4,2025-10-01,10:32:00
S000047,P015,6,2025-10-01,08:32:00
S000048,P016,16,2025-10-01,16:32:00
S000049,P016,15,2025-10-01,08:23:00
S000050,P016,10,2025-10-01,14:49:00
S000051,P016,15,2025-10-01,14:58:00
S000052,P017,13,2025-10-01,07:59:00
S000053,P017,7,2025-10-01,10:15:00
S000054,P017,18,2025-10-01,06:15:00
S000055,P018,3,2025-10-01,13:52:00
S000056,P018,11,2025-10-01,07:48:00
S000057,P001,15,2025-10-02,13:35:00
S000058,P001,51,2025-10-02,08:16:00
S000059,P002,14,2025-10-02,09:59:00
S000060,P002,11,2025-10-02,17:44:00
S000061,P002,5,2025-10-02,10:25:00
S000062,P002,15,2025-10-02,16:41:00
S000063,P003,16,2025-10-02,09:14:00
S000064,P003,7,2025-10-02,06:37:00
S000065,P003,9,2025-10-02,15:14:00
S000066,P003,18,2025-10-02,06:04:00
S000067,P004,8,2025-10-02,06:55:00
S000068,P004,25,2025-10-02,11:04:00
S000069,P005,20,2025-10-02,09:34:00
S000070,P005,7,2025-10-02,15:36:00
S000071,P005,23,2025-10-02,13:15:00
S000072,P006,10,2025-10-02,07:42:00
S000073,P006,9,2025-10-02,12:26:00
S000074,P006,21,2025-10-02,13:55:00
S000075,P007,8,2025-10-02,16:06:00
S000076,P007,3,2025-10-02,17:21:00
S000077,P007,4,2025-10-02,07:15:00
S000078,P007,7,2025-10-02,09:12:00
S000079,P008,13,2025-10-02,10:29:00
S000080,P008,27,2025-10-02,09:55:00
S000081,P009,9,2025-10-02,14:06:00
S000082,P009,2,2025-10-02,14:53:00
S000083,P009,11,2025-10-02,06:05:00
S000084,P010,4,2025-10-02,13:30:00
S000085,P010,14,2025-10-02,09:55:00
S000086,P011,9,2025-10-02,06:24:00
S000087,P011,28,2025-10-02,10:59:00
S000088,P012,8,2025-10-02,17:46:00
S000089,P012,10,2025-10-02,14:42:00
S000090,P012,11,2025-10-02,17:31:00
S000091,P013,14,2025-10-02,06:37:00
S000092,P013,17,2025-10-02,06:47:00
S000093,P013,24,2025-10-02,11:03:00
S000094,P014,12,2025-10-02,14:10:00
S000095,P014,5,2025-10-02,14:05:00
S000096,P014,19,2025-10-02,08:04:00
S000097,P015,10,2025-10-02,12:07:00
S000098,P015,6,2025-10-02,15:15:00
S000099,P015,2,2025-10-02,06:39:00
S000100,P015,5,2025-10-02,07:26:00
S000101,P016,17,2025-10-02,10:13:00
S000102,P016,12,2025-10-02,11:15:00
S000103,P016,5,2025-10-02,08:42:00
S000104,P016,15,2025-10-02,16:19:00
S000105,P017,10,2025-10-02,15:36:00
S000106,P017,43,2025-10-02,07:04:00
S000107,P018,3,2025-10-02,11:56:00
S000108,P018,1,2025-10-02,09:23:00
S000109,P018,2,2025-10-02,13:53:00
S000110,P018,6,2025-10-02,14:45:00
S000111,P001,20,2025-10-03,16:52:00
S000112,P001,13,2025-10-03,16:06:00
S000113,P001,11,2025-10-03,08:16:00
S000114,P001,13,2025-10-03,07:56:00
S000115,P002,8,2025-10-03,10:38:00
S000116,P002,6,2025-10-03,11:13:00
S000117,P002,8,2025-10-03,10:32:00
S000118,P002,12,2025-10-03,13:16:00
S000119,P003,15,2025-10-03,12:53:00
S000120,P003,53,2025-10-03,10:02:00
S000121,P004,8,2025-10-03,10:10:00
S000122,P004,13,2025-10-03,17:28:00
S000123,P005,18,2025-10-03,07:04:00
S000124,P005,15,2025-10-03,17:57:00
S000125,P005,18,2025-10-03,08:34:00
S000126,P006,9,2025-10-03,08:27:00
S000127,P006,3,2025-10-03,10:23:00
S000128,P006,13,2025-10-03,06:57:00
S000129,P007,4,2025-10-03,07:22:00
S000130,P007,6,2025-10-03,12:39:00
S000131,P007,3,2025-10-03,09:55:00
S000132,P007,5,2025-10-03,08:51:00
S000133,P008,9,2025-10-03,17:59:00
S000134,P008,11,2025-10-03,12:51:00
S000135,P008,27,2025-10-03,16:55:00
S000136,P009,5,2025-10-03,17:06:00
S000137,P009,15,2025-10-03,12:55:00
S000138,P010,2,2025-10-03,13:22:00
S000139,P010,2,2025-10-03,09:14:00
S000140,P010,6,2025-10-03,06:42:00
S000141,P011,9,2025-10-03,07:49:00
S000142,P011,6,2025-10-03,16:32:00
S000143,P011,17,2025-10-03,12:43:00
S000144,P012,9,2025-10-03,06:07:00
S000145,P012,10,2025-10-03,10:11:00
S000146,P012,4,2025-10-03,10:02:00
S000147,P012,9,2025-10-03,07:38:00
S000148,P013,29,2025-10-03,12:38:00
S000149,P013,18,2025-10-03,07:24:00
S000150,P013,9,2025-10-03,09:16:00
S000151,P013,11,2025-10-03,06:45:00
S000152,P014,22,2025-10-03,14:43:00
S000153,P014,10,2025-10-03,17:47:00
S000154,P014,6,2025-10-03,11:27:00
S000155,P014,10,2025-10-03,07:42:00
S000156,P015,7,2025-10-03,07:46:00
S000157,P015,9,2025-10-03,14:19:00
S000158,P015,4,2025-10-03,11:25:00
S000159,P015,7,2025-10-03,17:18:00
S000160,P016,15,2025-10-03,12:43:00
S000161,P016,31,2025-10-03,17:57:00
S000162,P017,12,2025-10-03,14:53:00
S000163,P017,6,2025-10-03,10:13:00
S000164,P017,8,2025-10-03,15:38:00
S000165,P017,18,2025-10-03,16:20:00
S000166,P018,4,2025-10-03,14:30:00
S000167,P018,3,2025-10-03,17:10:00
S000168,P018,4,2025-10-03,16:05:00
S000169,P001,28,2025-10-04,11:05:00
S000170,P001,20,2025-10-04,09:43:00
S000171,P001,7,2025-10-04,09:09:00
S000172,P001,18,2025-10-04,06:02:00
S000173,P002,18,2025-10-04,07:29:00
S000174,P002,10,2025-10-04,16:36:00
S000175,P002,21,2025-10-04,09:45:00
S000176,P003,25,2025-10-04,08:41:00
S000177,P003,21,2025-10-04,07:49:00
S000178,P003,33,2025-10-04,12:14:00
S000179,P004,11,2025-10-04,06:35:00
S000180,P004,5,2025-10-04,07:29:00
S000181,P004,3,2025-10-04,13:42:00
S000182,P004,12,2025-10-04,14:35:00
S000183,P005,26,2025-10-04,17:57:00
S000184,P005,14,2025-10-04,14:28:00
S000185,P005,28,2025-10-04,08:47:00
S000186,P006,15,2025-10-04,09:53:00
S000187,P006,15,2025-10-04,14:31:00
S000188,P006,25,2025-10-04,16:15:00
S000189,P007,9,2025-10-04,09:17:00
S000190,P007,13,2025-10-04,11:20:00
S000191,P008,15,2025-10-04,09:24:00
S000192,P008,49,2025-10-04,17:09:00
S000193,P009,8,2025-10-04,11:34:00
S000194,P009,18,2025-10-04,13:26:00
S000195,P010,4,2025-10-04,15:44:00
S000196,P010,2,2025-10-04,15:24:00
S000197,P010,8,2025-10-04,13:00:00
S000198,P011,27,2025-10-04,12:34:00
S000199,P011,16,2025-10-04,14:51:00
S000200,P011,22,2025-10-04,15:57:00
S000201,P012,7,2025-10-04,13:01:00
S000202,P012,20,2025-10-04,12:21:00
S000203,P013,41,2025-10-04,13:58:00
S000204,P013,14,2025-10-04,15:34:00
S000205,P013,45,2025-10-04,06:58:00
S000206,P014,23,2025-10-04,07:41:00
S000207,P014,12,2025-10-04,13:11:00
S000208,P014,5,2025-10-04,12:20:00
S000209,P014,20,2025-10-04,09:29:00
S000210,P015,7,2025-10-04,12:16:00
S000211,P015,8,2025-10-04,13:01:00
S000212,P015,10,2025-10-04,17:34:00
S000213,P016,11,2025-10-04,07:49:00
S000214,P016,15,2025-10-04,06:48:00
S000215,P016,16,2025-10-04,06:15:00
S000216,P017,22,2025-10-04,09:08:00
S000217,P017,36,2025-10-04,13:42:00
S000218,P018,3,2025-10-04,10:49:00
S000219,P018,8,2025-10-04,11:10:00
S000220,P001,34,2025-10-05,08:19:00
S000221,P001,11,2025-10-05,06:59:00
S000222,P001,10,2025-10-05,16:58:00
S000223,P001,27,2025-10-05,12:25:00
S000224,P002,15,2025-10-05,17:53:00
S000225,P002,53,2025-10-05,16:15:00
S000226,P003,22,2025-10-05,15:51:00
S000227,P003,6,2025-10-05,15:50:00
S000228,P003,22,2025-10-05,06:22:00
S000229,P004,11,2025-10-05,14:41:00
S000230,P004,7,2025-10-05,12:52:00
S000231,P004,6,2025-10-05,12:23:00
S000232,P004,12,2025-10-05,16:57:00
S000233,P005,17,2025-10-05,08:46:00
S000234,P005,19,2025-10-05,16:17:00
S000235,P005,13,2025-10-05,14:49:00
S000236,P005,22,2025-10-05,13:29:00
S000237,P006,15,2025-10-05,11:54:00
S000238,P006,6,2025-10-05,07:17:00
S000239,P006,8,2025-10-05,09:48:00
S000240,P006,11,2025-10-05,13:36:00
S000241,P007,7,2025-10-05,13:54:00
S000242,P007,5,2025-10-05,13:13:00
S000243,P007,13,2025-10-05,11:51:00
S000244,P008,19,2025-10-05,17:56:00
S000245,P008,6,2025-10-05,06:33:00
S000246,P008,16,2025-10-05,09:05:00
S000247,P009,6,2025-10-05,09:44:00
S000248,P009,4,2025-10-05,17:31:00
S000249,P009,8,2025-10-05,13:50:00
S000250,P010,3,2025-10-05,17:15:00
S000251,P010,2,2025-10-05,15:23:00
S000252,P010,7,2025-10-05,13:35:00
S000253,P011,23,2025-10-05,14:21:00
S000254,P011,7,2025-10-05,13:17:00
S000255,P011,18,2025-10-05,10:16:00
S000256,P012,6,2025-10-05,07:47:00
S000257,P012,6,2025-10-05,17:11:00
S000258,P012,3,2025-10-05,17:30:00
S000259,P012,10,2025-10-05,10:46:00
S000260,P013,33,2025-10-05,07:53:00
S000261,P013,14,2025-10-05,09:23:00
S000262,P013,10,2025-10-05,06:45:00
S000263,P013,31,2025-10-05,14:08:00
S000264,P014,18,2025-10-05,17:08:00
S000265,P014,33,2025-10-05,16:55:00
S000266,P015,13,2025-10-05,15:18:00
S000267,P015,17,2025-10-05,13:30:00
S000268,P016,25,2025-10-05,10:55:00
S000269,P016,27,2025-10-05,13:07:00
S000270,P017,27,2025-10-05,15:40:00
S000271,P017,20,2025-10-05,08:09:00
S000272,P017,31,2025-10-05,15:19:00
S000273,P018,2,2025-10-05,12:38:00
S000274,P018,8,2025-10-05,15:50:00
S000275,P001,21,2025-10-06,13:19:00
S000276,P001,21,2025-10-06,12:19:00
S000277,P001,10,2025-10-06,06:39:00
S000278,P001,17,2025-10-06,17:06:00
S000279,P002,22,2025-10-06,10:42:00
S000280,P002,35,2025-10-06,07:10:00
S000281,P003,10,2025-10-06,06:26:00
S000282,P003,12,2025-10-06,15:30:00
S000283,P003,6,2025-10-06,09:18:00
S000284,P003,18,2025-10-06,17:18:00
S000285,P004,7,2025-10-06,09:59:00
S000286,P004,7,2025-10-06,16:37:00
S000287,P004,19,2025-10-06,16:51:00
S000288,P005,14,2025-10-06,09:41:00
S000289,P005,11,2025-10-06,10:52:00
S000290,P005,38,2025-10-06,08:04:00
S000291,P006,9,2025-10-06,15:58:00
S000292,P006,4,2025-10-06,07:29:00
S000293,P006,12,2025-10-06,17:19:00
S000294,P007,7,2025-10-06,13:28:00
S000295,P007,3,2025-10-06,06:56:00
S000296,P007,12,2025-10-06,12:47:00
S000297,P008,7,2025-10-06,09:43:00
S000298,P008,12,2025-10-06,15:37:00
S000299,P008,16,2025-10-06,06:48:00
S000300,P009,7,2025-10-06,08:30:00
S000301,P009,4,2025-10-06,13:58:00
S000302,P009,8,2025-10-06,10:11:00
S000303,P010,7,2025-10-06,13:05:00
S000304,P010,4,2025-10-06,12:21:00
S000305,P010,8,2025-10-06,11:42:00
S000306,P011,8,2025-10-06,17:31:00
S000307,P011,22,2025-10-06,10:42:00
S000308,P012,6,2025-10-06,07:20:00
S000309,P012,6,2025-10-06,07:49:00
S000310,P012,6,2025-10-06,14:52:00
S000311,P012,13,2025-10-06,06:42:00
S000312,P013,27,2025-10-06,09:33:00
S000313,P013,17,2025-10-06,13:40:00
S000314,P013,41,2025-10-06,13:48:00
S000315,P014,13,2025-10-06,10:28:00
S000316,P014,10,2025-10-06,13:07:00
S000317,P014,13,2025-10-06,06:40:00
S000318,P015,9,2025-10-06,10:35:00
S000319,P015,14,2025-10-06,06:35:00
S000320,P016,20,2025-10-06,07:29:00
S000321,P016,22,2025-10-06,07:41:00
S000322,P017,31,2025-10-06,10:32:00
S000323,P017,13,2025-10-06,12:53:00
S000324,P017,21,2025-10-06,13:30:00
S000325,P018,2,2025-10-06,09:58:00
S000326,P018,3,2025-10-06,17:56:00
S000327,P018,1,2025-10-06,07:17:00
S000328,P018,4,2025-10-06,12:21:00
S000329,P001,22,2025-10-07,06:18:00
S000330,P001,24,2025-10-07,15:37:00
S000331,P001,17,2025-10-07,13:55:00
S000332,P001,18,2025-10-07,08:28:00
S000333,P002,13,2025-10-07,14:24:00
S000334,P002,11,2025-10-07,11:55:00
S000335,P002,22,2025-10-07,09:44:00
S000336,P003,12,2025-10-07,12:02:00
S000337,P003,10,2025-10-07,13:45:00
S000338,P003,24,2025-10-07,12:24:00
S000339,P004,18,2025-10-07,13:02:00
S000340,P004,4,2025-10-07,15:21:00
S000341,P004,7,2025-10-07,13:06:00
S000342,P004,9,2025-10-07,14:58:00
S000343,P005,11,2025-10-07,16:09:00
S000344,P005,8,2025-10-07,10:21:00
S000345,P005,11,2025-10-07,12:41:00
S000346,P005,18,2025-10-07,07:54:00
S000347,P006,14,2025-10-07,12:20:00
S000348,P006,6,2025-10-07,13:55:00
S000349,P006,3,2025-10-07,15:04:00
S000350,P006,8,2025-10-07,09:40:00
S000351,P007,10,2025-10-07,17:05:00
S000352,P007,3,2025-10-07,07:48:00
S000353,P007,9,2025-10-07,16:45:00
S000354,P008,11,2025-10-07,10:57:00
S000355,P008,7,2025-10-07,11:50:00
S000356,P008,30,2025-10-07,06:18:00
S000357,P009,3,2025-10-07,14:26:00
S000358,P009,4,2025-10-07,08:10:00
S000359,P009,9,2025-10-07,08:05:00
S000360,P010,5,2025-10-07,09:31:00
S000361,P010,4,2025-10-07,08:14:00
S000362,P010,6,2025-10-07,13:40:00
S000363,P011,13,2025-10-07,13:57:00
S000364,P011,6,2025-10-07,14:10:00
S000365,P011,15,2025-10-07,07:28:00
S000366,P012,8,2025-10-07,12:44:00
S000367,P012,6,2025-10-07,10:12:00
S000368,P012,8,2025-10-07,13:06:00
S000369,P012,9,2025-10-07,09:24:00
S000370,P013,21,2025-10-07,17:18:00
S000371,P013,10,2025-10-07,16:25:00
S000372,P013,11,2025-10-07,15:55:00
S000373,P013,31,2025-10-07,16:49:00
S000374,P014,26,2025-10-07,17:31:00
S000375,P014,31,2025-10-07,10:49:00
S000376,P015,11,2025-10-07,09:40:00
S000377,P015,3,2025-10-07,10:43:00
S000378,P015,4,2025-10-07,16:43:00
S000379,P015,7,2025-10-07,08:40:00
S000380,P016,13,2025-10-07,10:50:00
S000381,P016,6,2025-10-07,15:23:00
S000382,P016,6,2025-10-07,07:58:00
S000383,P016,9,2025-10-07,10:20:00
S000384,P017,16,2025-10-07,14:56:00
S000385,P017,47,2025-10-07,11:33:00
S000386,P018,5,2025-10-07,10:58:00
S000387,P018,3,2025-10-07,13:51:00
S000388,P018,4,2025-10-07,10:47:00
S000389,P001,26,2025-10-08,07:09:00
S000390,P001,53,2025-10-08,09:55:00
S000391,P002,24,2025-10-08,14:23:00
S000392,P002,5,2025-10-08,12:00:00
S000393,P002,5,2025-10-08,07:29:00
S000394,P002,15,2025-10-08,11:43:00
S000395,P003,23,2025-10-08,16:23:00
S000396,P003,9,2025-10-08,09:30:00
S000397,P003,31,2025-10-08,06:39:00
S000398,P004,10,2025-10-08,15:14:00
S000399,P004,10,2025-10-08,16:52:00
S000400,P004,5,2025-10-08,17:19:00
S000401,P004,11,2025-10-08,16:26:00
S000402,P005,18,2025-10-08,10:31:00
S000403,P005,20,2025-10-08,07:06:00
S000404,P006,6,2025-10-08,13:23:00
S000405,P006,9,2025-10-08,17:44:00
S000406,P006,6,2025-10-08,12:37:00
S000407,P006,8,2025-10-08,17:46:00
S000408,P007,5,2025-10-08,13:39:00
S000409,P007,3,2025-10-08,10:02:00
S000410,P007,7,2025-10-08,17:23:00
S000411,P008,16,2025-10-08,11:06:00
S000412,P008,8,2025-10-08,11:34:00
S000413,P008,9,2025-10-08,16:22:00
S000414,P009,3,2025-10-08,07:54:00
S000415,P009,4,2025-10-08,07:42:00
S000416,P009,6,2025-10-08,09:41:00
S000417,P010,3,2025-10-08,11:15:00
S000418,P010,13,2025-10-08,08:50:00
S000419,P011,18,2025-10-08,14:13:00
S000420,P011,23,2025-10-08,15:13:00
S000421,P012,8,2025-10-08,08:50:00
S000422,P012,21,2025-10-08,15:00:00
S000423,P013,29,2025-10-08,14:16:00
S000424,P013,31,2025-10-08,08:07:00
S000425,P014,12,2025-10-08,11:50:00
S000426,P014,42,2025-10-08,09:37:00
S000427,P015,5,2025-10-08,08:47:00
S000428,P015,14,2025-10-08,12:33:00
S000429,P016,11,2025-10-08,11:32:00
S000430,P016,23,2025-10-08,15:06:00
S000431,P017,25,2025-10-08,06:46:00
S000432,P017,28,2025-10-08,16:33:00
S000433,P018,4,2025-10-08,06:30:00
S000434,P018,2,2025-10-08,12:43:00
S000435,P018,1,2025-10-08,17:58:00
S000436,P018,3,2025-10-08,13:04:00
S000437,P001,30,2025-10-09,07:08:00
S000438,P001,14,2025-10-09,16:37:00
S000439,P001,36,2025-10-09,14:45:00
S000440,P002,14,2025-10-09,13:32:00
S000441,P002,9,2025-10-09,07:50:00
S000442,P002,6,2025-10-09,16:41:00
S000443,P002,11,2025-10-09,14:46:00
S000444,P003,22,2025-10-09,09:26:00
S000445,P003,13,2025-10-09,13:25:00
S000446,P003,32,2025-10-09,12:46:00
S000447,P004,6,2025-10-09,10:23:00
S000448,P004,7,2025-10-09,16:59:00
S000449,P004,9,2025-10-09,13:04:00
S000450,P005,8,2025-10-09,07:47:00
S000451,P005,29,2025-10-09,17:23:00
S000452,P006,8,2025-10-09,14:35:00
S000453,P006,9,2025-10-09,07:26:00
S000454,P006,7,2025-10-09,16:48:00
S000455,P006,17,2025-10-09,12:55:00
S000456,P007,11,2025-10-09,15:19:00
S000457,P007,13,2025-10-09,11:06:00
S000458,P008,10,2025-10-09,13:14:00
S000459,P008,31,2025-10-09,07:22:00
S000460,P009,4,2025-10-09,10:36:00
S000461,P009,4,2025-10-09,12:54:00
S000462,P009,13,2025-10-09,14:49:00
S000463,P010,6,2025-10-09,14:01:00
S000464,P010,4,2025-10-09,16:53:00
S000465,P010,2,2025-10-09,06:11:00
S000466,P010,5,2025-10-09,10:44:00
S000467,P011,14,2025-10-09,08:55:00
S000468,P011,7,2025-10-09,16:25:00
S000469,P011,25,2025-10-09,07:09:00
S000470,P012,6,2025-10-09,14:13:00
S000471,P012,22,2025-10-09,12:26:00
S000472,P013,21,2025-10-09,17:20:00
S000473,P013,47,2025-10-09,15:38:00
S000474,P014,9,2025-10-09,15:03:00
S000475,P014,28,2025-10-09,16:05:00
S000476,P015,5,2025-10-09,15:28:00
S000477,P015,4,2025-10-09,09:48:00
S000478,P015,3,2025-10-09,11:27:00
S000479,P015,6,2025-10-09,07:18:00
S000480,P016,16,2025-10-09,16:19:00
S000481,P016,7,2025-10-09,12:38:00
S000482,P016,5,2025-10-09,09:19:00
S000483,P016,21,2025-10-09,09:49:00
S000484,P017,12,2025-10-09,07:00:00
S000485,P017,10,2025-10-09,12:11:00
S000486,P017,21,2025-10-09,08:24:00
S000487,P018,4,2025-10-09,16:51:00
S000488,P018,8,2025-10-09,11:04:00
S000489,P001,12,2025-10-10,06:29:00
S000490,P001,22,2025-10-10,11:36:00
S000491,P001,8,2025-10-10,12:45:00
S000492,P001,18,2025-10-10,16:26:00
S000493,P002,8,2025-10-10,11:10:00
S000494,P002,13,2025-10-10,15:29:00
S000495,P002,18,2025-10-10,17:58:00
S000496,P003,22,2025-10-10,09:27:00
S000497,P003,10,2025-10-10,14:05:00
S000498,P003,18,2025-10-10,12:55:00
S000499,P004,6,2025-10-10,08:04:00
S000500,P004,7,2025-10-10,07:33:00
S000501,P004,13,2025-10-10,14:12:00
S000502,P005,18,2025-10-10,16:52:00
S000503,P005,10,2025-10-10,07:09:00
S000504,P005,34,2025-10-10,10:12:00
S000505,P006,11,2025-10-10,16:04:00
S000506,P006,17,2025-10-10,08:49:00
S000507,P007,8,2025-10-10,15:28:00
S000508,P007,5,2025-10-10,15:41:00
S000509,P007,8,2025-10-10,16:39:00
S000510,P008,10,2025-10-10,13:04:00
S000511,P008,8,2025-10-10,16:19:00
S000512,P008,7,2025-10-10,15:03:00
S000513,P008,10,2025-10-10,11:32:00
S000514,P009,4,2025-10-10,06:23:00
S000515,P009,4,2025-10-10,07:41:00
S000516,P009,5,2025-10-10,07:39:00
S000517,P010,5,2025-10-10,14:50:00
S000518,P010,4,2025-10-10,06:28:00
S000519,P010,6,2025-10-10,15:41:00
S000520,P011,10,2025-10-10,08:03:00
S000521,P011,7,2025-10-10,11:45:00
S000522,P011,3,2025-10-10,16:11:00
S000523,P011,12,2025-10-10,06:15:00
S000524,P012,10,2025-10-10,15:10:00
S000525,P012,5,2025-10-10,10:24:00
S000526,P012,13,2025-10-10,12:49:00
S000527,P013,13,2025-10-10,16:41:00
S000528,P013,15,2025-10-10,11:06:00
S000529,P013,12,2025-10-10,12:18:00
S000530,P013,23,2025-10-10,10:46:00
S000531,P014,27,2025-10-10,11:05:00
S000532,P014,12,2025-10-10,08:58:00
S000533,P014,6,2025-10-10,16:44:00
S000534,P014,15,2025-10-10,16:25:00
S000535,P015,8,2025-10-10,10:35:00
S000536,P015,2,2025-10-10,11:52:00
S000537,P015,1,2025-10-10,17:53:00
S000538,P015,6,2025-10-10,17:43:00
S000539,P016,22,2025-10-10,12:32:00
S000540,P016,34,2025-10-10,11:01:00
S000541,P017,24,2025-10-10,11:49:00
S000542,P017,26,2025-10-10,13:12:00
S000543,P018,2,2025-10-10,10:54:00
S000544,P018,8,2025-10-10,07:32:00
S000545,P001,45,2025-10-11,06:42:00
S000546,P001,15,2025-10-11,15:08:00
S000547,P001,14,2025-10-11,08:10:00
S000548,P001,24,2025-10-11,08:53:00
S000549,P002,28,2025-10-11,08:46:00
S000550,P002,12,2025-10-11,12:23:00
S000551,P002,10,2025-10-11,09:28:00
S000552,P002,15,2025-10-11,15:18:00
S000553,P003,22,2025-10-11,09:19:00
S000554,P003,29,2025-10-11,13:57:00
S000555,P003,31,2025-10-11,09:23:00
S000556,P004,21,2025-10-11,13:49:00
S000557,P004,6,2025-10-11,12:32:00
S000558,P004,5,2025-10-11,08:52:00
S000559,P004,11,2025-10-11,09:51:00
S000560,P005,14,2025-10-11,13:55:00
S000561,P005,17,2025-10-11,07:45:00
S000562,P005,38,2025-10-11,14:54:00
S000563,P006,15,2025-10-11,10:28:00
S000564,P006,20,2025-10-11,14:09:00
S000565,P007,15,2025-10-11,09:52:00
S000566,P007,16,2025-10-11,13:56:00
S000567,P008,15,2025-10-11,12:32:00
S000568,P008,32,2025-10-11,11:15:00
S000569,P009,6,2025-10-11,06:20:00
S000570,P009,15,2025-10-11,07:53:00
S000571,P010,9,2025-10-11,08:02:00
S000572,P010,3,2025-10-11,13:44:00
S000573,P010,10,2025-10-11,08:48:00
S000574,P011,22,2025-10-11,07:01:00
S000575,P011,9,2025-10-11,08:35:00
S000576,P011,27,2025-10-11,17:38:00
S000577,P012,14,2025-10-11,09:19:00
S000578,P012,19,2025-10-11,07:03:00
S000579,P013,33,2025-10-11,13:04:00
S000580,P013,10,2025-10-11,13:38:00
S000581,P013,11,2025-10-11,16:32:00
S000582,P013,22,2025-10-11,15:15:00
S000583,P014,24,2025-10-11,15:22:00
S000584,P014,13,2025-10-11,12:11:00
S000585,P014,36,2025-10-11,16:42:00
S000586,P015,4,2025-10-11,14:34:00
S000587,P015,5,2025-10-11,14:35:00
S000588,P015,12,2025-10-11,06:24:00
S000589,P016,27,2025-10-11,11:16:00
S000590,P016,44,2025-10-11,17:01:00
S000591,P017,19,2025-10-11,17:42:00
S000592,P017,46,2025-10-11,16:06:00
S000593,P018,7,2025-10-11,08:02:00
S000594,P018,3,2025-10-11,11:52:00
S000595,P018,3,2025-10-11,16:29:00
S000596,P018,5,2025-10-11,17:30:00
S000597,P001,18,2025-10-12,13:02:00
S000598,P001,66,2025-10-12,10:12:00
S000599,P002,18,2025-10-12,11:59:00
S000600,P002,21,2025-10-12,10:32:00
S000601,P003,20,2025-10-12,06:48:00
S000602,P003,16,2025-10-12,10:22:00
S000603,P003,11,2025-10-12,06:55:00
S000604,P003,14,2025-10-12,16:21:00
S000605,P004,10,2025-10-12,12:47:00
S000606,P004,6,2025-10-12,12:21:00
S000607,P004,15,2025-10-12,08:31:00
S000608,P005,31,2025-10-12,14:17:00
S000609,P005,15,2025-10-12,17:27:00
S000610,P005,20,2025-10-12,07:27:00
S000611,P006,16,2025-10-12,11:06:00
S000612,P006,28,2025-10-12,07:20:00
S000613,P007,8,2025-10-12,17:27:00
S000614,P007,4,2025-10-12,13:22:00
S000615,P007,14,2025-10-12,13:02:00
S000616,P008,20,2025-10-12,12:17:00
S000617,P008,13,2025-10-12,06:04:00
S000618,P008,21,2025-10-12,16:40:00
S000619,P009,8,2025-10-12,16:10:00
S000620,P009,5,2025-10-12,08:54:00
S000621,P009,2,2025-10-12,13:02:00
S000622,P009,5,2025-10-12,08:04:00
S000623,P010,4,2025-10-12,12:36:00
S000624,P010,2,2025-10-12,08:43:00
S000625,P010,3,2025-10-12,11:23:00
S000626,P010,6,2025-10-12,13:48:00
S000627,P011,12,2025-10-12,12:20:00
S000628,P011,23,2025-10-12,16:17:00
S000629,P012,5,2025-10-12,08:31:00
S000630,P012,20,2025-10-12,14:24:00
S000631,P013,28,2025-10-12,10:45:00
S000632,P013,76,2025-10-12,13:13:00
S000633,P014,31,2025-10-12,13:12:00
S000634,P014,10,2025-10-12,07:28:00
S000635,P014,36,2025-10-12,08:57:00
S000636,P015,12,2025-10-12,11:42:00
S000637,P015,17,2025-10-12,11:45:00
S000638,P016,11,2025-10-12,10:54:00
S000639,P016,6,2025-10-12,17:59:00
S000640,P016,9,2025-10-12,08:50:00
S000641,P016,13,2025-10-12,11:32:00
S000642,P017,24,2025-10-12,09:50:00
S000643,P017,31,2025-10-12,13:01:00
S000644,P018,4,2025-10-12,14:08:00
S000645,P018,3,2025-10-12,07:04:00
S000646,P018,1,2025-10-12,17:46:00
S000647,P018,5,2025-10-12,13:33:00
S000648,P001,27,2025-10-13,07:08:00
S000649,P001,16,2025-10-13,16:04:00
S000650,P001,18,2025-10-13,13:29:00
S000651,P002,11,2025-10-13,14:40:00
S000652,P002,14,2025-10-13,08:27:00
S000653,P002,24,2025-10-13,14:58:00
S000654,P003,23,2025-10-13,10:10:00
S000655,P003,44,2025-10-13,08:20:00
S000656,P004,11,2025-10-13,14:57:00
S000657,P004,26,2025-10-13,10:54:00
S000658,P005,14,2025-10-13,14:17:00
S000659,P005,23,2025-10-13,08:40:00
S000660,P006,6,2025-10-13,16:10:00
S000661,P006,9,2025-10-13,15:09:00
S000662,P006,3,2025-10-13,15:46:00
S000663,P006,12,2025-10-13,15:21:00
S000664,P007,5,2025-10-13,06:05:00
S000665,P007,4,2025-10-13,16:49:00
S000666,P007,5,2025-10-13,16:13:00
S000667,P007,10,2025-10-13,15:26:00
S000668,P008,14,2025-10-13,16:34:00
S000669,P008,28,2025-10-13,10:41:00
S000670,P009,6,2025-10-13,16:25:00
S000671,P009,4,2025-10-13,07:44:00
S000672,P009,12,2025-10-13,06:10:00
S000673,P010,4,2025-10-13,11:38:00
S000674,P010,2,2025-10-13,17:20:00
S000675,P010,8,2025-10-13,17:55:00
S000676,P011,8,2025-10-13,11:32:00
S000677,P011,10,2025-10-13,11:15:00
S000678,P011,18,2025-10-13,13:07:00
S000679,P012,5,2025-10-13,06:18:00
S000680,P012,16,2025-10-13,12:55:00
S000681,P013,36,2025-10-13,08:52:00
S000682,P013,38,2025-10-13,11:59:00
S000683,P014,13,2025-10-13,08:31:00
S000684,P014,19,2025-10-13,13:31:00
S000685,P014,20,2025-10-13,10:31:00
S000686,P015,5,2025-10-13,09:13:00
S000687,P015,3,2025-10-13,06:03:00
S000688,P015,7,2025-10-13,10:31:00
S000689,P016,18,2025-10-13,10:34:00
S000690,P016,5,2025-10-13,07:27:00
S000691,P016,5,2025-10-13,10:46:00
S000692,P016,19,2025-10-13,11:48:00
S000693,P017,16,2025-10-13,15:35:00
S000694,P017,35,2025-10-13,09:23:00
S000695,P018,3,2025-10-13,13:48:00
S000696,P018,9,2025-10-13,14:17:00
S000697,P001,31,2025-10-14,07:08:00
S000698,P001,22,2025-10-14,12:23:00
S000699,P001,10,2025-10-14,11:35:00
S000700,P001,14,2025-10-14,11:48:00
S000701,P002,12,2025-10-14,14:02:00
S000702,P002,4,2025-10-14,08:45:00
S000703,P002,5,2025-10-14,13:33:00
S000704,P002,14,2025-10-14,13:09:00
S000705,P003,14,2025-10-14,15:20:00
S000706,P003,10,2025-10-14,15:47:00
S000707,P003,15,2025-10-14,15:21:00
S000708,P003,19,2025-10-14,14:53:00
S000709,P004,12,2025-10-14,10:30:00
S000710,P004,8,2025-10-14,11:21:00
S000711,P004,10,2025-10-14,16:07:00
S000712,P005,18,2025-10-14,17:55:00
S000713,P005,18,2025-10-14,06:38:00
S000714,P005,9,2025-10-14,16:50:00
S000715,P005,19,2025-10-14,15:36:00
S000716,P006,10,2025-10-14,08:33:00
S000717,P006,19,2025-10-14,16:46:00
S000718,P007,5,2025-10-14,16:15:00
S000719,P007,3,2025-10-14,17:07:00
S000720,P007,13,2025-10-14,09:01:00
S000721,P008,9,2025-10-14,17:13:00
S000722,P008,9,2025-10-14,15:58:00
S000723,P008,20,2025-10-14,13:55:00
S000724,P009,4,2025-10-14,08:33:00
S000725,P009,4,2025-10-14,11:42:00
S000726,P009,4,2025-10-14,12:20:00
S000727,P009,9,2025-10-14,08:29:00
S000728,P010,6,2025-10-14,16:49:00
S000729,P010,5,2025-10-14,16:41:00
S000730,P010,7,2025-10-14,17:16:00
S000731,P011,20,2025-10-14,10:35:00
S000732,P011,22,2025-10-14,10:14:00
S000733,P012,13,2025-10-14,17:13:00
S000734,P012,7,2025-10-14,13:20:00
S000735,P012,11,2025-10-14,13:22:00
S000736,P013,20,2025-10-14,07:36:00
S000737,P013,20,2025-10-14,12:57:00
S000738,P013,15,2025-10-14,11:49:00
S000739,P013,17,2025-10-14,08:18:00
S000740,P014,8,2025-10-14,13:41:00
S000741,P014,7,2025-10-14,13:13:00
S000742,P014,5,2025-10-14,14:17:00
S000743,P014,16,2025-10-14,14:44:00
S000744,P015,6,2025-10-14,15:15:00
S000745,P015,12,2025-10-14,09:03:00
S000746,P016,13,2025-10-14,09:03:00
S000747,P016,8,2025-10-14,11:45:00
S000748,P016,9,2025-10-14,16:49:00
S000749,P016,19,2025-10-14,08:00:00
S000750,P017,22,2025-10-14,13:30:00
S000751,P017,48,2025-10-14,16:12:00
S000752,P018,3,2025-10-14,16:03:00
S000753,P018,4,2025-10-14,07:41:00
S000754,P018,6,2025-10-14,15:14:00
S000755,P001,30,2025-10-15,06:58:00
S000756,P001,17,2025-10-15,12:56:00
S000757,P001,8,2025-10-15,06:53:00
S000758,P001,11,2025-10-15,12:50:00
S000759,P002,21,2025-10-15,10:56:00
S000760,P002,4,2025-10-15,10:36:00
S000761,P002,7,2025-10-15,11:18:00
S000762,P002,12,2025-10-15,13:41:00
S000763,P003,26,2025-10-15,08:54:00
S000764,P003,10,2025-10-15,10:12:00
S000765,P003,20,2025-10-15,07:21:00
S000766,P004,9,2025-10-15,17:11:00
S000767,P004,2,2025-10-15,11:50:00
S000768,P004,12,2025-10-15,10:36:00
S000769,P005,13,2025-10-15,16:57:00
S000770,P005,42,2025-10-15,12:52:00
S000771,P006,7,2025-10-15,16:06:00
S000772,P006,6,2025-10-15,08:30:00
S000773,P006,20,2025-10-15,11:59:00
S000774,P007,5,2025-10-15,13:48:00
S000775,P007,3,2025-10-15,11:19:00
S000776,P007,8,2025-10-15,15:46:00
S000777,P008,16,2025-10-15,17:15:00
S000778,P008,5,2025-10-15,07:29:00
S000779,P008,20,2025-10-15,10:10:00
S000780,P009,7,2025-10-15,17:49:00
S000781,P009,2,2025-10-15,07:40:00
S000782,P009,3,2025-10-15,10:23:00
S000783,P009,4,2025-10-15,15:14:00
S000784,P010,4,2025-10-15,13:47:00
S000785,P010,8,2025-10-15,15:23:00
S000786,P011,17,2025-10-15,14:51:00
S000787,P011,7,2025-10-15,09:48:00
S000788,P011,3,2025-10-15,15:55:00
S000789,P011,10,2025-10-15,07:33:00
S000790,P012,7,2025-10-15,15:07:00
S000791,P012,3,2025-10-15,14:57:00
S000792,P012,4,2025-10-15,15:34:00
S000793,P012,10,2025-10-15,08:10:00
S000794,P013,20,2025-10-15,16:13:00
S000795,P013,17,2025-10-15,13:05:00
S000796,P013,11,2025-10-15,13:51:00
S000797,P013,14,2025-10-15,06:29:00
S000798,P014,12,2025-10-15,06:35:00
S000799,P014,8,2025-10-15,10:46:00
S000800,P014,18,2025-10-15,06:25:00
S000801,P015,7,2025-10-15,15:04:00
S000802,P015,11,2025-10-15,06:27:00
S000803,P016,14,2025-10-15,06:59:00
S000804,P016,26,2025-10-15,07:59:00
S000805,P017,17,2025-10-15,08:49:00
S000806,P017,14,2025-10-15,17:41:00
S000807,P017,23,2025-10-15,12:23:00
S000808,P018,5,2025-10-15,12:24:00
S000809,P018,2,2025-10-15,16:55:00
S000810,P018,8,2025-10-15,14:08:00
S000811,P001,16,2025-10-16,14:25:00
S000812,P001,19,2025-10-16,17:14:00
S000813,P001,35,2025-10-16,06:48:00
S000814,P002,10,2025-10-16,17:34:00
S000815,P002,7,2025-10-16,12:52:00
S000816,P002,15,2025-10-16,09:15:00
S000817,P003,14,2025-10-16,17:48:00
S000818,P003,39,2025-10-16,07:02:00
S000819,P004,13,2025-10-16,06:15:00
S000820,P004,5,2025-10-16,07:38:00
S000821,P004,17,2025-10-16,06:28:00
S000822,P005,24,2025-10-16,09:47:00
S000823,P005,5,2025-10-16,13:14:00
S000824,P005,8,2025-10-16,06:08:00
S000825,P005,15,2025-10-16,14:18:00
S000826,P006,10,2025-10-16,15:38:00
S000827,P006,8,2025-10-16,11:15:00
S000828,P006,3,2025-10-16,08:42:00
S000829,P006,8,2025-10-16,14:14:00
S000830,P007,3,2025-10-16,15:56:00
S000831,P007,6,2025-10-16,08:40:00
S000832,P007,9,2025-10-16,16:27:00
S000833,P008,20,2025-10-16,16:42:00
S000834,P008,21,2025-10-16,12:50:00
S000835,P009,5,2025-10-16,08:19:00
S000836,P009,4,2025-10-16,14:30:00
S000837,P009,2,2025-10-16,09:19:00
S000838,P009,7,2025-10-16,17:09:00
S000839,P010,6,2025-10-16,12:35:00
S000840,P010,11,2025-10-16,14:08:00
S000841,P011,9,2025-10-16,16:05:00
S000842,P011,13,2025-10-16,11:05:00
S000843,P011,15,2025-10-16,14:46:00
S000844,P012,8,2025-10-16,16:38:00
S000845,P012,21,2025-10-16,15:02:00
S000846,P013,37,2025-10-16,15:46:00
S000847,P013,48,2025-10-16,16:35:00
S000848,P014,18,2025-10-16,11:19:00
S000849,P014,23,2025-10-16,06:13:00
S000850,P015,6,2025-10-16,13:58:00
S000851,P015,5,2025-10-16,15:45:00
S000852,P015,4,2025-10-16,09:35:00
S000853,P015,12,2025-10-16,11:49:00
S000854,P016,14,2025-10-16,11:19:00
S000855,P016,6,2025-10-16,14:56:00
S000856,P016,19,2025-10-16,13:29:00
S000857,P017,13,2025-10-16,11:58:00
S000858,P017,7,2025-10-16,11:26:00
S000859,P017,4,2025-10-16,09:47:00
S000860,P017,17,2025-10-16,08:01:00
S000861,P018,3,2025-10-16,12:18:00
S000862,P018,1,2025-10-16,11:14:00
S000863,P018,1,2025-10-16,09:31:00
S000864,P018,5,2025-10-16,14:41:00
S000865,P001,22,2025-10-17,13:46:00
S000866,P001,23,2025-10-17,13:29:00
S000867,P001,37,2025-10-17,08:46:00
S000868,P002,12,2025-10-17,14:31:00
S000869,P002,40,2025-10-17,08:58:00
S000870,P003,32,2025-10-17,14:02:00
S000871,P003,15,2025-10-17,07:52:00
S000872,P003,8,2025-10-17,06:26:00
S000873,P003,12,2025-10-17,08:53:00
S000874,P004,13,2025-10-17,06:13:00
S000875,P004,19,2025-10-17,14:29:00
S000876,P005,18,2025-10-17,15:58:00
S000877,P005,9,2025-10-17,13:01:00
S000878,P005,3,2025-10-17,14:26:00
S000879,P005,16,2025-10-17,06:01:00
S000880,P006,12,2025-10-17,10:01:00
S000881,P006,8,2025-10-17,17:43:00
S000882,P006,15,2025-10-17,12:51:00
S000883,P007,5,2025-10-17,07:33:00
S000884,P007,20,2025-10-17,08:15:00
S000885,P008,8,2025-10-17,11:17:00
S000886,P008,10,2025-10-17,07:23:00
S000887,P008,6,2025-10-17,13:36:00
S000888,P008,8,2025-10-17,09:44:00
S000889,P009,6,2025-10-17,07:41:00
S000890,P009,4,2025-10-17,16:48:00
S000891,P009,1,2025-10-17,12:24:00
S000892,P009,4,2025-10-17,12:35:00
S000893,P010,2,2025-10-17,08:05:00
S000894,P010,4,2025-10-17,12:41:00
S000895,P010,3,2025-10-17,15:54:00
S000896,P010,5,2025-10-17,07:57:00
S000897,P011,10,2025-10-17,17:56:00
S000898,P011,30,2025-10-17,15:30:00
S000899,P012,8,2025-10-17,10:57:00
S000900,P012,13,2025-10-17,14:36:00
S000901,P013,36,2025-10-17,11:01:00
S000902,P013,40,2025-10-17,09:37:00
S000903,P014,17,2025-10-17,07:19:00
S000904,P014,5,2025-10-17,09:36:00
S000905,P014,7,2025-10-17,12:43:00
S000906,P014,10,2025-10-17,14:21:00
S000907,P015,4,2025-10-17,17:46:00
S000908,P015,3,2025-10-17,17:22:00
S000909,P015,2,2025-10-17,12:14:00
S000910,P015,11,2025-10-17,07:21:00
S000911,P016,22,2025-10-17,12:49:00
S000912,P016,7,2025-10-17,16:17:00
S000913,P016,7,2025-10-17,13:31:00
S000914,P016,11,2025-10-17,09:22:00
S000915,P017,18,2025-10-17,16:37:00
S000916,P017,15,2025-10-17,07:49:00
S000917,P017,23,2025-10-17,15:18:00
S000918,P018,3,2025-10-17,10:09:00
S000919,P018,3,2025-10-17,16:09:00
S000920,P018,3,2025-10-17,11:23:00
S000921,P018,5,2025-10-17,07:05:00
S000922,P001,19,2025-10-18,10:06:00
S000923,P001,9,2025-10-18,08:27:00
S000924,P001,31,2025-10-18,13:35:00
S000925,P002,13,2025-10-18,07:22:00
S000926,P002,17,2025-10-18,15:38:00
S000927,P002,30,2025-10-18,11:55:00
S000928,P003,21,2025-10-18,07:46:00
S000929,P003,21,2025-10-18,09:36:00
S000930,P003,24,2025-10-18,14:10:00
S000931,P004,10,2025-10-18,10:17:00
S000932,P004,33,2025-10-18,13:09:00
S000933,P005,13,2025-10-18,10:30:00
S000934,P005,14,2025-10-18,11:16:00
S000935,P005,20,2025-10-18,09:46:00
S000936,P006,18,2025-10-18,13:06:00
S000937,P006,7,2025-10-18,06:25:00
S000938,P006,6,2025-10-18,15:24:00
S000939,P006,17,2025-10-18,11:28:00
S000940,P007,11,2025-10-18,08:19:00
S000941,P007,3,2025-10-18,17:12:00
S000942,P007,3,2025-10-18,08:25:00
S000943,P007,6,2025-10-18,11:18:00
S000944,P008,20,2025-10-18,15:50:00
S000945,P008,10,2025-10-18,12:17:00
S000946,P008,12,2025-10-18,12:23:00
S000947,P008,17,2025-10-18,07:59:00
S000948,P009,11,2025-10-18,08:43:00
S000949,P009,5,2025-10-18,06:46:00
S000950,P009,2,2025-10-18,17:13:00
S000951,P009,6,2025-10-18,13:51:00
S000952,P010,3,2025-10-18,12:43:00
S000953,P010,4,2025-10-18,16:19:00
S000954,P010,2,2025-10-18,16:09:00
S000955,P010,8,2025-10-18,17:27:00
S000956,P011,20,2025-10-18,15:30:00
S000957,P011,41,2025-10-18,15:25:00
S000958,P012,10,2025-10-18,06:50:00
S000959,P012,11,2025-10-18,17:57:00
S000960,P012,5,2025-10-18,15:40:00
S000961,P012,7,2025-10-18,07:06:00
S000962,P013,41,2025-10-18,08:41:00
S000963,P013,24,2025-10-18,15:41:00
S000964,P013,16,2025-10-18,12:48:00
S000965,P013,24,2025-10-18,11:50:00
S000966,P014,14,2025-10-18,09:32:00
S000967,P014,48,2025-10-18,17:33:00
S000968,P015,10,2025-10-18,13:23:00
S000969,P015,6,2025-10-18,16:37:00
S000970,P015,5,2025-10-18,08:22:00
S000971,P015,8,2025-10-18,06:30:00
S000972,P016,20,2025-10-18,07:07:00
S000973,P016,10,2025-10-18,17:09:00
S000974,P016,14,2025-10-18,11:19:00
S000975,P017,22,2025-10-18,11:30:00
S000976,P017,42,2025-10-18,07:28:00
S000977,P018,5,2025-10-18,10:02:00
S000978,P018,5,2025-10-18,07:01:00
S000979,P018,7,2025-10-18,11:41:00
S000980,P001,28,2025-10-19,17:15:00
S000981,P001,31,2025-10-19,14:11:00
S000982,P002,20,2025-10-19,13:14:00
S000983,P002,15,2025-10-19,16:11:00
S000984,P002,20,2025-10-19,08:40:00
S000985,P003,15,2025-10-19,15:56:00
S000986,P003,14,2025-10-19,15:27:00
S000987,P003,43,2025-10-19,12:00:00
S000988,P004,11,2025-10-19,17:51:00
S000989,P004,29,2025-10-19,07:36:00
S000990,P005,11,2025-10-19,11:12:00
S000991,P005,11,2025-10-19,10:42:00
S000992,P005,10,2025-10-19,14:40:00
S000993,P005,13,2025-10-19,11:38:00
S000994,P006,14,2025-10-19,11:22:00
S000995,P006,11,2025-10-19,15:11:00
S000996,P006,14,2025-10-19,16:45:00
S000997,P007,10,2025-10-19,16:08:00
S000998,P007,5,2025-10-19,09:19:00
S000999,P007,3,2025-10-19,11:44:00
S001000,P007,10,2025-10-19,08:32:00
S001001,P008,10,2025-10-19,12:27:00
S001002,P008,8,2025-10-19,16:34:00
S001003,P008,10,2025-10-19,16:59:00
S001004,P008,16,2025-10-19,08:35:00
S001005,P009,4,2025-10-19,11:53:00
S001006,P009,4,2025-10-19,06:55:00
S001007,P009,9,2025-10-19,11:00:00
S001008,P010,7,2025-10-19,14:32:00
S001009,P010,10,2025-10-19,16:31:00
S001010,P011,14,2025-10-19,13:31:00
S001011,P011,7,2025-10-19,15:01:00
S001012,P011,24,2025-10-19,09:18:00
S001013,P012,7,2025-10-19,08:49:00
S001014,P012,14,2025-10-19,13:36:00
S001015,P013,35,2025-10-19,07:36:00
S001016,P013,14,2025-10-19,14:52:00
S001017,P013,47,2025-10-19,11:34:00
S001018,P014,30,2025-10-19,13:34:00
S001019,P014,41,2025-10-19,09:27:00
S001020,P015,8,2025-10-19,10:55:00
S001021,P015,5,2025-10-19,13:16:00
S001022,P015,2,2025-10-19,07:28:00
S001023,P015,5,2025-10-19,07:49:00
S001024,P016,28,2025-10-19,15:44:00
S001025,P016,36,2025-10-19,11:55:00
S001026,P017,24,2025-10-19,15:08:00
S001027,P017,21,2025-10-19,09:51:00
S001028,P017,6,2025-10-19,11:34:00
S001029,P017,23,2025-10-19,10:38:00
S001030,P018,6,2025-10-19,10:18:00
S001031,P018,2,2025-10-19,14:57:00
S001032,P018,6,2025-10-19,16:52:00
S001033,P001,23,2025-10-20,10:55:00
S001034,P001,10,2025-10-20,17:55:00
S001035,P001,16,2025-10-20,08:15:00
S001036,P002,15,2025-10-20,16:25:00
S001037,P002,6,2025-10-20,15:40:00
S001038,P002,14,2025-10-20,10:40:00
S001039,P003,11,2025-10-20,07:25:00
S001040,P003,14,2025-10-20,10:44:00
S001041,P003,27,2025-10-20,11:29:00
S001042,P004,14,2025-10-20,17:05:00
S001043,P004,10,2025-10-20,13:40:00
S001044,P004,14,2025-10-20,16:44:00
S001045,P005,19,2025-10-20,12:13:00
S001046,P005,26,2025-10-20,12:52:00
S001047,P006,8,2025-10-20,10:21:00
S001048,P006,7,2025-10-20,08:36:00
S001049,P006,13,2025-10-20,13:50:00
S001050,P007,7,2025-10-20,06:06:00
S001051,P007,4,2025-10-20,13:01:00
S001052,P007,1,2025-10-20,08:28:00
S001053,P007,6,2025-10-20,13:00:00
S001054,P008,13,2025-10-20,17:58:00
S001055,P008,9,2025-10-20,16:19:00
S001056,P008,29,2025-10-20,08:55:00
S001057,P009,5,2025-10-20,11:16:00
S001058,P009,3,2025-10-20,16:57:00
S001059,P009,14,2025-10-20,16:10:00
S001060,P010,2,2025-10-20,17:48:00
S001061,P010,2,2025-10-20,16:05:00
S001062,P010,2,2025-10-20,06:13:00
S001063,P010,4,2025-10-20,13:04:00
S001064,P011,11,2025-10-20,13:00:00
S001065,P011,20,2025-10-20,06:44:00
S001066,P012,10,2025-10-20,12:44:00
S001067,P012,12,2025-10-20,08:30:00
S001068,P013,11,2025-10-20,07:06:00
S001069,P013,11,2025-10-20,10:08:00
S001070,P013,29,2025-10-20,12:49:00
S001071,P014,23,2025-10-20,16:09:00
S001072,P014,36,2025-10-20,07:33:00
S001073,P015,8,2025-10-20,13:22:00
S001074,P015,5,2025-10-20,16:47:00
S001075,P015,2,2025-10-20,12:39:00
S001076,P015,7,2025-10-20,16:28:00
S001077,P016,25,2025-10-20,08:48:00
S001078,P016,29,2025-10-20,07:37:00
S001079,P017,30,2025-10-20,11:50:00
S001080,P017,7,2025-10-20,10:41:00
S001081,P017,25,2025-10-20,07:15:00
S001082,P018,4,2025-10-20,10:49:00
S001083,P018,3,2025-10-20,06:54:00
S001084,P018,2,2025-10-20,10:13:00
S001085,P018,3,2025-10-20,14:38:00
S001086,P001,20,2025-10-21,16:03:00
S001087,P001,19,2025-10-21,09:31:00
S001088,P001,8,2025-10-21,09:31:00
S001089,P001,18,2025-10-21,16:38:00
S001090,P002,16,2025-10-21,11:08:00
S001091,P002,17,2025-10-21,12:55:00
S001092,P003,20,2025-10-21,16:11:00
S001093,P003,19,2025-10-21,07:01:00
S001094,P003,27,2025-10-21,15:04:00
S001095,P004,4,2025-10-21,06:50:00
S001096,P004,17,2025-10-21,12:32:00
S001097,P005,15,2025-10-21,12:27:00
S001098,P005,11,2025-10-21,07:40:00
S001099,P005,6,2025-10-21,15:09:00
S001100,P005,11,2025-10-21,10:05:00
S001101,P006,14,2025-10-21,08:34:00
S001102,P006,5,2025-10-21,15:40:00
S001103,P006,5,2025-10-21,16:43:00
S001104,P006,7,2025-10-21,16:04:00
S001105,P007,7,2025-10-21,09:03:00
S001106,P007,2,2025-10-21,12:07:00
S001107,P007,8,2025-10-21,13:39:00
S001108,P008,16,2025-10-21,16:47:00
S001109,P008,6,2025-10-21,06:45:00
S001110,P008,20,2025-10-21,08:44:00
S001111,P009,5,2025-10-21,14:33:00
S001112,P009,3,2025-10-21,17:16:00
S001113,P009,4,2025-10-21,08:23:00
S001114,P010,4,2025-10-21,07:49:00
S001115,P010,3,2025-10-21,11:51:00
S001116,P010,4,2025-10-21,12:17:00
S001117,P011,16,2025-10-21,15:40:00
S001118,P011,5,2025-10-21,13:32:00
S001119,P011,19,2025-10-21,11:03:00
S001120,P012,6,2025-10-21,08:16:00
S001121,P012,7,2025-10-21,15:43:00
S001122,P012,4,2025-10-21,09:47:00
S001123,P012,7,2025-10-21,14:00:00
S001124,P013,13,2025-10-21,13:23:00
S001125,P013,37,2025-10-21,12:58:00
S001126,P014,14,2025-10-21,17:47:00
S001127,P014,25,2025-10-21,16:26:00
S001128,P015,5,2025-10-21,17:20:00
S001129,P015,13,2025-10-21,10:52:00
S001130,P016,7,2025-10-21,16:57:00
S001131,P016,5,2025-10-21,09:51:00
S001132,P016,21,2025-10-21,14:02:00
S001133,P017,31,2025-10-21,10:49:00
S001134,P017,38,2025-10-21,10:20:00
S001135,P018,1,2025-10-21,09:18:00
S001136,P018,2,2025-10-21,10:47:00
S001137,P018,6,2025-10-21,15:15:00
S001138,P001,30,2025-10-22,09:46:00
S001139,P001,15,2025-10-22,09:09:00
S001140,P001,3,2025-10-22,12:01:00
S001141,P001,15,2025-10-22,09:34:00
S001142,P002,18,2025-10-22,11:00:00
S001143,P002,9,2025-10-22,12:54:00
S001144,P002,5,2025-10-22,10:06:00
S001145,P002,8,2025-10-22,09:33:00
S001146,P003,24,2025-10-22,06:09:00
S001147,P003,19,2025-10-22,07:02:00
S001148,P003,27,2025-10-22,09:57:00
S001149,P004,14,2025-10-22,11:29:00
S001150,P004,10,2025-10-22,07:37:00
S001151,P004,12,2025-10-22,07:32:00
S001152,P005,8,2025-10-22,15:03:00
S001153,P005,10,2025-10-22,08:15:00
S001154,P005,21,2025-10-22,10:16:00
S001155,P006,17,2025-10-22,17:20:00
S001156,P006,7,2025-10-22,10:14:00
S001157,P006,18,2025-10-22,07:12:00
S001158,P007,3,2025-10-22,07:10:00
S001159,P007,4,2025-10-22,11:26:00
S001160,P007,1,2025-10-22,11:49:00
S001161,P007,7,2025-10-22,09:28:00
S001162,P008,15,2025-10-22,07:10:00
S001163,P008,8,2025-10-22,10:52:00
S001164,P008,12,2025-10-22,17:44:00
S001165,P009,8,2025-10-22,11:09:00
S001166,P009,11,2025-10-22,07:45:00
S001167,P010,3,2025-10-22,06:43:00
S001168,P010,2,2025-10-22,08:01:00
S001169,P010,7,2025-10-22,12:54:00
S001170,P011,13,2025-10-22,07:29:00
S001171,P011,5,2025-10-22,08:07:00
S001172,P011,4,2025-10-22,09:08:00
S001173,P011,16,2025-10-22,09:52:00
S001174,P012,8,2025-10-22,16:05:00
S001175,P012,5,2025-10-22,10:58:00
S001176,P012,4,2025-10-22,06:04:00
S001177,P012,6,2025-10-22,09:57:00
S001178,P013,17,2025-10-22,11:07:00
S001179,P013,59,2025-10-22,06:29:00
S001180,P014,11,2025-10-22,17:25:00
S001181,P014,8,2025-10-22,12:43:00
S001182,P014,5,2025-10-22,11:13:00
S001183,P014,12,2025-10-22,08:17:00
S001184,P015,3,2025-10-22,15:39:00
S001185,P015,16,2025-10-22,09:41:00
S001186,P016,18,2025-10-22,13:03:00
S001187,P016,4,2025-10-22,12:08:00
S001188,P016,17,2025-10-22,12:12:00
S001189,P017,16,2025-10-22,14:50:00
S001190,P017,8,2025-10-22,12:50:00
S001191,P017,14,2025-10-22,13:34:00
S001192,P017,21,2025-10-22,13:22:00
S001193,P018,4,2025-10-22,10:11:00
S001194,P018,2,2025-10-22,15:14:00
S001195,P018,1,2025-10-22,10:03:00
S001196,P018,7,2025-10-22,13:33:00
S001197,P001,29,2025-10-23,08:06:00
S001198,P001,8,2025-10-23,09:17:00
S001199,P001,7,2025-10-23,17:03:00
S001200,P001,15,2025-10-23,09:36:00
S001201,P002,16,2025-10-23,08:11:00
S001202,P002,10,2025-10-23,11:51:00
S001203,P002,28,2025-10-23,17:44:00
S001204,P003,10,2025-10-23,17:22:00
S001205,P003,19,2025-10-23,15:09:00
S001206,P003,7,2025-10-23,09:53:00
S001207,P003,14,2025-10-23,13:34:00
S001208,P004,5,2025-10-23,06:14:00
S001209,P004,7,2025-10-23,06:33:00
S001210,P004,14,2025-10-23,13:00:00
S001211,P005,11,2025-10-23,08:21:00
S001212,P005,13,2025-10-23,11:03:00
S001213,P005,4,2025-10-23,15:45:00
S001214,P005,16,2025-10-23,08:49:00
S001215,P006,11,2025-10-23,07:23:00
S001216,P006,6,2025-10-23,16:25:00
S001217,P006,3,2025-10-23,11:19:00
S001218,P006,6,2025-10-23,11:08:00
S001219,P007,12,2025-10-23,16:31:00
S001220,P007,5,2025-10-23,08:45:00
S001221,P007,3,2025-10-23,17:56:00
S001222,P007,5,2025-10-23,15:50:00
S001223,P008,13,2025-10-23,08:24:00
S001224,P008,6,2025-10-23,17:18:00
S001225,P008,4,2025-10-23,17:00:00
S001226,P008,13,2025-10-23,17:36:00
S001227,P009,3,2025-10-23,15:20:00
S001228,P009,6,2025-10-23,15:14:00
S001229,P009,2,2025-10-23,07:59:00
S001230,P009,5,2025-10-23,13:09:00
S001231,P010,3,2025-10-23,11:10:00
S001232,P010,10,2025-10-23,16:56:00
S001233,P011,20,2025-10-23,17:56:00
S001234,P011,9,2025-10-23,06:16:00
S001235,P011,5,2025-10-23,17:04:00
S001236,P011,17,2025-10-23,11:16:00
S001237,P012,5,2025-10-23,12:28:00
S001238,P012,10,2025-10-23,08:56:00
S001239,P012,4,2025-10-23,12:22:00
S001240,P012,10,2025-10-23,14:24:00
S001241,P013,23,2025-10-23,15:41:00
S001242,P013,12,2025-10-23,09:10:00
S001243,P013,18,2025-10-23,13:04:00
S001244,P014,16,2025-10-23,11:16:00
S001245,P014,42,2025-10-23,07:04:00
S001246,P015,4,2025-10-23,07:35:00
S001247,P015,7,2025-10-23,07:21:00
S001248,P015,8,2025-10-23,15:39:00
S001249,P016,11,2025-10-23,16:10:00
S001250,P016,16,2025-10-23,12:10:00
S001251,P016,6,2025-10-23,11:13:00
S001252,P016,22,2025-10-23,09:26:00
S001253,P017,29,2025-10-23,14:16:00
S001254,P017,12,2025-10-23,10:15:00
S001255,P017,4,2025-10-23,12:36:00
S001256,P017,16,2025-10-23,14:53:00
S001257,P018,3,2025-10-23,12:05:00
S001258,P018,8,2025-10-23,10:52:00
S001259,P001,24,2025-10-24,07:01:00
S001260,P001,12,2025-10-24,16:18:00
S001261,P001,17,2025-10-24,13:54:00
S001262,P001,18,2025-10-24,07:19:00
S001263,P002,18,2025-10-24,16:16:00
S001264,P002,7,2025-10-24,14:24:00
S001265,P002,27,2025-10-24,08:23:00
S001266,P003,17,2025-10-24,06:16:00
S001267,P003,16,2025-10-24,10:14:00
S001268,P003,34,2025-10-24,10:36:00
S001269,P004,8,2025-10-24,07:42:00
S001270,P004,4,2025-10-24,14:26:00
S001271,P004,4,2025-10-24,15:14:00
S001272,P004,6,2025-10-24,14:03:00
S001273,P005,19,2025-10-24,14:43:00
S001274,P005,18,2025-10-24,13:36:00
S001275,P005,10,2025-10-24,13:19:00
S001276,P005,13,2025-10-24,07:25:00
S001277,P006,9,2025-10-24,15:57:00
S001278,P006,12,2025-10-24,15:43:00
S001279,P006,10,2025-10-24,08:07:00
S001280,P006,12,2025-10-24,13:11:00
S001281,P007,12,2025-10-24,09:08:00
S001282,P007,13,2025-10-24,06:27:00
S001283,P008,9,2025-10-24,16:09:00
S001284,P008,9,2025-10-24,10:20:00
S001285,P008,5,2025-10-24,07:05:00
S001286,P008,6,2025-10-24,12:35:00
S001287,P009,7,2025-10-24,14:29:00
S001288,P009,4,2025-10-24,06:50:00
S001289,P009,5,2025-10-24,17:39:00
S001290,P010,3,2025-10-24,08:09:00
S001291,P010,4,2025-10-24,15:48:00
S001292,P010,8,2025-10-24,07:59:00
S001293,P011,13,2025-10-24,14:56:00
S001294,P011,17,2025-10-24,11:56:00
S001295,P012,9,2025-10-24,15:38:00
S001296,P012,4,2025-10-24,08:17:00
S001297,P012,10,2025-10-24,12:09:00
S001298,P013,30,2025-10-24,06:25:00
S001299,P013,20,2025-10-24,11:44:00
S001300,P013,6,2025-10-24,17:30:00
S001301,P013,18,2025-10-24,10:57:00
S001302,P014,20,2025-10-24,10:19:00
S001303,P014,7,2025-10-24,13:54:00
S001304,P014,19,2025-10-24,17:43:00
S001305,P015,3,2025-10-24,17:28:00
S001306,P015,13,2025-10-24,11:17:00
S001307,P016,20,2025-10-24,09:28:00
S001308,P016,8,2025-10-24,12:47:00
S001309,P016,7,2025-10-24,14:55:00
S001310,P016,16,2025-10-24,11:52:00
S001311,P017,8,2025-10-24,17:32:00
S001312,P017,32,2025-10-24,12:08:00
S001313,P018,6,2025-10-24,06:11:00
S001314,P018,2,2025-10-24,09:53:00
S001315,P018,1,2025-10-24,06:29:00
S001316,P018,5,2025-10-24,06:58:00
S001317,P001,21,2025-10-25,13:32:00
S001318,P001,56,2025-10-25,12:40:00
S001319,P002,15,2025-10-25,11:31:00
S001320,P002,21,2025-10-25,08:55:00
S001321,P002,12,2025-10-25,14:22:00
S001322,P002,25,2025-10-25,11:10:00
S001323,P003,36,2025-10-25,17:05:00
S001324,P003,13,2025-10-25,12:03:00
S001325,P003,36,2025-10-25,08:54:00
S001326,P004,18,2025-10-25,16:14:00
S001327,P004,22,2025-10-25,16:13:00
S001328,P005,19,2025-10-25,16:00:00
S001329,P005,12,2025-10-25,08:41:00
S001330,P005,24,2025-10-25,08:38:00
S001331,P006,14,2025-10-25,10:45:00
S001332,P006,39,2025-10-25,17:41:00
S001333,P007,10,2025-10-25,13:16:00
S001334,P007,3,2025-10-25,10:43:00
S001335,P007,9,2025-10-25,14:52:00
S001336,P008,12,2025-10-25,14:42:00
S001337,P008,21,2025-10-25,11:35:00
S001338,P008,8,2025-10-25,15:18:00
S001339,P008,14,2025-10-25,10:43:00
S001340,P009,5,2025-10-25,10:40:00
S001341,P009,12,2025-10-25,11:55:00
S001342,P010,6,2025-10-25,16:19:00
S001343,P010,2,2025-10-25,14:48:00
S001344,P010,2,2025-10-25,06:51:00
S001345,P010,6,2025-10-25,15:25:00
S001346,P011,13,2025-10-25,06:41:00
S001347,P011,15,2025-10-25,10:16:00
S001348,P011,13,2025-10-25,12:24:00
S001349,P011,16,2025-10-25,17:02:00
S001350,P012,15,2025-10-25,11:46:00
S001351,P012,7,2025-10-25,16:34:00
S001352,P012,4,2025-10-25,13:58:00
S001353,P012,8,2025-10-25,16:22:00
S001354,P013,41,2025-10-25,14:11:00
S001355,P013,50,2025-10-25,10:06:00
S001356,P014,17,2025-10-25,14:48:00
S001357,P014,21,2025-10-25,16:57:00
S001358,P014,7,2025-10-25,07:14:00
S001359,P014,18,2025-10-25,11:14:00
S001360,P015,10,2025-10-25,11:23:00
S001361,P015,6,2025-10-25,10:29:00
S001362,P015,16,2025-10-25,07:30:00
S001363,P016,15,2025-10-25,15:04:00
S001364,P016,9,2025-10-25,09:32:00
S001365,P016,4,2025-10-25,16:24:00
S001366,P016,14,2025-10-25,14:19:00
S001367,P017,16,2025-10-25,09:21:00
S001368,P017,51,2025-10-25,12:36:00
S001369,P018,4,2025-10-25,17:11:00
S001370,P018,6,2025-10-25,13:21:00
S001371,P018,9,2025-10-25,16:11:00
S001372,P001,13,2025-10-26,10:13:00
S001373,P001,56,2025-10-26,08:36:00
S001374,P002,27,2025-10-26,07:08:00
S001375,P002,13,2025-10-26,16:27:00
S001376,P002,22,2025-10-26,12:27:00
S001377,P003,16,2025-10-26,14:12:00
S001378,P003,28,2025-10-26,06:57:00
S001379,P003,40,2025-10-26,11:48:00
S001380,P004,8,2025-10-26,06:40:00
S001381,P004,35,2025-10-26,17:15:00
S001382,P005,14,2025-10-26,07:24:00
S001383,P005,12,2025-10-26,10:10:00
S001384,P005,24,2025-10-26,07:52:00
S001385,P006,10,2025-10-26,14:38:00
S001386,P006,7,2025-10-26,12:56:00
S001387,P006,13,2025-10-26,16:08:00
S001388,P007,6,2025-10-26,09:10:00
S001389,P007,7,2025-10-26,12:01:00
S001390,P007,8,2025-10-26,09:14:00
S001391,P008,14,2025-10-26,06:37:00
S001392,P008,40,2025-10-26,14:10:00
S001393,P009,6,2025-10-26,06:24:00
S001394,P009,4,2025-10-26,10:49:00
S001395,P009,2,2025-10-26,06:38:00
S001396,P009,4,2025-10-26,06:42:00
S001397,P010,2,2025-10-26,07:26:00
S001398,P010,11,2025-10-26,13:24:00
S001399,P011,12,2025-10-26,08:13:00
S001400,P011,10,2025-10-26,16:00:00
S001401,P011,15,2025-10-26,10:26:00
S001402,P012,11,2025-10-26,15:38:00
S001403,P012,8,2025-10-26,12:53:00
S001404,P012,6,2025-10-26,14:46:00
S001405,P012,7,2025-10-26,15:07:00
S001406,P013,25,2025-10-26,15:12:00
S001407,P013,48,2025-10-26,10:53:00
S001408,P014,18,2025-10-26,12:18:00
S001409,P014,42,2025-10-26,08:02:00
S001410,P015,10,2025-10-26,13:21:00
S001411,P015,17,2025-10-26,09:00:00
S001412,P016,17,2025-10-26,15:42:00
S001413,P016,21,2025-10-26,13:09:00
S001414,P017,18,2025-10-26,17:06:00
S001415,P017,30,2025-10-26,16:14:00
S001416,P017,11,2025-10-26,10:16:00
S001417,P017,24,2025-10-26,13:03:00
S001418,P018,4,2025-10-26,10:23:00
S001419,P018,6,2025-10-26,16:20:00
S001420,P001,14,2025-10-27,06:00:00
S001421,P001,48,2025-10-27,08:42:00
S001422,P002,14,2025-10-27,13:39:00
S001423,P002,9,2025-10-27,17:05:00
S001424,P002,25,2025-10-27,11:52:00
S001425,P003,15,2025-10-27,13:17:00
S001426,P003,34,2025-10-27,12:44:00
S001427,P004,14,2025-10-27,08:07:00
S001428,P004,5,2025-10-27,17:03:00
S001429,P004,17,2025-10-27,08:06:00
S001430,P005,16,2025-10-27,15:43:00
S001431,P005,10,2025-10-27,15:24:00
S001432,P005,9,2025-10-27,15:01:00
S001433,P005,12,2025-10-27,16:56:00
S001434,P006,14,2025-10-27,13:07:00
S001435,P006,28,2025-10-27,12:28:00
S001436,P007,5,2025-10-27,06:45:00
S001437,P007,4,2025-10-27,14:49:00
S001438,P007,5,2025-10-27,17:36:00
S001439,P008,22,2025-10-27,16:55:00
S001440,P008,23,2025-10-27,11:33:00
S001441,P009,6,2025-10-27,12:42:00
S001442,P009,5,2025-10-27,13:22:00
S001443,P009,2,2025-10-27,16:24:00
S001444,P009,5,2025-10-27,08:53:00
S001445,P010,3,2025-10-27,16:59:00
S001446,P010,3,2025-10-27,13:54:00
S001447,P010,3,2025-10-27,08:04:00
S001448,P010,8,2025-10-27,13:20:00
S001449,P011,7,2025-10-27,09:35:00
S001450,P011,10,2025-10-27,12:52:00
S001451,P011,16,2025-10-27,09:05:00
S001452,P012,8,2025-10-27,13:28:00
S001453,P012,4,2025-10-27,13:47:00
S001454,P012,4,2025-10-27,07:25:00
S001455,P012,8,2025-10-27,12:02:00
S001456,P013,32,2025-10-27,15:39:00
S001457,P013,40,2025-10-27,16:19:00
S001458,P014,15,2025-10-27,16:29:00
S001459,P014,22,2025-10-27,11:52:00
S001460,P014,5,2025-10-27,09:54:00
S001461,P014,19,2025-10-27,13:21:00
S001462,P015,8,2025-10-27,17:42:00
S001463,P015,4,2025-10-27,13:07:00
S001464,P015,2,2025-10-27,16:14:00
S001465,P015,8,2025-10-27,06:21:00
S001466,P016,20,2025-10-27,10:35:00
S001467,P016,7,2025-10-27,17:06:00
S001468,P016,2,2025-10-27,08:31:00
S001469,P016,12,2025-10-27,08:52:00
S001470,P017,20,2025-10-27,10:39:00
S001471,P017,10,2025-10-27,07:59:00
S001472,P017,14,2025-10-27,09:29:00
S001473,P017,18,2025-10-27,09:45:00
S001474,P018,2,2025-10-27,16:53:00
S001475,P018,3,2025-10-27,07:49:00
S001476,P018,5,2025-10-27,13:29:00
S001477,P001,17,2025-10-28,13:00:00
S001478,P001,19,2025-10-28,06:35:00
S001479,P001,16,2025-10-28,15:30:00
S001480,P001,19,2025-10-28,14:49:00
S001481,P002,22,2025-10-28,08:46:00
S001482,P002,34,2025-10-28,08:06:00
S001483,P003,19,2025-10-28,11:32:00
S001484,P003,14,2025-10-28,12:38:00
S001485,P003,8,2025-10-28,09:17:00
S001486,P003,10,2025-10-28,12:21:00
S001487,P004,16,2025-10-28,08:26:00
S001488,P004,8,2025-10-28,17:32:00
S001489,P004,14,2025-10-28,10:53:00
S001490,P005,23,2025-10-28,14:40:00
S001491,P005,8,2025-10-28,09:39:00
S001492,P005,25,2025-10-28,17:18:00
S001493,P006,9,2025-10-28,17:41:00
S001494,P006,14,2025-10-28,08:32:00
S001495,P006,5,2025-10-28,16:20:00
S001496,P006,10,2025-10-28,17:07:00
S001497,P007,7,2025-10-28,15:42:00
S001498,P007,6,2025-10-28,16:47:00
S001499,P007,4,2025-10-28,14:18:00
S001500,P007,6,2025-10-28,12:51:00
S001501,P008,5,2025-10-28,08:03:00
S001502,P008,23,2025-10-28,16:03:00
S001503,P009,6,2025-10-28,16:16:00
S001504,P009,8,2025-10-28,08:53:00
S001505,P010,2,2025-10-28,14:02:00
S001506,P010,2,2025-10-28,13:06:00
S001507,P010,7,2025-10-28,15:55:00
S001508,P011,20,2025-10-28,17:41:00
S001509,P011,8,2025-10-28,09:32:00
S001510,P011,6,2025-10-28,17:18:00
S001511,P011,10,2025-10-28,17:42:00
S001512,P012,5,2025-10-28,16:20:00
S001513,P012,6,2025-10-28,06:00:00
S001514,P012,7,2025-10-28,17:16:00
S001515,P013,25,2025-10-28,16:45:00
S001516,P013,13,2025-10-28,11:48:00
S001517,P013,19,2025-10-28,15:34:00
S001518,P014,24,2025-10-28,09:18:00
S001519,P014,33,2025-10-28,13:11:00
S001520,P015,7,2025-10-28,08:47:00
S001521,P015,21,2025-10-28,14:07:00
S001522,P016,11,2025-10-28,10:08:00
S001523,P016,7,2025-10-28,10:00:00
S001524,P016,23,2025-10-28,11:29:00
S001525,P017,12,2025-10-28,11:38:00
S001526,P017,49,2025-10-28,06:49:00
S001527,P018,6,2025-10-28,10:31:00
S001528,P018,3,2025-10-28,14:22:00
S001529,P018,1,2025-10-28,17:20:00
S001530,P018,5,2025-10-28,14:14:00
S001531,P001,18,2025-10-29,14:10:00
S001532,P001,20,2025-10-29,14:25:00
S001533,P001,10,2025-10-29,09:56:00
S001534,P001,34,2025-10-29,09:42:00
S001535,P002,11,2025-10-29,15:33:00
S001536,P002,9,2025-10-29,14:52:00
S001537,P002,20,2025-10-29,16:00:00
S001538,P003,14,2025-10-29,16:39:00
S001539,P003,13,2025-10-29,09:02:00
S001540,P003,15,2025-10-29,16:56:00
S001541,P004,8,2025-10-29,14:46:00
S001542,P004,18,2025-10-29,10:01:00
S001543,P005,21,2025-10-29,14:28:00
S001544,P005,14,2025-10-29,10:57:00
S001545,P005,27,2025-10-29,16:12:00
S001546,P006,15,2025-10-29,08:49:00
S001547,P006,16,2025-10-29,14:34:00
S001548,P007,3,2025-10-29,16:49:00
S001549,P007,11,2025-10-29,09:55:00
S001550,P008,11,2025-10-29,17:56:00
S001551,P008,33,2025-10-29,17:49:00
S001552,P009,7,2025-10-29,08:01:00
S001553,P009,10,2025-10-29,13:45:00
S001554,P010,2,2025-10-29,08:50:00
S001555,P010,11,2025-10-29,10:35:00
S001556,P011,13,2025-10-29,12:24:00
S001557,P011,16,2025-10-29,13:40:00
S001558,P012,4,2025-10-29,16:07:00
S001559,P012,6,2025-10-29,16:46:00
S001560,P012,13,2025-10-29,15:04:00
S001561,P013,17,2025-10-29,07:22:00
S001562,P013,30,2025-10-29,07:18:00
S001563,P013,14,2025-10-29,10:38:00
S001564,P013,19,2025-10-29,07:18:00
S001565,P014,17,2025-10-29,16:01:00
S001566,P014,13,2025-10-29,14:14:00
S001567,P014,27,2025-10-29,08:47:00
S001568,P015,5,2025-10-29,16:09:00
S001569,P015,4,2025-10-29,17:41:00
S001570,P015,3,2025-10-29,06:35:00
S001571,P015,8,2025-10-29,14:09:00
S001572,P016,12,2025-10-29,12:34:00
S001573,P016,22,2025-10-29,14:05:00
S001574,P017,20,2025-10-29,17:22:00
S001575,P017,7,2025-10-29,16:54:00
S001576,P017,7,2025-10-29,08:11:00
S001577,P017,14,2025-10-29,09:39:00
S001578,P018,3,2025-10-29,16:51:00
S001579,P018,11,2025-10-29,15:54:00
S001580,P001,15,2025-10-30,14:04:00
S001581,P001,9,2025-10-30,07:16:00
S001582,P001,5,2025-10-30,17:37:00
S001583,P001,18,2025-10-30,13:21:00
S001584,P002,16,2025-10-30,07:18:00
S001585,P002,9,2025-10-30,09:20:00
S001586,P002,5,2025-10-30,11:39:00
S001587,P002,11,2025-10-30,16:19:00
S001588,P003,22,2025-10-30,11:51:00
S001589,P003,39,2025-10-30,11:27:00
S001590,P004,6,2025-10-30,09:45:00
S001591,P004,7,2025-10-30,12:17:00
S001592,P004,11,2025-10-30,11:08:00
S001593,P005,25,2025-10-30,13:28:00
S001594,P005,9,2025-10-30,10:31:00
S001595,P005,21,2025-10-30,14:06:00
S001596,P006,6,2025-10-30,10:54:00
S001597,P006,9,2025-10-30,14:12:00
S001598,P006,3,2025-10-30,16:04:00
S001599,P006,10,2025-10-30,17:04:00
S001600,P007,9,2025-10-30,15:37:00
S001601,P007,4,2025-10-30,15:13:00
S001602,P007,5,2025-10-30,14:16:00
S001603,P007,6,2025-10-30,14:57:00
S001604,P008,20,2025-10-30,08:23:00
S001605,P008,9,2025-10-30,15:46:00
S001606,P008,22,2025-10-30,10:08:00
S001607,P009,3,2025-10-30,11:32:00
S001608,P009,2,2025-10-30,09:54:00
S001609,P009,5,2025-10-30,15:43:00
S001610,P009,7,2025-10-30,08:48:00
S001611,P010,3,2025-10-30,15:36:00
S001612,P010,4,2025-10-30,08:47:00
S001613,P010,8,2025-10-30,17:30:00
S001614,P011,13,2025-10-30,13:14:00
S001615,P011,37,2025-10-30,07:16:00
S001616,P012,9,2025-10-30,14:58:00
S001617,P012,14,2025-10-30,11:24:00
S001618,P013,31,2025-10-30,06:41:00
S001619,P013,10,2025-10-30,17:33:00
S001620,P013,27,2025-10-30,16:53:00
S001621,P014,11,2025-10-30,14:36:00
S001622,P014,8,2025-10-30,16:24:00
S001623,P014,7,2025-10-30,16:57:00
S001624,P014,17,2025-10-30,07:33:00
S001625,P015,6,2025-10-30,11:52:00
S001626,P015,12,2025-10-30,11:31:00
S001627,P016,10,2025-10-30,08:28:00
S001628,P016,10,2025-10-30,07:32:00
S001629,P016,12,2025-10-30,09:09:00
S001630,P016,20,2025-10-30,08:10:00
S001631,P017,22,2025-10-30,16:14:00
S001632,P017,9,2025-10-30,11:46:00
S001633,P017,4,2025-10-30,16:30:00
S001634,P017,15,2025-10-30,13:13:00
S001635,P018,5,2025-10-30,06:15:00
S001636,P018,1,2025-10-30,15:37:00
S001637,P018,1,2025-10-30,16:32:00
S001638,P018,5,2025-10-30,06:57:00
S001639,P001,16,2025-10-31,08:33:00
S001640,P001,51,2025-10-31,12:38:00
S001641,P002,11,2025-10-31,17:46:00
S001642,P002,18,2025-10-31,10:05:00
S001643,P002,7,2025-10-31,15:30:00
S001644,P002,21,2025-10-31,13:10:00
S001645,P003,17,2025-10-31,15:52:00
S001646,P003,12,2025-10-31,15:42:00
S001647,P003,16,2025-10-31,14:16:00
S001648,P004,7,2025-10-31,13:38:00
S001649,P004,6,2025-10-31,09:24:00
S001650,P004,3,2025-10-31,07:01:00
S001651,P004,8,2025-10-31,09:33:00
S001652,P005,24,2025-10-31,08:38:00
S001653,P005,8,2025-10-31,13:57:00
S001654,P005,10,2025-10-31,06:56:00
S001655,P005,18,2025-10-31,14:32:00
S001656,P006,13,2025-10-31,08:57:00
S001657,P006,27,2025-10-31,15:34:00
S001658,P007,9,2025-10-31,14:26:00
S001659,P007,4,2025-10-31,06:44:00
S001660,P007,3,2025-10-31,09:51:00
S001661,P007,7,2025-10-31,13:50:00
S001662,P008,17,2025-10-31,17:58:00
S001663,P008,12,2025-10-31,17:36:00
S001664,P008,17,2025-10-31,07:27:00
S001665,P009,6,2025-10-31,07:18:00
S001666,P009,3,2025-10-31,14:26:00
S001667,P009,5,2025-10-31,10:12:00
S001668,P010,4,2025-10-31,15:33:00
S001669,P010,1,2025-10-31,06:24:00
S001670,P010,1,2025-10-31,17:51:00
S001671,P010,4,2025-10-31,11:26:00
S001672,P011,11,2025-10-31,15:16:00
S001673,P011,25,2025-10-31,10:54:00
S001674,P012,7,2025-10-31,10:43:00
S001675,P012,5,2025-10-31,09:26:00
S001676,P012,4,2025-10-31,14:30:00
S001677,P012,9,2025-10-31,08:23:00
S001678,P013,19,2025-10-31,10:36:00
S001679,P013,16,2025-10-31,17:25:00
S001680,P013,37,2025-10-31,17:08:00
S001681,P014,14,2025-10-31,09:28:00
S001682,P014,20,2025-10-31,08:06:00
S001683,P014,6,2025-10-31,12:50:00
S001684,P014,20,2025-10-31,11:51:00
S001685,P015,8,2025-10-31,06:10:00
S001686,P015,4,2025-10-31,16:00:00
S001687,P015,4,2025-10-31,08:30:00
S001688,P015,6,2025-10-31,15:27:00
S001689,P016,8,2025-10-31,07:38:00
S001690,P016,5,2025-10-31,12:59:00
S001691,P016,20,2025-10-31,12:39:00
S001692,P017,24,2025-10-31,15:03:00
S001693,P017,17,2025-10-31,08:40:00
S001694,P017,19,2025-10-31,13:28:00
S001695,P018,3,2025-10-31,14:18:00
S001696,P018,1,2025-10-31,15:32:00
S001697,P018,1,2025-10-31,09:39:00
S001698,P018,3,2025-10-31,08:43:00
S001699,P001,23,2025-11-01,08:05:00
S001700,P001,37,2025-11-01,10:49:00
S001701,P002,17,2025-11-01,15:12:00
S001702,P002,13,2025-11-01,17:45:00
S001703,P002,5,2025-11-01,07:35:00
S001704,P002,19,2025-11-01,10:46:00
S001705,P003,25,2025-11-01,10:14:00
S001706,P003,22,2025-11-01,09:29:00
S001707,P003,18,2025-11-01,15:00:00
S001708,P003,20,2025-11-01,10:11:00
S001709,P004,13,2025-11-01,14:18:00
S001710,P004,23,2025-11-01,11:07:00
S001711,P005,35,2025-11-01,15:16:00
S001712,P005,16,2025-11-01,12:36:00
S001713,P005,25,2025-11-01,13:49:00
S001714,P006,18,2025-11-01,13:43:00
S001715,P006,6,2025-11-01,15:55:00
S001716,P006,14,2025-11-01,06:30:00
S001717,P007,6,2025-11-01,09:43:00
S001718,P007,14,2025-11-01,17:14:00
S001719,P008,29,2025-11-01,14:34:00
S001720,P008,6,2025-11-01,10:15:00
S001721,P008,26,2025-11-01,10:05:00
S001722,P009,9,2025-11-01,07:35:00
S001723,P009,5,2025-11-01,13:20:00
S001724,P009,2,2025-11-01,15:17:00
S001725,P009,5,2025-11-01,08:47:00
S001726,P010,7,2025-11-01,09:15:00
S001727,P010,14,2025-11-01,17:15:00
S001728,P011,16,2025-11-01,09:53:00
S001729,P011,47,2025-11-01,15:22:00
S001730,P012,5,2025-11-01,07:43:00
S001731,P012,20,2025-11-01,16:31:00
S001732,P013,47,2025-11-01,13:23:00
S001733,P013,19,2025-11-01,13:57:00
S001734,P013,15,2025-11-01,15:55:00
S001735,P013,16,2025-11-01,10:31:00
S001736,P014,14,2025-11-01,09:48:00
S001737,P014,14,2025-11-01,06:33:00
S001738,P014,10,2025-11-01,13:34:00
S001739,P014,14,2025-11-01,06:32:00
S001740,P015,10,2025-11-01,13:07:00
S001741,P015,6,2025-11-01,13:20:00
S001742,P015,3,2025-11-01,06:43:00
S001743,P015,6,2025-11-01,09:24:00
S001744,P016,18,2025-11-01,10:11:00
S001745,P016,15,2025-11-01,09:17:00
S001746,P016,28,2025-11-01,13:39:00
S001747,P017,22,2025-11-01,09:26:00
S001748,P017,42,2025-11-01,17:48:00
S001749,P018,3,2025-11-01,08:36:00
S001750,P018,2,2025-11-01,15:43:00
S001751,P018,9,2025-11-01,09:52:00
S001752,P001,26,2025-11-02,14:27:00
S001753,P001,15,2025-11-02,09:09:00
S001754,P001,18,2025-11-02,17:09:00
S001755,P002,13,2025-11-02,13:08:00
S001756,P002,40,2025-11-02,16:33:00
S001757,P003,29,2025-11-02,10:16:00
S001758,P003,14,2025-11-02,15:03:00
S001759,P003,24,2025-11-02,12:06:00
S001760,P004,10,2025-11-02,10:30:00
S001761,P004,30,2025-11-02,16:06:00
S001762,P005,16,2025-11-02,11:35:00
S001763,P005,15,2025-11-02,10:22:00
S001764,P005,27,2025-11-02,06:26:00
S001765,P006,15,2025-11-02,09:36:00
S001766,P006,6,2025-11-02,16:34:00
S001767,P006,2,2025-11-02,10:22:00
S001768,P006,9,2025-11-02,11:43:00
S001769,P007,8,2025-11-02,07:24:00
S001770,P007,6,2025-11-02,13:40:00
S001771,P007,4,2025-11-02,08:40:00
S001772,P007,6,2025-11-02,11:26:00
S001773,P008,16,2025-11-02,07:05:00
S001774,P008,8,2025-11-02,09:20:00
S001775,P008,7,2025-11-02,10:45:00
S001776,P008,20,2025-11-02,10:38:00
S001777,P009,10,2025-11-02,11:47:00
S001778,P009,4,2025-11-02,13:26:00
S001779,P009,9,2025-11-02,08:11:00
S001780,P010,8,2025-11-02,16:16:00
S001781,P010,13,2025-11-02,17:44:00
S001782,P011,13,2025-11-02,07:06:00
S001783,P011,42,2025-11-02,07:59:00
S001784,P012,7,2025-11-02,12:33:00
S001785,P012,12,2025-11-02,07:06:00
S001786,P012,4,2025-11-02,08:05:00
S001787,P012,13,2025-11-02,16:59:00
S001788,P013,27,2025-11-02,17:18:00
S001789,P013,25,2025-11-02,08:08:00
S001790,P013,51,2025-11-02,14:53:00
S001791,P014,19,2025-11-02,11:55:00
S001792,P014,29,2025-11-02,13:29:00
S001793,P015,15,2025-11-02,14:28:00
S001794,P015,4,2025-11-02,17:34:00
S001795,P015,3,2025-11-02,15:29:00
S001796,P015,11,2025-11-02,16:47:00
S001797,P016,19,2025-11-02,16:40:00
S001798,P016,14,2025-11-02,11:30:00
S001799,P016,9,2025-11-02,07:28:00
S001800,P016,16,2025-11-02,10:23:00
S001801,P017,18,2025-11-02,06:33:00
S001802,P017,44,2025-11-02,08:22:00
S001803,P018,2,2025-11-02,13:48:00
S001804,P018,3,2025-11-02,06:49:00
S001805,P018,2,2025-11-02,10:38:00
S001806,P018,5,2025-11-02,09:50:00
S001807,P001,11,2025-11-03,14:27:00
S001808,P001,10,2025-11-03,08:45:00
S001809,P001,24,2025-11-03,17:41:00
S001810,P002,11,2025-11-03,07:27:00
S001811,P002,12,2025-11-03,14:48:00
S001812,P002,19,2025-11-03,15:51:00
S001813,P003,17,2025-11-03,17:34:00
S001814,P003,19,2025-11-03,12:12:00
S001815,P003,25,2025-11-03,07:11:00
S001816,P004,8,2025-11-03,15:28:00
S001817,P004,15,2025-11-03,10:44:00
S001818,P005,15,2025-11-03,08:03:00
S001819,P005,38,2025-11-03,14:01:00
S001820,P006,7,2025-11-03,08:45:00
S001821,P006,21,2025-11-03,13:46:00
S001822,P007,3,2025-11-03,13:13:00
S001823,P007,11,2025-11-03,11:26:00
S001824,P008,17,2025-11-03,13:44:00
S001825,P008,7,2025-11-03,11:05:00
S001826,P008,11,2025-11-03,08:03:00
S001827,P009,3,2025-11-03,13:11:00
S001828,P009,3,2025-11-03,10:52:00
S001829,P009,9,2025-11-03,12:53:00
S001830,P010,2,2025-11-03,13:15:00
S001831,P010,3,2025-11-03,06:12:00
S001832,P010,1,2025-11-03,07:33:00
S001833,P010,4,2025-11-03,16:13:00
S001834,P011,19,2025-11-03,11:10:00
S001835,P011,7,2025-11-03,06:47:00
S001836,P011,6,2025-11-03,14:07:00
S001837,P011,7,2025-11-03,10:30:00
S001838,P012,8,2025-11-03,06:55:00
S001839,P012,19,2025-11-03,16:13:00
S001840,P013,34,2025-11-03,11:00:00
S001841,P013,55,2025-11-03,08:50:00
S001842,P014,13,2025-11-03,09:00:00
S001843,P014,30,2025-11-03,06:37:00
S001844,P015,10,2025-11-03,08:23:00
S001845,P015,6,2025-11-03,09:10:00
S001846,P015,9,2025-11-03,13:05:00
S001847,P016,23,2025-11-03,16:03:00
S001848,P016,5,2025-11-03,16:09:00
S001849,P016,22,2025-11-03,17:34:00
S001850,P017,22,2025-11-03,11:35:00
S001851,P017,42,2025-11-03,16:48:00
S001852,P018,4,2025-11-03,06:44:00
S001853,P018,1,2025-11-03,17:08:00
S001854,P018,5,2025-11-03,10:57:00
S001855,P001,15,2025-11-04,10:34:00
S001856,P001,13,2025-11-04,09:36:00
S001857,P001,4,2025-11-04,11:20:00
S001858,P001,15,2025-11-04,17:29:00
S001859,P002,18,2025-11-04,14:10:00
S001860,P002,4,2025-11-04,08:28:00
S001861,P002,4,2025-11-04,10:34:00
S001862,P002,12,2025-11-04,11:29:00
S001863,P003,13,2025-11-04,17:11:00
S001864,P003,11,2025-11-04,15:54:00
S001865,P003,4,2025-11-04,15:15:00
S001866,P003,10,2025-11-04,11:46:00
S001867,P004,9,2025-11-04,09:33:00
S001868,P004,5,2025-11-04,14:09:00
S001869,P004,3,2025-11-04,11:26:00
S001870,P004,5,2025-11-04,16:20:00
S001871,P005,15,2025-11-04,06:53:00
S001872,P005,11,2025-11-04,08:55:00
S001873,P005,2,2025-11-04,07:31:00
S001874,P005,10,2025-11-04,09:06:00
S001875,P006,11,2025-11-04,16:31:00
S001876,P006,5,2025-11-04,17:37:00
S001877,P006,2,2025-11-04,11:14:00
S001878,P006,7,2025-11-04,15:45:00
S001879,P007,5,2025-11-04,07:29:00
S001880,P007,9,2025-11-04,16:03:00
S001881,P008,17,2025-11-04,12:52:00
S001882,P008,5,2025-11-04,17:03:00
S001883,P008,6,2025-11-04,10:33:00
S001884,P008,8,2025-11-04,06:46:00
S001885,P009,2,2025-11-04,09:33:00
S001886,P009,2,2025-11-04,17:14:00
S001887,P009,9,2025-11-04,14:24:00
S001888,P010,4,2025-11-04,15:40:00
S001889,P010,3,2025-11-04,14:47:00
S001890,P010,1,2025-11-04,17:06:00
S001891,P010,4,2025-11-04,16:36:00
S001892,P011,14,2025-11-04,12:56:00
S001893,P011,5,2025-11-04,08:35:00
S001894,P011,17,2025-11-04,12:32:00
S001895,P012,7,2025-11-04,15:28:00
S001896,P012,15,2025-11-04,11:57:00
S001897,P013,28,2025-11-04,12:48:00
S001898,P013,13,2025-11-04,17:20:00
S001899,P013,21,2025-11-04,15:15:00
S001900,P014,15,2025-11-04,14:59:00
S001901,P014,36,2025-11-04,17:16:00
S001902,P015,6,2025-11-04,12:00:00
S001903,P015,5,2025-11-04,10:38:00
S001904,P015,9,2025-11-04,06:33:00
S001905,P016,7,2025-11-04,09:13:00
S001906,P016,12,2025-11-04,06:49:00
S001907,P016,16,2025-11-04,17:52:00
S001908,P017,16,2025-11-04,15:59:00
S001909,P017,11,2025-11-04,07:02:00
S001910,P017,6,2025-11-04,08:08:00
S001911,P017,14,2025-11-04,10:23:00
S001912,P018,3,2025-11-04,10:05:00
S001913,P018,11,2025-11-04,15:25:00
S001914,P001,28,2025-11-05,17:20:00
S001915,P001,39,2025-11-05,13:11:00
S001916,P002,18,2025-11-05,07:38:00
S001917,P002,10,2025-11-05,06:46:00
S001918,P002,7,2025-11-05,12:05:00
S001919,P002,9,2025-11-05,06:58:00
S001920,P003,29,2025-11-05,12:26:00
S001921,P003,16,2025-11-05,07:55:00
S001922,P003,18,2025-11-05,09:47:00
S001923,P004,15,2025-11-05,16:49:00
S001924,P004,6,2025-11-05,06:19:00
S001925,P004,3,2025-11-05,11:34:00
S001926,P004,8,2025-11-05,15:09:00
S001927,P005,11,2025-11-05,06:43:00
S001928,P005,13,2025-11-05,12:28:00
S001929,P005,8,2025-11-05,15:32:00
S001930,P005,12,2025-11-05,07:14:00
S001931,P006,8,2025-11-05,11:05:00
S001932,P006,8,2025-11-05,17:03:00
S001933,P006,17,2025-11-05,14:25:00
S001934,P007,5,2025-11-05,17:08:00
S001935,P007,5,2025-11-05,13:35:00
S001936,P007,7,2025-11-05,09:31:00
S001937,P008,9,2025-11-05,15:47:00
S001938,P008,10,2025-11-05,09:04:00
S001939,P008,5,2025-11-05,12:20:00
S001940,P008,13,2025-11-05,16:59:00
S001941,P009,7,2025-11-05,12:23:00
S001942,P009,11,2025-11-05,11:12:00
S001943,P010,5,2025-11-05,10:10:00
S001944,P010,3,2025-11-05,15:52:00
S001945,P010,2,2025-11-05,13:39:00
S001946,P010,3,2025-11-05,08:28:00
S001947,P011,7,2025-11-05,11:09:00
S001948,P011,22,2025-11-05,17:54:00
S001949,P012,3,2025-11-05,15:59:00
S001950,P012,3,2025-11-05,10:00:00
S001951,P012,3,2025-11-05,07:19:00
S001952,P012,9,2025-11-05,13:30:00
S001953,P013,20,2025-11-05,09:13:00
S001954,P013,29,2025-11-05,14:33:00
S001955,P014,19,2025-11-05,17:09:00
S001956,P014,15,2025-11-05,16:01:00
S001957,P014,7,2025-11-05,16:33:00
S001958,P014,16,2025-11-05,06:16:00
S001959,P015,4,2025-11-05,17:39:00
S001960,P015,3,2025-11-05,13:41:00
S001961,P015,10,2025-11-05,06:04:00
S001962,P016,16,2025-11-05,16:23:00
S001963,P016,11,2025-11-05,06:18:00
S001964,P016,14,2025-11-05,16:24:00
S001965,P017,16,2025-11-05,17:06:00
S001966,P017,14,2025-11-05,13:55:00
S001967,P017,16,2025-11-05,15:34:00
S001968,P018,3,2025-11-05,13:35:00
S001969,P018,6,2025-11-05,17:01:00
S001970,P001,13,2025-11-06,13:25:00
S001971,P001,14,2025-11-06,06:22:00
S001972,P001,8,2025-11-06,11:40:00
S001973,P001,12,2025-11-06,10:15:00
S001974,P002,16,2025-11-06,06:40:00
S001975,P002,11,2025-11-06,12:56:00
S001976,P002,15,2025-11-06,06:35:00
S001977,P002,16,2025-11-06,10:14:00
S001978,P003,17,2025-11-06,07:46:00
S001979,P003,8,2025-11-06,16:39:00
S001980,P003,18,2025-11-06,16:43:00
S001981,P004,9,2025-11-06,12:19:00
S001982,P004,16,2025-11-06,15:21:00
S001983,P005,12,2025-11-06,08:37:00
S001984,P005,36,2025-11-06,14:43:00
S001985,P006,12,2025-11-06,17:57:00
S001986,P006,29,2025-11-06,14:58:00
S001987,P007,5,2025-11-06,15:58:00
S001988,P007,10,2025-11-06,08:20:00
S001989,P008,14,2025-11-06,07:11:00
S001990,P008,4,2025-11-06,08:46:00
S001991,P008,2,2025-11-06,11:56:00
S001992,P008,9,2025-11-06,12:26:00
S001993,P009,7,2025-11-06,16:59:00
S001994,P009,3,2025-11-06,08:49:00
S001995,P009,1,2025-11-06,08:11:00
S001996,P009,4,2025-11-06,06:48:00
S001997,P010,5,2025-11-06,15:39:00
S001998,P010,3,2025-11-06,09:14:00
S001999,P010,4,2025-11-06,11:05:00
S002000,P010,7,2025-11-06,17:49:00
S002001,P011,17,2025-11-06,13:45:00
S002002,P011,8,2025-11-06,08:54:00
S002003,P011,4,2025-11-06,13:08:00
S002004,P011,10,2025-11-06,08:12:00
S002005,P012,8,2025-11-06,06:59:00
S002006,P012,3,2025-11-06,12:14:00
S002007,P012,9,2025-11-06,17:42:00
S002008,P013,19,2025-11-06,13:55:00
S002009,P013,71,2025-11-06,15:31:00
S002010,P014,25,2025-11-06,12:25:00
S002011,P014,12,2025-11-06,15:47:00
S002012,P014,18,2025-11-06,12:46:00
S002013,P015,9,2025-11-06,15:38:00
S002014,P015,3,2025-11-06,16:56:00
S002015,P015,2,2025-11-06,06:33:00
S002016,P015,5,2025-11-06,07:28:00
S002017,P016,19,2025-11-06,09:33:00
S002018,P016,24,2025-11-06,14:25:00
S002019,P017,25,2025-11-06,14:48:00
S002020,P017,45,2025-11-06,16:03:00
S002021,P018,2,2025-11-06,10:49:00
S002022,P018,3,2025-11-06,13:10:00
S002023,P018,4,2025-11-06,12:18:00
S002024,P001,28,2025-11-07,08:29:00
S002025,P001,41,2025-11-07,16:28:00
S002026,P002,7,2025-11-07,15:57:00
S002027,P002,10,2025-11-07,08:25:00
S002028,P002,5,2025-11-07,13:01:00
S002029,P002,11,2025-11-07,08:29:00
S002030,P003,26,2025-11-07,13:05:00
S002031,P003,8,2025-11-07,17:41:00
S002032,P003,10,2025-11-07,08:45:00
S002033,P003,13,2025-11-07,17:07:00
S002034,P004,7,2025-11-07,11:05:00
S002035,P004,5,2025-11-07,12:46:00
S002036,P004,4,2025-11-07,14:39:00
S002037,P004,6,2025-11-07,08:24:00
S002038,P005,21,2025-11-07,11:36:00
S002039,P005,30,2025-11-07,16:55:00
S002040,P006,6,2025-11-07,17:03:00
S002041,P006,21,2025-11-07,12:19:00
S002042,P007,4,2025-11-07,08:07:00
S002043,P007,6,2025-11-07,09:00:00
S002044,P007,7,2025-11-07,15:48:00
S002045,P008,11,2025-11-07,13:34:00
S002046,P008,10,2025-11-07,15:56:00
S002047,P008,13,2025-11-07,13:15:00
S002048,P009,4,2025-11-07,12:28:00
S002049,P009,2,2025-11-07,15:00:00
S002050,P009,2,2025-11-07,14:17:00
S002051,P009,6,2025-11-07,15:40:00
S002052,P010,3,2025-11-07,08:03:00
S002053,P010,12,2025-11-07,16:22:00
S002054,P011,11,2025-11-07,15:19:00
S002055,P011,17,2025-11-07,11:58:00
S002056,P012,5,2025-11-07,08:10:00
S002057,P012,13,2025-11-07,16:18:00
S002058,P013,30,2025-11-07,15:50:00
S002059,P013,16,2025-11-07,13:47:00
S002060,P013,10,2025-11-07,06:05:00
S002061,P013,18,2025-11-07,10:20:00
S002062,P014,20,2025-11-07,12:53:00
S002063,P014,9,2025-11-07,10:30:00
S002064,P014,17,2025-11-07,08:07:00
S002065,P015,7,2025-11-07,12:33:00
S002066,P015,4,2025-11-07,09:39:00
S002067,P015,13,2025-11-07,06:06:00
S002068,P016,16,2025-11-07,07:30:00
S002069,P016,12,2025-11-07,15:59:00
S002070,P016,7,2025-11-07,17:18:00
S002071,P016,11,2025-11-07,12:38:00
S002072,P017,23,2025-11-07,15:22:00
S002073,P017,20,2025-11-07,15:36:00
S002074,P017,23,2025-11-07,13:33:00
S002075,P018,4,2025-11-07,08:56:00
S002076,P018,3,2025-11-07,17:18:00
S002077,P018,6,2025-11-07,09:00:00
S002078,P001,25,2025-11-08,07:47:00
S002079,P001,18,2025-11-08,15:26:00
S002080,P001,22,2025-11-08,12:02:00
S002081,P002,22,2025-11-08,09:00:00
S002082,P002,11,2025-11-08,17:18:00
S002083,P002,5,2025-11-08,07:19:00
S002084,P002,14,2025-11-08,10:32:00
S002085,P003,17,2025-11-08,11:21:00
S002086,P003,56,2025-11-08,12:46:00
S002087,P004,17,2025-11-08,09:21:00
S002088,P004,23,2025-11-08,11:59:00
S002089,P005,31,2025-11-08,16:08:00
S002090,P005,13,2025-11-08,16:29:00
S002091,P005,27,2025-11-08,14:57:00
S002092,P006,19,2025-11-08,06:53:00
S002093,P006,7,2025-11-08,15:46:00
S002094,P006,14,2025-11-08,16:20:00
S002095,P007,6,2025-11-08,16:21:00
S002096,P007,20,2025-11-08,11:04:00
S002097,P008,29,2025-11-08,11:24:00
S002098,P008,14,2025-11-08,08:36:00
S002099,P008,23,2025-11-08,15:24:00
S002100,P009,8,2025-11-08,10:45:00
S002101,P009,11,2025-11-08,11:45:00
S002102,P010,3,2025-11-08,09:23:00
S002103,P010,3,2025-11-08,10:13:00
S002104,P010,8,2025-11-08,14:19:00
S002105,P011,17,2025-11-08,09:58:00
S002106,P011,5,2025-11-08,14:01:00
S002107,P011,19,2025-11-08,13:57:00
S002108,P012,9,2025-11-08,13:46:00
S002109,P012,23,2025-11-08,14:19:00
S002110,P013,45,2025-11-08,07:52:00
S002111,P013,61,2025-11-08,14:43:00
S002112,P014,35,2025-11-08,13:24:00
S002113,P014,49,2025-11-08,17:55:00
S002114,P015,8,2025-11-08,06:43:00
S002115,P015,20,2025-11-08,15:55:00
S002116,P016,20,2025-11-08,07:33:00
S002117,P016,10,2025-11-08,17:19:00
S002118,P016,14,2025-11-08,06:36:00
S002119,P017,38,2025-11-08,11:12:00
S002120,P017,11,2025-11-08,10:34:00
S002121,P017,9,2025-11-08,13:42:00
S002122,P017,24,2025-11-08,07:17:00
S002123,P018,2,2025-11-08,15:35:00
S002124,P018,3,2025-11-08,09:34:00
S002125,P018,7,2025-11-08,11:35:00
S002126,P001,33,2025-11-09,10:36:00
S002127,P001,36,2025-11-09,09:10:00
S002128,P002,18,2025-11-09,14:28:00
S002129,P002,4,2025-11-09,06:30:00
S002130,P002,8,2025-11-09,06:06:00
S002131,P002,10,2025-11-09,12:03:00
S002132,P003,12,2025-11-09,15:57:00
S002133,P003,13,2025-11-09,17:44:00
S002134,P003,24,2025-11-09,13:39:00
S002135,P004,14,2025-11-09,17:48:00
S002136,P004,7,2025-11-09,14:05:00
S002137,P004,11,2025-11-09,13:36:00
S002138,P005,15,2025-11-09,13:19:00
S002139,P005,12,2025-11-09,17:49:00
S002140,P005,6,2025-11-09,09:14:00
S002141,P005,13,2025-11-09,08:55:00
S002142,P006,24,2025-11-09,12:11:00
S002143,P006,11,2025-11-09,16:21:00
S002144,P006,16,2025-11-09,11:29:00
S002145,P007,7,2025-11-09,11:30:00
S002146,P007,16,2025-11-09,13:54:00
S002147,P008,14,2025-11-09,08:32:00
S002148,P008,5,2025-11-09,17:50:00
S002149,P008,19,2025-11-09,07:20:00
S002150,P009,9,2025-11-09,14:29:00
S002151,P009,13,2025-11-09,12:37:00
S002152,P010,4,2025-11-09,08:30:00
S002153,P010,4,2025-11-09,11:13:00
S002154,P010,3,2025-11-09,15:27:00
S002155,P010,6,2025-11-09,12:36:00
S002156,P011,22,2025-11-09,08:42:00
S002157,P011,13,2025-11-09,17:59:00
S002158,P011,8,2025-11-09,13:07:00
S002159,P011,13,2025-11-09,15:38:00
S002160,P012,6,2025-11-09,13:11:00
S002161,P012,6,2025-11-09,12:04:00
S002162,P012,6,2025-11-09,16:52:00
S002163,P012,11,2025-11-09,15:49:00
S002164,P013,34,2025-11-09,16:03:00
S002165,P013,14,2025-11-09,08:56:00
S002166,P013,52,2025-11-09,15:57:00
S002167,P014,29,2025-11-09,16:09:00
S002168,P014,40,2025-11-09,13:34:00
S002169,P015,8,2025-11-09,09:13:00
S002170,P015,6,2025-11-09,11:19:00
S002171,P015,3,2025-11-09,16:19:00
S002172,P015,6,2025-11-09,12:45:00
S002173,P016,34,2025-11-09,15:00:00
S002174,P016,13,2025-11-09,14:25:00
S002175,P016,22,2025-11-09,08:54:00
S002176,P017,26,2025-11-09,06:00:00
S002177,P017,12,2025-11-09,11:07:00
S002178,P017,19,2025-11-09,10:55:00
S002179,P018,4,2025-11-09,12:40:00
S002180,P018,1,2025-11-09,12:25:00
S002181,P018,5,2025-11-09,12:27:00
S002182,P001,16,2025-11-10,08:12:00
S002183,P001,18,2025-11-10,11:53:00
S002184,P001,10,2025-11-10,10:55:00
S002185,P001,22,2025-11-10,16:08:00
S002186,P002,13,2025-11-10,08:46:00
S002187,P002,22,2025-11-10,13:42:00
S002188,P003,11,2025-11-10,16:51:00
S002189,P003,41,2025-11-10,12:55:00
S002190,P004,11,2025-11-10,12:39:00
S002191,P004,4,2025-11-10,14:27:00
S002192,P004,5,2025-11-10,13:24:00
S002193,P004,9,2025-11-10,11:14:00
S002194,P005,8,2025-11-10,13:54:00
S002195,P005,13,2025-11-10,17:32:00
S002196,P005,5,2025-11-10,14:36:00
S002197,P005,14,2025-11-10,11:02:00
S002198,P006,15,2025-11-10,11:07:00
S002199,P006,11,2025-11-10,17:05:00
S002200,P006,4,2025-11-10,17:33:00
S002201,P006,15,2025-11-10,10:29:00
S002202,P007,9,2025-11-10,07:15:00
S002203,P007,3,2025-11-10,17:42:00
S002204,P007,3,2025-11-10,07:43:00
S002205,P007,5,2025-11-10,16:34:00
S002206,P008,18,2025-11-10,11:34:00
S002207,P008,12,2025-11-10,13:29:00
S002208,P008,17,2025-11-10,14:57:00
S002209,P009,5,2025-11-10,11:51:00
S002210,P009,3,2025-11-10,08:02:00
S002211,P009,3,2025-11-10,15:47:00
S002212,P009,6,2025-11-10,10:46:00
S002213,P010,3,2025-11-10,13:37:00
S002214,P010,3,2025-11-10,06:42:00
S002215,P010,11,2025-11-10,10:51:00
S002216,P011,12,2025-11-10,07:08:00
S002217,P011,33,2025-11-10,14:04:00
S002218,P012,8,2025-11-10,15:17:00
S002219,P012,6,2025-11-10,10:00:00
S002220,P012,16,2025-11-10,17:07:00
S002221,P013,31,2025-11-10,16:28:00
S002222,P013,13,2025-11-10,08:16:00
S002223,P013,13,2025-11-10,09:31:00
S002224,P013,17,2025-11-10,08:51:00
S002225,P014,15,2025-11-10,07:09:00
S002226,P014,35,2025-11-10,15:59:00
S002227,P015,11,2025-11-10,12:49:00
S002228,P015,4,2025-11-10,16:28:00
S002229,P015,11,2025-11-10,17:40:00
S002230,P016,15,2025-11-10,11:03:00
S002231,P016,8,2025-11-10,07:03:00
S002232,P016,3,2025-11-10,12:30:00
S002233,P016,10,2025-11-10,10:30:00
S002234,P017,17,2025-11-10,16:45:00
S002235,P017,14,2025-11-10,10:09:00
S002236,P017,11,2025-11-10,12:00:00
S002237,P017,21,2025-11-10,10:59:00
S002238,P018,5,2025-11-10,14:43:00
S002239,P018,4,2025-11-10,07:58:00
S002240,P018,5,2025-11-10,14:40:00
S002241,P001,22,2025-11-11,16:54:00
S002242,P001,10,2025-11-11,10:17:00
S002243,P001,27,2025-11-11,07:16:00
S002244,P002,16,2025-11-11,16:47:00
S002245,P002,8,2025-11-11,16:37:00
S002246,P002,25,2025-11-11,09:33:00
S002247,P003,24,2025-11-11,11:35:00
S002248,P003,5,2025-11-11,06:53:00
S002249,P003,4,2025-11-11,12:06:00
S002250,P003,16,2025-11-11,14:06:00
S002251,P004,8,2025-11-11,10:16:00
S002252,P004,6,2025-11-11,06:39:00
S002253,P004,19,2025-11-11,07:03:00
S002254,P005,29,2025-11-11,09:38:00
S002255,P005,13,2025-11-11,17:07:00
S002256,P005,4,2025-11-11,15:08:00
S002257,P005,17,2025-11-11,12:42:00
S002258,P006,14,2025-11-11,08:57:00
S002259,P006,6,2025-11-11,08:16:00
S002260,P006,5,2025-11-11,16:59:00
S002261,P006,15,2025-11-11,07:40:00
S002262,P007,8,2025-11-11,17:57:00
S002263,P007,4,2025-11-11,11:16:00
S002264,P007,7,2025-11-11,08:49:00
S002265,P008,9,2025-11-11,11:03:00
S002266,P008,20,2025-11-11,10:52:00
S002267,P009,3,2025-11-11,09:39:00
S002268,P009,3,2025-11-11,16:31:00
S002269,P009,9,2025-11-11,07:09:00
S002270,P010,3,2025-11-11,16:06:00
S002271,P010,5,2025-11-11,17:16:00
S002272,P010,7,2025-11-11,07:02:00
S002273,P011,12,2025-11-11,13:01:00
S002274,P011,7,2025-11-11,08:41:00
S002275,P011,3,2025-11-11,06:42:00
S002276,P011,7,2025-11-11,12:17:00
S002277,P012,8,2025-11-11,15:00:00
S002278,P012,3,2025-11-11,13:30:00
S002279,P012,8,2025-11-11,12:25:00
S002280,P013,30,2025-11-11,06:24:00
S002281,P013,54,2025-11-11,17:52:00
S002282,P014,21,2025-11-11,11:21:00
S002283,P014,37,2025-11-11,16:19:00
S002284,P015,9,2025-11-11,16:05:00
S002285,P015,3,2025-11-11,11:05:00
S002286,P015,3,2025-11-11,10:41:00
S002287,P015,5,2025-11-11,09:11:00
S002288,P016,18,2025-11-11,10:44:00
S002289,P016,8,2025-11-11,07:40:00
S002290,P016,20,2025-11-11,17:22:00
S002291,P017,17,2025-11-11,09:08:00
S002292,P017,7,2025-11-11,06:46:00
S002293,P017,14,2025-11-11,09:31:00
S002294,P017,16,2025-11-11,12:04:00
S002295,P018,4,2025-11-11,14:53:00
S002296,P018,4,2025-11-11,06:02:00
S002297,P018,1,2025-11-11,11:50:00
S002298,P018,5,2025-11-11,17:02:00
S002299,P001,26,2025-11-12,16:33:00
S002300,P001,35,2025-11-12,13:43:00
S002301,P002,13,2025-11-12,15:14:00
S002302,P002,19,2025-11-12,06:47:00
S002303,P002,5,2025-11-12,16:01:00
S002304,P002,17,2025-11-12,13:58:00
S002305,P003,18,2025-11-12,16:08:00
S002306,P003,50,2025-11-12,06:11:00
S002307,P004,14,2025-11-12,07:29:00
S002308,P004,6,2025-11-12,15:04:00
S002309,P004,12,2025-11-12,07:07:00
S002310,P005,13,2025-11-12,09:27:00
S002311,P005,10,2025-11-12,17:43:00
S002312,P005,8,2025-11-12,07:43:00
S002313,P005,18,2025-11-12,15:34:00
S002314,P006,11,2025-11-12,15:11:00
S002315,P006,16,2025-11-12,11:04:00
S002316,P007,6,2025-11-12,08:44:00
S002317,P007,9,2025-11-12,11:35:00
S002318,P008,14,2025-11-12,06:08:00
S002319,P008,17,2025-11-12,07:50:00
S002320,P009,6,2025-11-12,08:01:00
S002321,P009,6,2025-11-12,07:00:00
S002322,P009,1,2025-11-12,07:45:00
S002323,P009,8,2025-11-12,16:37:00
S002324,P010,7,2025-11-12,13:44:00
S002325,P010,2,2025-11-12,08:40:00
S002326,P010,9,2025-11-12,10:33:00
S002327,P011,18,2025-11-12,15:44:00
S002328,P011,20,2025-11-12,06:38:00
S002329,P012,7,2025-11-12,07:40:00
S002330,P012,5,2025-11-12,10:22:00
S002331,P012,8,2025-11-12,12:00:00
S002332,P013,16,2025-11-12,14:06:00
S002333,P013,56,2025-11-12,15:23:00
S002334,P014,21,2025-11-12,13:49:00
S002335,P014,15,2025-11-12,09:17:00
S002336,P014,5,2025-11-12,07:50:00
S002337,P014,19,2025-11-12,08:43:00
S002338,P015,9,2025-11-12,08:42:00
S002339,P015,8,2025-11-12,06:41:00
S002340,P015,9,2025-11-12,11:18:00
S002341,P016,11,2025-11-12,13:02:00
S002342,P016,6,2025-11-12,06:59:00
S002343,P016,20,2025-11-12,14:11:00
S002344,P017,14,2025-11-12,07:04:00
S002345,P017,29,2025-11-12,09:46:00
S002346,P018,3,2025-11-12,09:47:00
S002347,P018,3,2025-11-12,11:14:00
S002348,P018,2,2025-11-12,11:14:00
S002349,P018,3,2025-11-12,07:15:00
S002350,P001,23,2025-11-13,09:04:00
S002351,P001,51,2025-11-13,13:37:00
S002352,P002,10,2025-11-13,15:29:00
S002353,P002,8,2025-11-13,11:08:00
S002354,P002,26,2025-11-13,13:46:00
S002355,P003,21,2025-11-13,09:21:00
S002356,P003,5,2025-11-13,17:36:00
S002357,P003,18,2025-11-13,06:17:00
S002358,P004,7,2025-11-13,08:48:00
S002359,P004,4,2025-11-13,10:38:00
S002360,P004,12,2025-11-13,08:50:00
S002361,P005,27,2025-11-13,15:35:00
S002362,P005,14,2025-11-13,07:26:00
S002363,P005,7,2025-11-13,13:55:00
S002364,P005,10,2025-11-13,09:37:00
S002365,P006,9,2025-11-13,17:27:00
S002366,P006,10,2025-11-13,09:15:00
S002367,P006,15,2025-11-13,11:27:00
S002368,P007,9,2025-11-13,15:57:00
S002369,P007,2,2025-11-13,06:02:00
S002370,P007,4,2025-11-13,17:49:00
S002371,P007,5,2025-11-13,14:02:00
S002372,P008,13,2025-11-13,17:52:00
S002373,P008,5,2025-11-13,13:15:00
S002374,P008,20,2025-11-13,07:35:00
S002375,P009,8,2025-11-13,09:08:00
S002376,P009,3,2025-11-13,09:41:00
S002377,P009,4,2025-11-13,06:30:00
S002378,P009,5,2025-11-13,16:19:00
S002379,P010,5,2025-11-13,17:37:00
S002380,P010,1,2025-11-13,13:29:00
S002381,P010,5,2025-11-13,08:55:00
S002382,P011,19,2025-11-13,11:40:00
S002383,P011,25,2025-11-13,13:45:00
S002384,P012,5,2025-11-13,17:21:00
S002385,P012,7,2025-11-13,10:27:00
S002386,P012,6,2025-11-13,17:39:00
S002387,P012,9,2025-11-13,14:36:00
S002388,P013,18,2025-11-13,11:47:00
S002389,P013,30,2025-11-13,14:58:00
S002390,P013,13,2025-11-13,06:07:00
S002391,P013,21,2025-11-13,12:23:00
S002392,P014,14,2025-11-13,08:41:00
S002393,P014,34,2025-11-13,14:45:00
S002394,P015,6,2025-11-13,08:21:00
S002395,P015,2,2025-11-13,07:41:00
S002396,P015,2,2025-11-13,15:55:00
S002397,P015,6,2025-11-13,17:13:00
S002398,P016,15,2025-11-13,10:32:00
S002399,P016,36,2025-11-13,16:27:00
S002400,P017,14,2025-11-13,13:31:00
S002401,P017,33,2025-11-13,14:33:00
S002402,P018,5,2025-11-13,16:52:00
S002403,P018,3,2025-11-13,10:28:00
S002404,P018,6,2025-11-13,15:23:00
S002405,P001,33,2025-11-14,07:12:00
S002406,P001,20,2025-11-14,13:05:00
S002407,P001,5,2025-11-14,08:18:00
S002408,P001,18,2025-11-14,07:06:00
S002409,P002,14,2025-11-14,13:09:00
S002410,P002,21,2025-11-14,09:33:00
S002411,P003,19,2025-11-14,16:34:00
S002412,P003,50,2025-11-14,08:30:00
S002413,P004,11,2025-11-14,06:18:00
S002414,P004,4,2025-11-14,06:55:00
S002415,P004,12,2025-11-14,09:53:00
S002416,P005,18,2025-11-14,15:21:00
S002417,P005,17,2025-11-14,11:31:00
S002418,P005,10,2025-11-14,17:33:00
S002419,P005,18,2025-11-14,14:28:00
S002420,P006,8,2025-11-14,10:10:00
S002421,P006,11,2025-11-14,09:30:00
S002422,P006,4,2025-11-14,10:49:00
S002423,P006,11,2025-11-14,06:09:00
S002424,P007,8,2025-11-14,15:59:00
S002425,P007,2,2025-11-14,14:18:00
S002426,P007,8,2025-11-14,08:11:00
S002427,P008,22,2025-11-14,08:10:00
S002428,P008,7,2025-11-14,06:20:00
S002429,P008,7,2025-11-14,13:16:00
S002430,P008,12,2025-11-14,11:11:00
S002431,P009,2,2025-11-14,11:22:00
S002432,P009,2,2025-11-14,13:34:00
S002433,P009,4,2025-11-14,14:19:00
S002434,P009,6,2025-11-14,07:58:00
S002435,P010,4,2025-11-14,13:59:00
S002436,P010,1,2025-11-14,06:47:00
S002437,P010,5,2025-11-14,14:32:00
S002438,P011,10,2025-11-14,10:48:00
S002439,P011,12,2025-11-14,15:42:00
S002440,P011,3,2025-11-14,15:46:00
S002441,P011,10,2025-11-14,13:21:00
S002442,P012,9,2025-11-14,06:08:00
S002443,P012,7,2025-11-14,07:19:00
S002444,P012,2,2025-11-14,15:53:00
S002445,P012,9,2025-11-14,09:28:00
S002446,P013,13,2025-11-14,16:12:00
S002447,P013,19,2025-11-14,09:50:00
S002448,P013,32,2025-11-14,10:12:00
S002449,P014,15,2025-11-14,16:42:00
S002450,P014,9,2025-11-14,14:25:00
S002451,P014,2,2025-11-14,11:38:00
S002452,P014,9,2025-11-14,15:32:00
S002453,P015,8,2025-11-14,08:45:00
S002454,P015,8,2025-11-14,11:24:00
S002455,P015,3,2025-11-14,10:22:00
S002456,P015,8,2025-11-14,11:19:00
S002457,P016,12,2025-11-14,17:56:00
S002458,P016,14,2025-11-14,12:51:00
S002459,P016,10,2025-11-14,08:51:00
S002460,P016,21,2025-11-14,17:57:00
S002461,P017,12,2025-11-14,15:38:00
S002462,P017,9,2025-11-14,09:19:00
S002463,P017,31,2025-11-14,13:55:00
S002464,P018,2,2025-11-14,15:48:00
S002465,P018,3,2025-11-14,06:26:00
S002466,P018,7,2025-11-14,16:58:00
S002467,P001,26,2025-11-15,17:36:00
S002468,P001,47,2025-11-15,08:12:00
S002469,P002,13,2025-11-15,13:02:00
S002470,P002,15,2025-11-15,10:53:00
S002471,P002,19,2025-11-15,15:19:00
S002472,P003,24,2025-11-15,06:50:00
S002473,P003,9,2025-11-15,10:19:00
S002474,P003,18,2025-11-15,16:30:00
S002475,P003,20,2025-11-15,07:41:00
S002476,P004,13,2025-11-15,13:58:00
S002477,P004,11,2025-11-15,09:01:00
S002478,P004,18,2025-11-15,07:48:00
S002479,P005,21,2025-11-15,11:37:00
S002480,P005,35,2025-11-15,13:36:00
S002481,P006,16,2025-11-15,13:44:00
S002482,P006,12,2025-11-15,11:32:00
S002483,P006,15,2025-11-15,17:36:00
S002484,P007,4,2025-11-15,06:09:00
S002485,P007,4,2025-11-15,17:08:00
S002486,P007,10,2025-11-15,11:10:00
S002487,P008,12,2025-11-15,11:03:00
S002488,P008,7,2025-11-15,14:40:00
S002489,P008,19,2025-11-15,07:32:00
S002490,P009,4,2025-11-15,07:38:00
S002491,P009,6,2025-11-15,14:20:00
S002492,P009,4,2025-11-15,16:51:00
S002493,P009,5,2025-11-15,10:17:00
S002494,P010,6,2025-11-15,14:37:00
S002495,P010,4,2025-11-15,08:00:00
S002496,P010,2,2025-11-15,10:23:00
S002497,P010,9,2025-11-15,13:26:00
S002498,P011,10,2025-11-15,08:32:00
S002499,P011,37,2025-11-15,09:53:00
S002500,P012,9,2025-11-15,14:54:00
S002501,P012,6,2025-11-15,14:44:00
S002502,P012,4,2025-11-15,07:26:00
S002503,P012,7,2025-11-15,13:58:00
S002504,P013,31,2025-11-15,13:22:00
S002505,P013,36,2025-11-15,10:44:00
S002506,P014,27,2025-11-15,15:33:00
S002507,P014,13,2025-11-15,11:11:00
S002508,P014,19,2025-11-15,17:19:00
S002509,P015,5,2025-11-15,17:09:00
S002510,P015,15,2025-11-15,17:14:00
S002511,P016,12,2025-11-15,07:27:00
S002512,P016,39,2025-11-15,17:48:00
S002513,P017,17,2025-11-15,13:48:00
S002514,P017,66,2025-11-15,12:02:00
S002515,P018,5,2025-11-15,14:37:00
S002516,P018,7,2025-11-15,06:30:00
S002517,P001,12,2025-11-16,10:42:00
S002518,P001,9,2025-11-16,07:50:00
S002519,P001,39,2025-11-16,07:58:00
S002520,P002,26,2025-11-16,08:42:00
S002521,P002,9,2025-11-16,07:09:00
S002522,P002,9,2025-11-16,10:37:00
S002523,P002,13,2025-11-16,11:22:00
S002524,P003,22,2025-11-16,15:15:00
S002525,P003,10,2025-11-16,07:06:00
S002526,P003,8,2025-11-16,06:33:00
S002527,P003,12,2025-11-16,09:45:00
S002528,P004,7,2025-11-16,14:00:00
S002529,P004,10,2025-11-16,07:59:00
S002530,P004,12,2025-11-16,09:58:00
S002531,P005,20,2025-11-16,17:37:00
S002532,P005,10,2025-11-16,16:06:00
S002533,P005,7,2025-11-16,11:24:00
S002534,P005,23,2025-11-16,12:13:00
S002535,P006,9,2025-11-16,11:07:00
S002536,P006,11,2025-11-16,14:08:00
S002537,P006,22,2025-11-16,13:48:00
S002538,P007,8,2025-11-16,06:05:00
S002539,P007,4,2025-11-16,07:24:00
S002540,P007,10,2025-11-16,10:29:00
S002541,P008,20,2025-11-16,13:14:00
S002542,P008,10,2025-11-16,10:54:00
S002543,P008,20,2025-11-16,12:12:00
S002544,P009,12,2025-11-16,11:11:00
S002545,P009,2,2025-11-16,16:31:00
S002546,P009,12,2025-11-16,16:06:00
S002547,P010,6,2025-11-16,07:07:00
S002548,P010,2,2025-11-16,12:44:00
S002549,P010,3,2025-11-16,07:47:00
S002550,P010,5,2025-11-16,08:04:00
S002551,P011,13,2025-11-16,15:54:00
S002552,P011,31,2025-11-16,12:07:00
S002553,P012,10,2025-11-16,10:48:00
S002554,P012,6,2025-11-16,15:37:00
S002555,P012,9,2025-11-16,10:48:00
S002556,P013,47,2025-11-16,11:30:00
S002557,P013,20,2025-11-16,12:31:00
S002558,P013,10,2025-11-16,08:49:00
S002559,P013,21,2025-11-16,13:06:00
S002560,P014,16,2025-11-16,16:08:00
S002561,P014,6,2025-11-16,17:03:00
S002562,P014,24,2025-11-16,07:31:00
S002563,P015,9,2025-11-16,16:20:00
S002564,P015,20,2025-11-16,08:19:00
S002565,P016,24,2025-11-16,16:48:00
S002566,P016,33,2025-11-16,14:49:00
S002567,P017,16,2025-11-16,16:31:00
S002568,P017,17,2025-11-16,10:34:00
S002569,P017,32,2025-11-16,11:51:00
S002570,P018,3,2025-11-16,06:27:00
S002571,P018,6,2025-11-16,07:24:00
S002572,P018,2,2025-11-16,12:28:00
S002573,P018,6,2025-11-16,13:02:00
S002574,P001,18,2025-11-17,10:56:00
S002575,P001,11,2025-11-17,13:27:00
S002576,P001,4,2025-11-17,17:24:00
S002577,P001,13,2025-11-17,13:48:00
S002578,P002,11,2025-11-17,14:43:00
S002579,P002,8,2025-11-17,13:30:00
S002580,P002,5,2025-11-17,08:32:00
S002581,P002,10,2025-11-17,06:25:00
S002582,P003,23,2025-11-17,15:43:00
S002583,P003,7,2025-11-17,10:20:00
S002584,P003,3,2025-11-17,15:02:00
S002585,P003,14,2025-11-17,08:53:00
S002586,P004,10,2025-11-17,16:21:00
S002587,P004,5,2025-11-17,12:22:00
S002588,P004,5,2025-11-17,12:22:00
S002589,P004,7,2025-11-17,06:42:00
S002590,P005,16,2025-11-17,15:05:00
S002591,P005,26,2025-11-17,17:04:00
S002592,P006,12,2025-11-17,06:34:00
S002593,P006,30,2025-11-17,11:02:00
S002594,P007,7,2025-11-17,12:17:00
S002595,P007,2,2025-11-17,13:37:00
S002596,P007,10,2025-11-17,06:20:00
S002597,P008,10,2025-11-17,07:51:00
S002598,P008,9,2025-11-17,17:43:00
S002599,P008,18,2025-11-17,09:21:00
S002600,P009,5,2025-11-17,15:19:00
S002601,P009,3,2025-11-17,12:12:00
S002602,P009,3,2025-11-17,07:53:00
S002603,P009,6,2025-11-17,14:13:00
S002604,P010,3,2025-11-17,15:25:00
S002605,P010,10,2025-11-17,09:39:00
S002606,P011,18,2025-11-17,15:06:00
S002607,P011,27,2025-11-17,15:21:00
S002608,P012,9,2025-11-17,13:27:00
S002609,P012,3,2025-11-17,07:41:00
S002610,P012,4,2025-11-17,14:51:00
S002611,P012,5,2025-11-17,10:27:00
S002612,P013,19,2025-11-17,12:16:00
S002613,P013,22,2025-11-17,13:42:00
S002614,P013,35,2025-11-17,14:11:00
S002615,P014,25,2025-11-17,08:36:00
S002616,P014,12,2025-11-17,16:52:00
S002617,P014,10,2025-11-17,13:17:00
S002618,P014,14,2025-11-17,16:34:00
S002619,P015,12,2025-11-17,17:40:00
S002620,P015,3,2025-11-17,09:23:00
S002621,P015,11,2025-11-17,13:09:00
S002622,P016,15,2025-11-17,10:54:00
S002623,P016,7,2025-11-17,11:55:00
S002624,P016,6,2025-11-17,07:40:00
S002625,P016,9,2025-11-17,09:54:00
S002626,P017,20,2025-11-17,10:43:00
S002627,P017,12,2025-11-17,12:15:00
S002628,P017,20,2025-11-17,07:09:00
S002629,P018,3,2025-11-17,10:29:00
S002630,P018,6,2025-11-17,13:35:00
S002631,P001,33,2025-11-18,06:12:00
S002632,P001,12,2025-11-18,08:01:00
S002633,P001,39,2025-11-18,10:50:00
S002634,P002,19,2025-11-18,16:54:00
S002635,P002,7,2025-11-18,17:31:00
S002636,P002,11,2025-11-18,06:55:00
S002637,P002,16,2025-11-18,07:20:00
S002638,P003,27,2025-11-18,12:57:00
S002639,P003,31,2025-11-18,11:42:00
S002640,P004,10,2025-11-18,17:53:00
S002641,P004,22,2025-11-18,08:15:00
S002642,P005,13,2025-11-18,07:33:00
S002643,P005,9,2025-11-18,15:49:00
S002644,P005,7,2025-11-18,10:31:00
S002645,P005,9,2025-11-18,07:15:00
S002646,P006,11,2025-11-18,15:47:00
S002647,P006,8,2025-11-18,17:47:00
S002648,P006,18,2025-11-18,09:59:00
S002649,P007,4,2025-11-18,09:17:00
S002650,P007,15,2025-11-18,13:26:00
S002651,P008,7,2025-11-18,14:23:00
S002652,P008,11,2025-11-18,07:20:00
S002653,P008,5,2025-11-18,13:43:00
S002654,P008,11,2025-11-18,09:17:00
S002655,P009,6,2025-11-18,17:23:00
S002656,P009,16,2025-11-18,10:01:00
S002657,P010,3,2025-11-18,17:42:00
S002658,P010,5,2025-11-18,06:44:00
S002659,P010,3,2025-11-18,16:15:00
S002660,P010,5,2025-11-18,10:35:00
S002661,P011,18,2025-11-18,11:57:00
S002662,P011,8,2025-11-18,07:34:00
S002663,P011,5,2025-11-18,13:24:00
S002664,P011,6,2025-11-18,06:58:00
S002665,P012,8,2025-11-18,09:19:00
S002666,P012,6,2025-11-18,08:58:00
S002667,P012,17,2025-11-18,13:40:00
S002668,P013,19,2025-11-18,06:17:00
S002669,P013,19,2025-11-18,13:30:00
S002670,P013,10,2025-11-18,11:45:00
S002671,P013,14,2025-11-18,12:56:00
S002672,P014,27,2025-11-18,17:16:00
S002673,P014,35,2025-11-18,14:04:00
S002674,P015,8,2025-11-18,14:47:00
S002675,P015,3,2025-11-18,17:01:00
S002676,P015,3,2025-11-18,16:41:00
S002677,P015,6,2025-11-18,08:40:00
S002678,P016,10,2025-11-18,12:12:00
S002679,P016,12,2025-11-18,11:36:00
S002680,P016,4,2025-11-18,08:15:00
S002681,P016,17,2025-11-18,14:45:00
S002682,P017,30,2025-11-18,15:43:00
S002683,P017,12,2025-11-18,11:28:00
S002684,P017,9,2025-11-18,17:08:00
S002685,P017,19,2025-11-18,10:11:00
S002686,P018,5,2025-11-18,09:05:00
S002687,P018,2,2025-11-18,08:25:00
S002688,P018,6,2025-11-18,12:53:00
S002689,P001,16,2025-11-19,06:59:00
S002690,P001,63,2025-11-19,14:41:00
S002691,P002,22,2025-11-19,13:12:00
S002692,P002,26,2025-11-19,10:44:00
S002693,P003,21,2025-11-19,12:38:00
S002694,P003,45,2025-11-19,10:09:00
S002695,P004,5,2025-11-19,15:07:00
S002696,P004,3,2025-11-19,14:27:00
S002697,P004,14,2025-11-19,13:52:00
S002698,P005,14,2025-11-19,09:12:00
S002699,P005,41,2025-11-19,10:18:00
S002700,P006,9,2025-11-19,09:38:00
S002701,P006,8,2025-11-19,10:46:00
S002702,P006,23,2025-11-19,16:12:00
S002703,P007,8,2025-11-19,06:18:00
S002704,P007,5,2025-11-19,09:39:00
S002705,P007,6,2025-11-19,13:58:00
S002706,P008,13,2025-11-19,13:05:00
S002707,P008,4,2025-11-19,08:55:00
S002708,P008,4,2025-11-19,17:25:00
S002709,P008,12,2025-11-19,16:13:00
S002710,P009,6,2025-11-19,15:16:00
S002711,P009,3,2025-11-19,14:03:00
S002712,P009,2,2025-11-19,09:30:00
S002713,P009,9,2025-11-19,11:38:00
S002714,P010,7,2025-11-19,06:00:00
S002715,P010,3,2025-11-19,15:24:00
S002716,P010,2,2025-11-19,12:42:00
S002717,P010,6,2025-11-19,11:08:00
S002718,P011,10,2025-11-19,08:16:00
S002719,P011,10,2025-11-19,13:59:00
S002720,P011,9,2025-11-19,13:08:00
S002721,P011,22,2025-11-19,07:20:00
S002722,P012,6,2025-11-19,07:20:00
S002723,P012,4,2025-11-19,08:31:00
S002724,P012,18,2025-11-19,10:47:00
S002725,P013,18,2025-11-19,10:39:00
S002726,P013,20,2025-11-19,10:33:00
S002727,P013,26,2025-11-19,11:27:00
S002728,P014,25,2025-11-19,13:48:00
S002729,P014,17,2025-11-19,14:54:00
S002730,P014,19,2025-11-19,16:40:00
S002731,P015,6,2025-11-19,06:14:00
S002732,P015,19,2025-11-19,08:02:00
S002733,P016,18,2025-11-19,12:07:00
S002734,P016,26,2025-11-19,13:02:00
S002735,P017,19,2025-11-19,13:31:00
S002736,P017,7,2025-11-19,17:55:00
S002737,P017,6,2025-11-19,11:05:00
S002738,P017,21,2025-11-19,09:55:00
S002739,P018,4,2025-11-19,10:36:00
S002740,P018,6,2025-11-19,16:37:00
S002741,P001,18,2025-11-20,15:11:00
S002742,P001,35,2025-11-20,12:58:00
S002743,P002,13,2025-11-20,11:01:00
S002744,P002,5,2025-11-20,16:07:00
S002745,P002,15,2025-11-20,12:23:00
S002746,P003,25,2025-11-20,08:01:00
S002747,P003,32,2025-11-20,07:29:00
S002748,P004,12,2025-11-20,16:17:00
S002749,P004,8,2025-11-20,06:21:00
S002750,P004,7,2025-11-20,16:39:00
S002751,P004,8,2025-11-20,13:20:00
S002752,P005,29,2025-11-20,15:08:00
S002753,P005,8,2025-11-20,06:51:00
S002754,P005,10,2025-11-20,11:51:00
S002755,P005,16,2025-11-20,06:47:00
S002756,P006,7,2025-11-20,12:16:00
S002757,P006,4,2025-11-20,12:05:00
S002758,P006,2,2025-11-20,09:10:00
S002759,P006,12,2025-11-20,12:49:00
S002760,P007,7,2025-11-20,16:09:00
S002761,P007,2,2025-11-20,13:51:00
S002762,P007,2,2025-11-20,10:57:00
S002763,P007,7,2025-11-20,16:38:00
S002764,P008,7,2025-11-20,11:32:00
S002765,P008,6,2025-11-20,13:56:00
S002766,P008,5,2025-11-20,10:36:00
S002767,P008,13,2025-11-20,15:27:00
S002768,P009,5,2025-11-20,15:11:00
S002769,P009,2,2025-11-20,12:05:00
S002770,P009,6,2025-11-20,06:32:00
S002771,P010,5,2025-11-20,16:43:00
S002772,P010,3,2025-11-20,13:33:00
S002773,P010,5,2025-11-20,16:41:00
S002774,P011,13,2025-11-20,07:58:00
S002775,P011,11,2025-11-20,10:09:00
S002776,P011,16,2025-11-20,08:43:00
S002777,P012,11,2025-11-20,10:36:00
S002778,P012,20,2025-11-20,06:35:00
S002779,P013,18,2025-11-20,14:27:00
S002780,P013,34,2025-11-20,12:06:00
S002781,P014,17,2025-11-20,10:22:00
S002782,P014,8,2025-11-20,07:49:00
S002783,P014,8,2025-11-20,07:47:00
S002784,P014,15,2025-11-20,16:29:00
S002785,P015,7,2025-11-20,06:05:00
S002786,P015,10,2025-11-20,12:56:00
S002787,P016,18,2025-11-20,13:48:00
S002788,P016,12,2025-11-20,15:51:00
S002789,P016,20,2025-11-20,10:21:00
S002790,P017,18,2025-11-20,07:47:00
S002791,P017,52,2025-11-20,15:16:00
S002792,P018,4,2025-11-20,06:00:00
S002793,P018,10,2025-11-20,12:07:00
S002794,P001,15,2025-11-21,17:25:00
S002795,P001,14,2025-11-21,17:38:00
S002796,P001,7,2025-11-21,10:39:00
S002797,P001,10,2025-11-21,15:23:00
S002798,P002,20,2025-11-21,10:05:00
S002799,P002,7,2025-11-21,06:12:00
S002800,P002,5,2025-11-21,06:44:00
S002801,P002,18,2025-11-21,09:54:00
S002802,P003,15,2025-11-21,16:15:00
S002803,P003,7,2025-11-21,16:54:00
S002804,P003,17,2025-11-21,14:12:00
S002805,P004,5,2025-11-21,12:01:00
S002806,P004,3,2025-11-21,08:47:00
S002807,P004,14,2025-11-21,17:28:00
S002808,P005,12,2025-11-21,13:37:00
S002809,P005,13,2025-11-21,10:36:00
S002810,P005,38,2025-11-21,12:03:00
S002811,P006,12,2025-11-21,17:27:00
S002812,P006,19,2025-11-21,12:54:00
S002813,P007,7,2025-11-21,14:18:00
S002814,P007,2,2025-11-21,12:31:00
S002815,P007,3,2025-11-21,17:39:00
S002816,P007,7,2025-11-21,16:57:00
S002817,P008,12,2025-11-21,06:33:00
S002818,P008,7,2025-11-21,15:20:00
S002819,P008,28,2025-11-21,14:04:00
S002820,P009,4,2025-11-21,13:07:00
S002821,P009,3,2025-11-21,16:22:00
S002822,P009,2,2025-11-21,12:01:00
S002823,P009,6,2025-11-21,08:18:00
S002824,P010,5,2025-11-21,09:32:00
S002825,P010,3,2025-11-21,16:21:00
S002826,P010,9,2025-11-21,15:54:00
S002827,P011,16,2025-11-21,10:46:00
S002828,P011,13,2025-11-21,12:53:00
S002829,P011,9,2025-11-21,16:47:00
S002830,P011,10,2025-11-21,11:50:00
S002831,P012,9,2025-11-21,10:44:00
S002832,P012,15,2025-11-21,17:05:00
S002833,P013,19,2025-11-21,08:38:00
S002834,P013,58,2025-11-21,13:06:00
S002835,P014,16,2025-11-21,09:35:00
S002836,P014,8,2025-11-21,06:22:00
S002837,P014,34,2025-11-21,10:22:00
S002838,P015,10,2025-11-21,14:02:00
S002839,P015,14,2025-11-21,07:21:00
S002840,P016,11,2025-11-21,14:14:00
S002841,P016,11,2025-11-21,11:50:00
S002842,P016,6,2025-11-21,06:49:00
S002843,P016,15,2025-11-21,14:17:00
S002844,P017,31,2025-11-21,15:42:00
S002845,P017,8,2025-11-21,06:59:00
S002846,P017,14,2025-11-21,13:53:00
S002847,P017,15,2025-11-21,07:06:00
S002848,P018,6,2025-11-21,07:52:00
S002849,P018,2,2025-11-21,14:06:00
S002850,P018,1,2025-11-21,07:55:00
S002851,P018,5,2025-11-21,09:58:00
S002852,P001,22,2025-11-22,13:48:00
S002853,P001,19,2025-11-22,17:55:00
S002854,P001,8,2025-11-22,16:23:00
S002855,P001,28,2025-11-22,11:52:00
S002856,P002,14,2025-11-22,12:49:00
S002857,P002,31,2025-11-22,06:15:00
S002858,P003,25,2025-11-22,14:10:00
S002859,P003,13,2025-11-22,11:45:00
S002860,P003,47,2025-11-22,12:23:00
S002861,P004,10,2025-11-22,14:26:00
S002862,P004,32,2025-11-22,09:08:00
S002863,P005,36,2025-11-22,13:54:00
S002864,P005,14,2025-11-22,16:23:00
S002865,P005,26,2025-11-22,06:28:00
S002866,P006,14,2025-11-22,14:04:00
S002867,P006,21,2025-11-22,07:21:00
S002868,P007,7,2025-11-22,12:48:00
S002869,P007,16,2025-11-22,06:42:00
S002870,P008,30,2025-11-22,06:40:00
S002871,P008,35,2025-11-22,17:51:00
S002872,P009,12,2025-11-22,12:25:00
S002873,P009,6,2025-11-22,17:35:00
S002874,P009,3,2025-11-22,17:47:00
S002875,P009,4,2025-11-22,11:58:00
S002876,P010,7,2025-11-22,15:58:00
S002877,P010,2,2025-11-22,12:28:00
S002878,P010,8,2025-11-22,16:13:00
S002879,P011,27,2025-11-22,16:28:00
S002880,P011,15,2025-11-22,16:25:00
S002881,P011,9,2025-11-22,10:05:00
S002882,P011,13,2025-11-22,06:34:00
S002883,P012,12,2025-11-22,08:33:00
S002884,P012,8,2025-11-22,10:13:00
S002885,P012,2,2025-11-22,14:19:00
S002886,P012,7,2025-11-22,14:21:00
S002887,P013,21,2025-11-22,14:37:00
S002888,P013,84,2025-11-22,10:15:00
S002889,P014,32,2025-11-22,14:07:00
S002890,P014,18,2025-11-22,11:16:00
S002891,P014,27,2025-11-22,16:32:00
S002892,P015,11,2025-11-22,07:28:00
S002893,P015,15,2025-11-22,10:36:00
S002894,P016,19,2025-11-22,09:51:00
S002895,P016,19,2025-11-22,15:36:00
S002896,P016,28,2025-11-22,17:57:00
S002897,P017,32,2025-11-22,15:14:00
S002898,P017,17,2025-11-22,10:42:00
S002899,P017,17,2025-11-22,17:36:00
S002900,P017,24,2025-11-22,16:08:00
S002901,P018,7,2025-11-22,07:20:00
S002902,P018,3,2025-11-22,09:52:00
S002903,P018,3,2025-11-22,13:06:00
S002904,P018,4,2025-11-22,08:45:00
S002905,P001,16,2025-11-23,06:27:00
S002906,P001,27,2025-11-23,13:13:00
S002907,P001,31,2025-11-23,13:04:00
S002908,P002,15,2025-11-23,14:33:00
S002909,P002,14,2025-11-23,10:37:00
S002910,P002,6,2025-11-23,12:28:00
S002911,P002,14,2025-11-23,17:59:00
S002912,P003,40,2025-11-23,08:09:00
S002913,P003,15,2025-11-23,13:45:00
S002914,P003,9,2025-11-23,17:32:00
S002915,P003,19,2025-11-23,14:07:00
S002916,P004,13,2025-11-23,17:10:00
S002917,P004,13,2025-11-23,11:58:00
S002918,P004,14,2025-11-23,07:38:00
S002919,P005,17,2025-11-23,15:18:00
S002920,P005,55,2025-11-23,06:33:00
S002921,P006,9,2025-11-23,11:19:00
S002922,P006,6,2025-11-23,06:50:00
S002923,P006,18,2025-11-23,08:09:00
S002924,P007,6,2025-11-23,10:56:00
S002925,P007,6,2025-11-23,08:52:00
S002926,P007,16,2025-11-23,17:31:00
S002927,P008,10,2025-11-23,06:26:00
S002928,P008,7,2025-11-23,10:36:00
S002929,P008,5,2025-11-23,11:50:00
S002930,P008,11,2025-11-23,12:30:00
S002931,P009,5,2025-11-23,08:32:00
S002932,P009,7,2025-11-23,13:42:00
S002933,P009,4,2025-11-23,17:20:00
S002934,P009,9,2025-11-23,07:51:00
S002935,P010,6,2025-11-23,09:57:00
S002936,P010,4,2025-11-23,14:02:00
S002937,P010,4,2025-11-23,13:47:00
S002938,P010,5,2025-11-23,10:41:00
S002939,P011,14,2025-11-23,15:40:00
S002940,P011,22,2025-11-23,17:19:00
S002941,P012,12,2025-11-23,07:12:00
S002942,P012,19,2025-11-23,15:34:00
S002943,P013,42,2025-11-23,14:12:00
S002944,P013,45,2025-11-23,13:32:00
S002945,P014,29,2025-11-23,14:11:00
S002946,P014,45,2025-11-23,06:17:00
S002947,P015,13,2025-11-23,15:28:00
S002948,P015,17,2025-11-23,07:51:00
S002949,P016,17,2025-11-23,06:31:00
S002950,P016,17,2025-11-23,06:21:00
S002951,P016,21,2025-11-23,12:11:00
S002952,P017,18,2025-11-23,10:05:00
S002953,P017,10,2025-11-23,07:34:00
S002954,P017,8,2025-11-23,08:11:00
S002955,P017,26,2025-11-23,10:49:00
S002956,P018,4,2025-11-23,16:10:00
S002957,P018,1,2025-11-23,11:11:00
S002958,P018,5,2025-11-23,06:45:00
S002959,P001,10,2025-11-24,08:26:00
S002960,P001,17,2025-11-24,10:24:00
S002961,P001,20,2025-11-24,07:03:00
S002962,P002,13,2025-11-24,13:32:00
S002963,P002,9,2025-11-24,12:07:00
S002964,P002,3,2025-11-24,11:29:00
S002965,P002,11,2025-11-24,14:26:00
S002966,P003,12,2025-11-24,09:58:00
S002967,P003,28,2025-11-24,06:17:00
S002968,P004,12,2025-11-24,09:48:00
S002969,P004,6,2025-11-24,08:19:00
S002970,P004,4,2025-11-24,13:05:00
S002971,P004,8,2025-11-24,16:32:00
S002972,P005,12,2025-11-24,08:50:00
S002973,P005,29,2025-11-24,09:34:00
S002974,P006,14,2025-11-24,06:52:00
S002975,P006,10,2025-11-24,15:18:00
S002976,P006,7,2025-11-24,08:00:00
S002977,P006,13,2025-11-24,06:59:00
S002978,P007,9,2025-11-24,16:24:00
S002979,P007,7,2025-11-24,16:13:00
S002980,P007,9,2025-11-24,15:53:00
S002981,P008,9,2025-11-24,14:36:00
S002982,P008,31,2025-11-24,07:19:00
S002983,P009,3,2025-11-24,08:46:00
S002984,P009,3,2025-11-24,10:56:00
S002985,P009,2,2025-11-24,15:32:00
S002986,P009,5,2025-11-24,11:56:00
S002987,P010,6,2025-11-24,17:28:00
S002988,P010,2,2025-11-24,16:20:00
S002989,P010,8,2025-11-24,11:13:00
S002990,P011,11,2025-11-24,17:08:00
S002991,P011,11,2025-11-24,06:38:00
S002992,P011,5,2025-11-24,06:43:00
S002993,P011,12,2025-11-24,08:26:00
S002994,P012,10,2025-11-24,12:34:00
S002995,P012,3,2025-11-24,16:41:00
S002996,P012,2,2025-11-24,06:57:00
S002997,P012,10,2025-11-24,16:28:00
S002998,P013,37,2025-11-24,12:52:00
S002999,P013,15,2025-11-24,12:11:00
S003000,P013,25,2025-11-24,17:00:00
S003001,P014,18,2025-11-24,13:00:00
S003002,P014,5,2025-11-24,06:48:00
S003003,P014,15,2025-11-24,10:43:00
S003004,P015,6,2025-11-24,15:40:00
S003005,P015,6,2025-11-24,17:14:00
S003006,P015,15,2025-11-24,09:31:00
S003007,P016,16,2025-11-24,17:45:00
S003008,P016,41,2025-11-24,15:13:00
S003009,P017,12,2025-11-24,10:36:00
S003010,P017,9,2025-11-24,08:35:00
S003011,P017,4,2025-11-24,17:36:00
S003012,P017,13,2025-11-24,16:43:00
S003013,P018,2,2025-11-24,08:47:00
S003014,P018,10,2025-11-24,07:08:00
S003015,P001,25,2025-11-25,14:46:00
S003016,P001,13,2025-11-25,09:54:00
S003017,P001,6,2025-11-25,17:43:00
S003018,P001,11,2025-11-25,14:39:00
S003019,P002,17,2025-11-25,06:27:00
S003020,P002,8,2025-11-25,16:03:00
S003021,P002,5,2025-11-25,11:27:00
S003022,P002,8,2025-11-25,12:17:00
S003023,P003,14,2025-11-25,11:33:00
S003024,P003,11,2025-11-25,17:14:00
S003025,P003,3,2025-11-25,12:34:00
S003026,P003,14,2025-11-25,13:20:00
S003027,P004,6,2025-11-25,15:51:00
S003028,P004,15,2025-11-25,06:47:00
S003029,P005,13,2025-11-25,07:58:00
S003030,P005,7,2025-11-25,08:21:00
S003031,P005,6,2025-11-25,16:40:00
S003032,P005,15,2025-11-25,07:01:00
S003033,P006,12,2025-11-25,16:59:00
S003034,P006,22,2025-11-25,11:53:00
S003035,P007,5,2025-11-25,11:53:00
S003036,P007,12,2025-11-25,06:52:00
S003037,P008,17,2025-11-25,15:39:00
S003038,P008,19,2025-11-25,13:48:00
S003039,P009,4,2025-11-25,07:03:00
S003040,P009,4,2025-11-25,12:20:00
S003041,P009,5,2025-11-25,17:04:00
S003042,P010,8,2025-11-25,13:03:00
S003043,P010,9,2025-11-25,10:39:00
S003044,P011,9,2025-11-25,06:35:00
S003045,P011,34,2025-11-25,06:18:00
S003046,P012,6,2025-11-25,12:14:00
S003047,P012,11,2025-11-25,16:39:00
S003048,P012,13,2025-11-25,06:29:00
S003049,P013,30,2025-11-25,15:06:00
S003050,P013,10,2025-11-25,16:50:00
S003051,P013,25,2025-11-25,06:29:00
S003052,P014,12,2025-11-25,07:00:00
S003053,P014,14,2025-11-25,07:37:00
S003054,P014,10,2025-11-25,09:57:00
S003055,P014,14,2025-11-25,15:08:00
S003056,P015,7,2025-11-25,13:46:00
S003057,P015,6,2025-11-25,08:15:00
S003058,P015,10,2025-11-25,08:51:00
S003059,P016,9,2025-11-25,12:32:00
S003060,P016,23,2025-11-25,16:48:00
S003061,P017,23,2025-11-25,08:09:00
S003062,P017,9,2025-11-25,15:21:00
S003063,P017,5,2025-11-25,06:33:00
S003064,P017,13,2025-11-25,15:42:00
S003065,P018,3,2025-11-25,14:54:00
S003066,P018,10,2025-11-25,06:27:00
S003067,P001,22,2025-11-26,09:50:00
S003068,P001,36,2025-11-26,07:21:00
S003069,P002,14,2025-11-26,13:38:00
S003070,P002,8,2025-11-26,15:36:00
S003071,P002,14,2025-11-26,11:39:00
S003072,P003,11,2025-11-26,13:56:00
S003073,P003,16,2025-11-26,06:31:00
S003074,P003,21,2025-11-26,09:58:00
S003075,P004,8,2025-11-26,13:39:00
S003076,P004,13,2025-11-26,09:15:00
S003077,P005,21,2025-11-26,12:13:00
S003078,P005,8,2025-11-26,06:23:00
S003079,P005,20,2025-11-26,06:04:00
S003080,P006,7,2025-11-26,10:28:00
S003081,P006,6,2025-11-26,15:58:00
S003082,P006,8,2025-11-26,06:01:00
S003083,P006,11,2025-11-26,09:12:00
S003084,P007,7,2025-11-26,17:11:00
S003085,P007,10,2025-11-26,11:54:00
S003086,P008,10,2025-11-26,08:53:00
S003087,P008,31,2025-11-26,10:58:00
S003088,P009,3,2025-11-26,16:50:00
S003089,P009,4,2025-11-26,11:59:00
S003090,P009,1,2025-11-26,13:15:00
S003091,P009,5,2025-11-26,11:51:00
S003092,P010,6,2025-11-26,15:56:00
S003093,P010,7,2025-11-26,12:56:00
S003094,P011,10,2025-11-26,08:50:00
S003095,P011,35,2025-11-26,09:12:00
S003096,P012,7,2025-11-26,15:27:00
S003097,P012,8,2025-11-26,09:58:00
S003098,P012,2,2025-11-26,15:37:00
S003099,P012,8,2025-11-26,09:54:00
S003100,P013,21,2025-11-26,06:40:00
S003101,P013,50,2025-11-26,10:55:00
S003102,P014,18,2025-11-26,13:13:00
S003103,P014,8,2025-11-26,13:50:00
S003104,P014,4,2025-11-26,07:10:00
S003105,P014,8,2025-11-26,14:24:00
S003106,P015,10,2025-11-26,11:31:00
S003107,P015,5,2025-11-26,08:20:00
S003108,P015,4,2025-11-26,14:44:00
S003109,P015,6,2025-11-26,13:45:00
S003110,P016,15,2025-11-26,12:40:00
S003111,P016,20,2025-11-26,15:41:00
S003112,P016,22,2025-11-26,06:13:00
S003113,P017,15,2025-11-26,09:25:00
S003114,P017,30,2025-11-26,09:19:00
S003115,P018,4,2025-11-26,11:16:00
S003116,P018,2,2025-11-26,08:48:00
S003117,P018,5,2025-11-26,07:18:00
S003118,P001,16,2025-11-27,06:29:00
S003119,P001,16,2025-11-27,11:27:00
S003120,P001,30,2025-11-27,13:29:00
S003121,P002,18,2025-11-27,11:17:00
S003122,P002,7,2025-11-27,08:28:00
S003123,P002,18,2025-11-27,09:16:00
S003124,P003,27,2025-11-27,10:53:00
S003125,P003,11,2025-11-27,14:41:00
S003126,P003,21,2025-11-27,07:50:00
S003127,P004,5,2025-11-27,07:23:00
S003128,P004,20,2025-11-27,06:34:00
S003129,P005,16,2025-11-27,10:19:00
S003130,P005,25,2025-11-27,17:52:00
S003131,P006,10,2025-11-27,15:08:00
S003132,P006,14,2025-11-27,17:47:00
S003133,P006,16,2025-11-27,14:58:00
S003134,P007,4,2025-11-27,11:50:00
S003135,P007,6,2025-11-27,12:52:00
S003136,P007,7,2025-11-27,15:48:00
S003137,P008,17,2025-11-27,08:55:00
S003138,P008,8,2025-11-27,09:46:00
S003139,P008,18,2025-11-27,17:13:00
S003140,P009,6,2025-11-27,14:48:00
S003141,P009,3,2025-11-27,13:21:00
S003142,P009,3,2025-11-27,11:54:00
S003143,P009,5,2025-11-27,09:27:00
S003144,P010,5,2025-11-27,13:28:00
S003145,P010,5,2025-11-27,06:23:00
S003146,P010,1,2025-11-27,08:19:00
S003147,P010,6,2025-11-27,17:00:00
S003148,P011,17,2025-11-27,11:14:00
S003149,P011,7,2025-11-27,16:48:00
S003150,P011,4,2025-11-27,17:34:00
S003151,P011,11,2025-11-27,10:20:00
S003152,P012,11,2025-11-27,08:09:00
S003153,P012,7,2025-11-27,11:36:00
S003154,P012,3,2025-11-27,15:58:00
S003155,P012,5,2025-11-27,15:36:00
S003156,P013,22,2025-11-27,12:04:00
S003157,P013,22,2025-11-27,09:30:00
S003158,P013,41,2025-11-27,07:21:00
S003159,P014,20,2025-11-27,10:05:00
S003160,P014,8,2025-11-27,16:35:00
S003161,P014,24,2025-11-27,08:02:00
S003162,P015,9,2025-11-27,08:12:00
S003163,P015,3,2025-11-27,12:18:00
S003164,P015,3,2025-11-27,10:42:00
S003165,P015,11,2025-11-27,14:04:00
S003166,P016,15,2025-11-27,08:20:00
S003167,P016,12,2025-11-27,12:25:00
S003168,P016,16,2025-11-27,08:07:00
S003169,P017,14,2025-11-27,07:24:00
S003170,P017,13,2025-11-27,09:08:00
S003171,P017,15,2025-11-27,09:19:00
S003172,P018,4,2025-11-27,08:38:00
S003173,P018,2,2025-11-27,10:37:00
S003174,P018,1,2025-11-27,17:43:00
S003175,P018,4,2025-11-27,13:17:00
S003176,P001,17,2025-11-28,12:38:00
S003177,P001,36,2025-11-28,09:33:00
S003178,P002,18,2025-11-28,13:29:00
S003179,P002,8,2025-11-28,17:05:00
S003180,P002,4,2025-11-28,13:22:00
S003181,P002,10,2025-11-28,17:53:00
S003182,P003,19,2025-11-28,08:26:00
S003183,P003,11,2025-11-28,15:46:00
S003184,P003,31,2025-11-28,12:29:00
S003185,P004,6,2025-11-28,15:06:00
S003186,P004,6,2025-11-28,06:15:00
S003187,P004,6,2025-11-28,08:17:00
S003188,P004,9,2025-11-28,16:34:00
S003189,P005,17,2025-11-28,17:57:00
S003190,P005,26,2025-11-28,09:58:00
S003191,P006,8,2025-11-28,11:04:00
S003192,P006,11,2025-11-28,14:49:00
S003193,P006,6,2025-11-28,12:28:00
S003194,P006,9,2025-11-28,08:16:00
S003195,P007,5,2025-11-28,07:40:00
S003196,P007,11,2025-11-28,17:43:00
S003197,P008,13,2025-11-28,12:54:00
S003198,P008,8,2025-11-28,06:00:00
S003199,P008,24,2025-11-28,10:07:00
S003200,P009,5,2025-11-28,17:29:00
S003201,P009,15,2025-11-28,13:29:00
S003202,P010,4,2025-11-28,17:28:00
S003203,P010,1,2025-11-28,10:53:00
S003204,P010,1,2025-11-28,06:38:00
S003205,P010,5,2025-11-28,07:11:00
S003206,P011,14,2025-11-28,08:04:00
S003207,P011,8,2025-11-28,06:43:00
S003208,P011,3,2025-11-28,13:22:00
S003209,P011,10,2025-11-28,08:13:00
S003210,P012,10,2025-11-28,13:44:00
S003211,P012,3,2025-11-28,16:51:00
S003212,P012,5,2025-11-28,16:45:00
S003213,P012,10,2025-11-28,16:57:00
S003214,P013,15,2025-11-28,06:38:00
S003215,P013,7,2025-11-28,12:49:00
S003216,P013,8,2025-11-28,09:23:00
S003217,P013,23,2025-11-28,09:12:00
S003218,P014,7,2025-11-28,06:21:00
S003219,P014,13,2025-11-28,16:42:00
S003220,P014,17,2025-11-28,07:14:00
S003221,P015,12,2025-11-28,16:10:00
S003222,P015,16,2025-11-28,17:10:00
S003223,P016,7,2025-11-28,11:20:00
S003224,P016,9,2025-11-28,09:39:00
S003225,P016,4,2025-11-28,14:25:00
S003226,P016,12,2025-11-28,12:07:00
S003227,P017,14,2025-11-28,08:00:00
S003228,P017,32,2025-11-28,12:41:00
S003229,P018,2,2025-11-28,09:04:00
S003230,P018,3,2025-11-28,10:41:00
S003231,P018,5,2025-11-28,15:23:00
S003232,P001,19,2025-11-29,15:31:00
S003233,P001,42,2025-11-29,07:45:00
S003234,P002,14,2025-11-29,07:38:00
S003235,P002,13,2025-11-29,16:44:00
S003236,P002,10,2025-11-29,17:08:00
S003237,P002,22,2025-11-29,11:11:00
S003238,P003,22,2025-11-29,16:30:00
S003239,P003,12,2025-11-29,06:38:00
S003240,P003,20,2025-11-29,13:24:00
S003241,P003,23,2025-11-29,14:40:00
S003242,P004,16,2025-11-29,06:14:00
S003243,P004,5,2025-11-29,07:19:00
S003244,P004,6,2025-11-29,12:48:00
S003245,P004,17,2025-11-29,09:39:00
S003246,P005,14,2025-11-29,10:12:00
S003247,P005,34,2025-11-29,08:24:00
S003248,P006,10,2025-11-29,17:38:00
S003249,P006,27,2025-11-29,13:47:00
S003250,P007,8,2025-11-29,16:50:00
S003251,P007,23,2025-11-29,06:33:00
S003252,P008,24,2025-11-29,10:48:00
S003253,P008,7,2025-11-29,17:21:00
S003254,P008,30,2025-11-29,11:15:00
S003255,P009,8,2025-11-29,16:15:00
S003256,P009,11,2025-11-29,16:44:00
S003257,P010,10,2025-11-29,14:20:00
S003258,P010,3,2025-11-29,16:00:00
S003259,P010,1,2025-11-29,13:04:00
S003260,P010,8,2025-11-29,09:03:00
S003261,P011,26,2025-11-29,08:05:00
S003262,P011,30,2025-11-29,08:37:00
S003263,P012,8,2025-11-29,07:27:00
S003264,P012,25,2025-11-29,17:29:00
S003265,P013,20,2025-11-29,12:11:00
S003266,P013,22,2025-11-29,10:18:00
S003267,P013,14,2025-11-29,16:12:00
S003268,P013,24,2025-11-29,10:55:00
S003269,P014,36,2025-11-29,11:25:00
S003270,P014,39,2025-11-29,12:10:00
S003271,P015,9,2025-11-29,17:27:00
S003272,P015,8,2025-11-29,13:01:00
S003273,P015,11,2025-11-29,12:27:00
S003274,P016,26,2025-11-29,08:35:00
S003275,P016,18,2025-11-29,10:24:00
S003276,P016,26,2025-11-29,13:19:00
S003277,P017,25,2025-11-29,13:04:00
S003278,P017,13,2025-11-29,17:30:00
S003279,P017,31,2025-11-29,09:09:00
S003280,P018,3,2025-11-29,14:46:00
S003281,P018,16,2025-11-29,17:23:00
S003282,P001,37,2025-11-30,17:23:00
S003283,P001,12,2025-11-30,10:41:00
S003284,P001,28,2025-11-30,15:04:00
S003285,P002,25,2025-11-30,07:24:00
S003286,P002,26,2025-11-30,15:10:00
S003287,P003,25,2025-11-30,17:22:00
S003288,P003,9,2025-11-30,13:40:00
S003289,P003,19,2025-11-30,17:23:00
S003290,P004,12,2025-11-30,12:47:00
S003291,P004,7,2025-11-30,13:02:00
S003292,P004,10,2025-11-30,11:40:00
S003293,P004,11,2025-11-30,17:43:00
S003294,P005,16,2025-11-30,10:38:00
S003295,P005,9,2025-11-30,16:09:00
S003296,P005,4,2025-11-30,15:37:00
S003297,P005,14,2025-11-30,16:53:00
S003298,P006,14,2025-11-30,16:45:00
S003299,P006,19,2025-11-30,12:25:00
S003300,P007,9,2025-11-30,09:56:00
S003301,P007,17,2025-11-30,12:10:00
S003302,P008,23,2025-11-30,14:34:00
S003303,P008,13,2025-11-30,12:37:00
S003304,P008,21,2025-11-30,10:46:00
S003305,P009,9,2025-11-30,07:40:00
S003306,P009,4,2025-11-30,11:52:00
S003307,P009,1,2025-11-30,17:13:00
S003308,P009,6,2025-11-30,17:25:00
S003309,P010,9,2025-11-30,13:00:00
S003310,P010,11,2025-11-30,07:04:00
S003311,P011,19,2025-11-30,16:18:00
S003312,P011,15,2025-11-30,08:11:00
S003313,P011,21,2025-11-30,11:11:00
S003314,P012,11,2025-11-30,14:07:00
S003315,P012,22,2025-11-30,13:36:00
S003316,P013,25,2025-11-30,17:11:00
S003317,P013,74,2025-11-30,09:16:00
S003318,P014,25,2025-11-30,15:06:00
S003319,P014,23,2025-11-30,08:05:00
S003320,P014,29,2025-11-30,10:05:00
S003321,P015,5,2025-11-30,06:37:00
S003322,P015,5,2025-11-30,13:43:00
S003323,P015,14,2025-11-30,07:00:00
S003324,P016,15,2025-11-30,06:06:00
S003325,P016,24,2025-11-30,09:33:00
S003326,P017,29,2025-11-30,10:59:00
S003327,P017,16,2025-11-30,11:38:00
S003328,P017,32,2025-11-30,12:21:00
S003329,P018,6,2025-11-30,09:23:00
S003330,P018,2,2025-11-30,12:39:00
S003331,P018,5,2025-11-30,06:22:00
S003332,P001,15,2025-12-01,17:25:00
S003333,P001,64,2025-12-01,17:53:00
S003334,P002,11,2025-12-01,07:55:00
S003335,P002,44,2025-12-01,14:17:00
S003336,P003,21,2025-12-01,15:43:00
S003337,P003,48,2025-12-01,16:55:00
S003338,P004,11,2025-12-01,06:40:00
S003339,P004,8,2025-12-01,11:01:00
S003340,P004,10,2025-12-01,16:23:00
S003341,P005,18,2025-12-01,13:14:00
S003342,P005,16,2025-12-01,12:47:00
S003343,P005,10,2025-12-01,07:22:00
S003344,P005,17,2025-12-01,12:59:00
S003345,P006,21,2025-12-01,17:57:00
S003346,P006,5,2025-12-01,12:18:00
S003347,P006,18,2025-12-01,15:12:00
S003348,P007,10,2025-12-01,17:32:00
S003349,P007,2,2025-12-01,13:50:00
S003350,P007,2,2025-12-01,16:35:00
S003351,P007,8,2025-12-01,13:10:00
S003352,P008,16,2025-12-01,14:15:00
S003353,P008,33,2025-12-01,09:13:00
S003354,P009,5,2025-12-01,07:27:00
S003355,P009,4,2025-12-01,06:10:00
S003356,P009,2,2025-12-01,11:57:00
S003357,P009,3,2025-12-01,12:49:00
S003358,P010,3,2025-12-01,13:57:00
S003359,P010,4,2025-12-01,16:08:00
S003360,P010,2,2025-12-01,16:46:00
S003361,P010,4,2025-12-01,13:05:00
S003362,P011,21,2025-12-01,15:49:00
S003363,P011,12,2025-12-01,07:41:00
S003364,P011,14,2025-12-01,11:24:00
S003365,P012,13,2025-12-01,12:41:00
S003366,P012,7,2025-12-01,14:54:00
S003367,P012,3,2025-12-01,09:14:00
S003368,P012,8,2025-12-01,10:07:00
S003369,P013,13,2025-12-01,17:37:00
S003370,P013,48,2025-12-01,09:47:00
S003371,P014,19,2025-12-01,11:24:00
S003372,P014,16,2025-12-01,06:19:00
S003373,P014,6,2025-12-01,14:12:00
S003374,P014,22,2025-12-01,12:27:00
S003375,P015,8,2025-12-01,08:33:00
S003376,P015,4,2025-12-01,15:14:00
S003377,P015,7,2025-12-01,07:25:00
S003378,P016,9,2025-12-01,10:53:00
S003379,P016,5,2025-12-01,16:29:00
S003380,P016,17,2025-12-01,08:38:00
S003381,P017,18,2025-12-01,17:02:00
S003382,P017,11,2025-12-01,10:32:00
S003383,P017,8,2025-12-01,07:17:00
S003384,P017,10,2025-12-01,17:36:00
S003385,P018,3,2025-12-01,17:24:00
S003386,P018,8,2025-12-01,06:51:00
S003387,P001,15,2025-12-02,17:59:00
S003388,P001,19,2025-12-02,17:47:00
S003389,P001,5,2025-12-02,08:54:00
S003390,P001,19,2025-12-02,13:46:00
S003391,P002,19,2025-12-02,08:01:00
S003392,P002,8,2025-12-02,11:27:00
S003393,P002,6,2025-12-02,11:48:00
S003394,P002,9,2025-12-02,12:25:00
S003395,P003,11,2025-12-02,17:59:00
S003396,P003,7,2025-12-02,14:25:00
S003397,P003,5,2025-12-02,11:48:00
S003398,P003,17,2025-12-02,15:55:00
S003399,P004,10,2025-12-02,16:10:00
S003400,P004,9,2025-12-02,13:44:00
S003401,P004,5,2025-12-02,08:13:00
S003402,P004,11,2025-12-02,09:51:00
S003403,P005,22,2025-12-02,11:46:00
S003404,P005,15,2025-12-02,07:43:00
S003405,P005,8,2025-12-02,08:24:00
S003406,P005,12,2025-12-02,12:43:00
S003407,P006,9,2025-12-02,13:11:00
S003408,P006,33,2025-12-02,06:07:00
S003409,P007,7,2025-12-02,12:09:00
S003410,P007,6,2025-12-02,12:15:00
S003411,P007,2,2025-12-02,09:25:00
S003412,P007,10,2025-12-02,13:19:00
S003413,P008,17,2025-12-02,12:49:00
S003414,P008,27,2025-12-02,17:50:00
S003415,P009,8,2025-12-02,16:24:00
S003416,P009,11,2025-12-02,10:40:00
S003417,P010,3,2025-12-02,07:05:00
S003418,P010,3,2025-12-02,16:42:00
S003419,P010,10,2025-12-02,14:14:00
S003420,P011,13,2025-12-02,13:17:00
S003421,P011,6,2025-12-02,07:50:00
S003422,P011,3,2025-12-02,12:30:00
S003423,P011,6,2025-12-02,16:44:00
S003424,P012,5,2025-12-02,11:04:00
S003425,P012,7,2025-12-02,14:11:00
S003426,P012,3,2025-12-02,17:01:00
S003427,P012,9,2025-12-02,12:35:00
S003428,P013,28,2025-12-02,14:53:00
S003429,P013,20,2025-12-02,17:52:00
S003430,P013,15,2025-12-02,07:48:00
S003431,P013,20,2025-12-02,09:42:00
S003432,P014,27,2025-12-02,17:11:00
S003433,P014,34,2025-12-02,06:35:00
S003434,P015,4,2025-12-02,08:36:00
S003435,P015,4,2025-12-02,08:05:00
S003436,P015,13,2025-12-02,14:16:00
S003437,P016,12,2025-12-02,07:32:00
S003438,P016,42,2025-12-02,10:23:00
S003439,P017,22,2025-12-02,16:00:00
S003440,P017,48,2025-12-02,09:19:00
S003441,P018,3,2025-12-02,10:42:00
S003442,P018,1,2025-12-02,08:36:00
S003443,P018,1,2025-12-02,11:33:00
S003444,P018,3,2025-12-02,11:38:00
S003445,P001,26,2025-12-03,16:52:00
S003446,P001,40,2025-12-03,06:15:00
S003447,P002,9,2025-12-03,09:08:00
S003448,P002,23,2025-12-03,15:35:00
S003449,P003,12,2025-12-03,17:39:00
S003450,P003,10,2025-12-03,14:16:00
S003451,P003,23,2025-12-03,10:24:00
S003452,P004,10,2025-12-03,07:16:00
S003453,P004,22,2025-12-03,16:27:00
S003454,P005,22,2025-12-03,07:40:00
S003455,P005,41,2025-12-03,17:17:00
S003456,P006,17,2025-12-03,17:23:00
S003457,P006,10,2025-12-03,16:52:00
S003458,P006,6,2025-12-03,08:26:00
S003459,P006,12,2025-12-03,08:20:00
S003460,P007,7,2025-12-03,15:15:00
S003461,P007,4,2025-12-03,07:34:00
S003462,P007,14,2025-12-03,07:43:00
S003463,P008,12,2025-12-03,07:23:00
S003464,P008,29,2025-12-03,11:49:00
S003465,P009,4,2025-12-03,07:24:00
S003466,P009,11,2025-12-03,09:24:00
S003467,P010,4,2025-12-03,17:56:00
S003468,P010,15,2025-12-03,10:37:00
S003469,P011,10,2025-12-03,11:44:00
S003470,P011,13,2025-12-03,10:35:00
S003471,P011,24,2025-12-03,10:38:00
S003472,P012,4,2025-12-03,12:11:00
S003473,P012,14,2025-12-03,11:51:00
S003474,P013,29,2025-12-03,12:30:00
S003475,P013,19,2025-12-03,10:00:00
S003476,P013,12,2025-12-03,17:09:00
S003477,P013,20,2025-12-03,16:08:00
S003478,P014,16,2025-12-03,06:58:00
S003479,P014,9,2025-12-03,11:45:00
S003480,P014,6,2025-12-03,16:38:00
S003481,P014,8,2025-12-03,12:45:00
S003482,P015,10,2025-12-03,13:32:00
S003483,P015,3,2025-12-03,12:33:00
S003484,P015,8,2025-12-03,17:56:00
S003485,P016,16,2025-12-03,07:19:00
S003486,P016,40,2025-12-03,12:49:00
S003487,P017,18,2025-12-03,07:46:00
S003488,P017,30,2025-12-03,09:05:00
S003489,P018,2,2025-12-03,10:35:00
S003490,P018,7,2025-12-03,13:51:00
S003491,P001,31,2025-12-04,17:08:00
S003492,P001,16,2025-12-04,14:43:00
S003493,P001,32,2025-12-04,16:56:00
S003494,P002,14,2025-12-04,15:12:00
S003495,P002,31,2025-12-04,17:00:00
S003496,P003,22,2025-12-04,11:15:00
S003497,P003,19,2025-12-04,16:58:00
S003498,P003,9,2025-12-04,14:43:00
S003499,P003,12,2025-12-04,15:02:00
S003500,P004,12,2025-12-04,14:57:00
S003501,P004,19,2025-12-04,09:11:00
S003502,P005,13,2025-12-04,06:27:00
S003503,P005,24,2025-12-04,13:24:00
S003504,P006,8,2025-12-04,16:15:00
S003505,P006,20,2025-12-04,14:54:00
S003506,P007,6,2025-12-04,13:18:00
S003507,P007,17,2025-12-04,10:13:00
S003508,P008,10,2025-12-04,09:59:00
S003509,P008,5,2025-12-04,16:32:00
S003510,P008,5,2025-12-04,06:59:00
S003511,P008,8,2025-12-04,13:57:00
S003512,P009,4,2025-12-04,06:39:00
S003513,P009,5,2025-12-04,10:22:00
S003514,P009,10,2025-12-04,07:00:00
S003515,P010,3,2025-12-04,11:00:00
S003516,P010,2,2025-12-04,13:12:00
S003517,P010,1,2025-12-04,14:57:00
S003518,P010,7,2025-12-04,08:26:00
S003519,P011,6,2025-12-04,16:16:00
S003520,P011,6,2025-12-04,12:23:00
S003521,P011,18,2025-12-04,10:23:00
S003522,P012,8,2025-12-04,10:06:00
S003523,P012,15,2025-12-04,13:42:00
S003524,P013,20,2025-12-04,17:27:00
S003525,P013,64,2025-12-04,06:22:00
S003526,P014,15,2025-12-04,09:18:00
S003527,P014,9,2025-12-04,12:26:00
S003528,P014,15,2025-12-04,06:10:00
S003529,P014,22,2025-12-04,16:12:00
S003530,P015,13,2025-12-04,07:26:00
S003531,P015,4,2025-12-04,13:51:00
S003532,P015,4,2025-12-04,08:20:00
S003533,P015,6,2025-12-04,12:32:00
S003534,P016,23,2025-12-04,12:08:00
S003535,P016,6,2025-12-04,07:50:00
S003536,P016,4,2025-12-04,08:22:00
S003537,P016,18,2025-12-04,14:00:00
S003538,P017,13,2025-12-04,11:27:00
S003539,P017,50,2025-12-04,15:47:00
S003540,P018,2,2025-12-04,13:05:00
S003541,P018,2,2025-12-04,09:39:00
S003542,P018,4,2025-12-04,08:46:00
S003543,P001,18,2025-12-05,07:55:00
S003544,P001,47,2025-12-05,10:44:00
S003545,P002,9,2025-12-05,17:50:00
S003546,P002,12,2025-12-05,17:46:00
S003547,P002,17,2025-12-05,14:39:00
S003548,P003,17,2025-12-05,08:14:00
S003549,P003,6,2025-12-05,12:02:00
S003550,P003,5,2025-12-05,09:59:00
S003551,P003,16,2025-12-05,08:27:00
S003552,P004,4,2025-12-05,06:24:00
S003553,P004,17,2025-12-05,12:33:00
S003554,P005,21,2025-12-05,09:21:00
S003555,P005,7,2025-12-05,06:32:00
S003556,P005,5,2025-12-05,06:19:00
S003557,P005,11,2025-12-05,07:17:00
S003558,P006,13,2025-12-05,09:20:00
S003559,P006,8,2025-12-05,08:02:00
S003560,P006,11,2025-12-05,06:03:00
S003561,P007,5,2025-12-05,13:17:00
S003562,P007,7,2025-12-05,07:27:00
S003563,P007,9,2025-12-05,08:16:00
S003564,P008,15,2025-12-05,07:06:00
S003565,P008,14,2025-12-05,16:35:00
S003566,P008,21,2025-12-05,08:21:00
S003567,P009,6,2025-12-05,15:33:00
S003568,P009,3,2025-12-05,09:41:00
S003569,P009,7,2025-12-05,10:13:00
S003570,P010,6,2025-12-05,08:40:00
S003571,P010,9,2025-12-05,17:38:00
S003572,P011,14,2025-12-05,16:52:00
S003573,P011,4,2025-12-05,17:28:00
S003574,P011,5,2025-12-05,07:34:00
S003575,P011,7,2025-12-05,15:21:00
S003576,P012,10,2025-12-05,09:34:00
S003577,P012,4,2025-12-05,06:08:00
S003578,P012,8,2025-12-05,09:26:00
S003579,P013,33,2025-12-05,14:22:00
S003580,P013,18,2025-12-05,13:40:00
S003581,P013,21,2025-12-05,17:07:00
S003582,P014,21,2025-12-05,14:59:00
S003583,P014,41,2025-12-05,14:50:00
S003584,P015,4,2025-12-05,08:18:00
S003585,P015,2,2025-12-05,15:03:00
S003586,P015,3,2025-12-05,17:12:00
S003587,P015,6,2025-12-05,17:52:00
S003588,P016,15,2025-12-05,14:04:00
S003589,P016,6,2025-12-05,14:24:00
S003590,P016,7,2025-12-05,12:25:00
S003591,P016,14,2025-12-05,15:17:00
S003592,P017,11,2025-12-05,09:37:00
S003593,P017,34,2025-12-05,17:00:00
S003594,P018,4,2025-12-05,17:46:00
S003595,P018,3,2025-12-05,10:54:00
S003596,P018,1,2025-12-05,17:17:00
S003597,P018,6,2025-12-05,14:07:00
S003598,P001,24,2025-12-06,10:02:00
S003599,P001,43,2025-12-06,16:09:00
S003600,P002,35,2025-12-06,10:55:00
S003601,P002,17,2025-12-06,16:15:00
S003602,P002,22,2025-12-06,09:34:00
S003603,P003,16,2025-12-06,15:23:00
S003604,P003,11,2025-12-06,17:56:00
S003605,P003,10,2025-12-06,17:08:00
S003606,P003,18,2025-12-06,12:57:00
S003607,P004,20,2025-12-06,16:52:00
S003608,P004,4,2025-12-06,11:14:00
S003609,P004,17,2025-12-06,17:17:00
S003610,P005,18,2025-12-06,15:06:00
S003611,P005,34,2025-12-06,17:47:00
S003612,P006,13,2025-12-06,16:40:00
S003613,P006,14,2025-12-06,09:52:00
S003614,P006,7,2025-12-06,11:17:00
S003615,P006,16,2025-12-06,09:37:00
S003616,P007,6,2025-12-06,09:46:00
S003617,P007,9,2025-12-06,11:09:00
S003618,P007,13,2025-12-06,13:05:00
S003619,P008,13,2025-12-06,08:12:00
S003620,P008,14,2025-12-06,17:11:00
S003621,P008,24,2025-12-06,16:18:00
S003622,P009,7,2025-12-06,12:43:00
S003623,P009,9,2025-12-06,15:12:00
S003624,P010,4,2025-12-06,13:58:00
S003625,P010,10,2025-12-06,16:25:00
S003626,P011,9,2025-12-06,06:38:00
S003627,P011,6,2025-12-06,12:01:00
S003628,P011,5,2025-12-06,06:48:00
S003629,P011,19,2025-12-06,16:59:00
S003630,P012,9,2025-12-06,10:09:00
S003631,P012,14,2025-12-06,16:38:00
S003632,P013,31,2025-12-06,07:34:00
S003633,P013,33,2025-12-06,17:52:00
S003634,P014,13,2025-12-06,08:30:00
S003635,P014,19,2025-12-06,13:52:00
S003636,P014,6,2025-12-06,11:30:00
S003637,P014,20,2025-12-06,08:15:00
S003638,P015,5,2025-12-06,14:07:00
S003639,P015,3,2025-12-06,06:06:00
S003640,P015,4,2025-12-06,07:32:00
S003641,P015,8,2025-12-06,12:09:00
S003642,P016,8,2025-12-06,12:24:00
S003643,P016,32,2025-12-06,08:22:00
S003644,P017,37,2025-12-06,16:24:00
S003645,P017,41,2025-12-06,16:56:00
S003646,P018,5,2025-12-06,07:14:00
S003647,P018,12,2025-12-06,07:18:00
S003648,P001,21,2025-12-07,11:59:00
S003649,P001,23,2025-12-07,07:57:00
S003650,P001,5,2025-12-07,08:11:00
S003651,P001,22,2025-12-07,12:33:00
S003652,P002,19,2025-12-07,08:57:00
S003653,P002,29,2025-12-07,16:43:00
S003654,P003,17,2025-12-07,07:17:00
S003655,P003,19,2025-12-07,16:23:00
S003656,P003,22,2025-12-07,10:51:00
S003657,P004,19,2025-12-07,08:49:00
S003658,P004,25,2025-12-07,16:09:00
S003659,P005,17,2025-12-07,13:52:00
S003660,P005,7,2025-12-07,15:27:00
S003661,P005,29,2025-12-07,17:17:00
S003662,P006,16,2025-12-07,08:49:00
S003663,P006,5,2025-12-07,11:31:00
S003664,P006,12,2025-12-07,12:30:00
S003665,P007,9,2025-12-07,16:21:00
S003666,P007,4,2025-12-07,16:58:00
S003667,P007,13,2025-12-07,09:24:00
S003668,P008,16,2025-12-07,13:34:00
S003669,P008,10,2025-12-07,09:24:00
S003670,P008,19,2025-12-07,07:37:00
S003671,P009,8,2025-12-07,17:51:00
S003672,P009,6,2025-12-07,17:05:00
S003673,P009,2,2025-12-07,06:13:00
S003674,P009,8,2025-12-07,06:23:00
S003675,P010,8,2025-12-07,06:58:00
S003676,P010,10,2025-12-07,11:23:00
S003677,P011,16,2025-12-07,08:53:00
S003678,P011,42,2025-12-07,14:59:00
S003679,P012,9,2025-12-07,09:03:00
S003680,P012,28,2025-12-07,17:08:00
S003681,P013,26,2025-12-07,12:46:00
S003682,P013,7,2025-12-07,12:23:00
S003683,P013,6,2025-12-07,07:42:00
S003684,P013,25,2025-12-07,15:04:00
S003685,P014,27,2025-12-07,06:09:00
S003686,P014,9,2025-12-07,07:15:00
S003687,P014,5,2025-12-07,15:53:00
S003688,P014,18,2025-12-07,12:09:00
S003689,P015,12,2025-12-07,17:33:00
S003690,P015,7,2025-12-07,10:30:00
S003691,P015,11,2025-12-07,12:46:00
S003692,P016,19,2025-12-07,10:07:00
S003693,P016,7,2025-12-07,16:02:00
S003694,P016,8,2025-12-07,08:32:00
S003695,P016,14,2025-12-07,08:00:00
S003696,P017,24,2025-12-07,13:35:00
S003697,P017,15,2025-12-07,10:58:00
S003698,P017,22,2025-12-07,15:32:00
S003699,P018,3,2025-12-07,08:17:00
S003700,P018,9,2025-12-07,07:33:00
S003701,P001,25,2025-12-08,12:39:00
S003702,P001,35,2025-12-08,06:14:00
S003703,P002,20,2025-12-08,15:53:00
S003704,P002,4,2025-12-08,17:29:00
S003705,P002,6,2025-12-08,16:41:00
S003706,P002,12,2025-12-08,12:52:00
S003707,P003,22,2025-12-08,16:27:00
S003708,P003,29,2025-12-08,09:17:00
S003709,P004,6,2025-12-08,11:01:00
S003710,P004,16,2025-12-08,09:18:00
S003711,P005,8,2025-12-08,15:00:00
S003712,P005,31,2025-12-08,10:12:00
S003713,P006,17,2025-12-08,09:17:00
S003714,P006,4,2025-12-08,15:36:00
S003715,P006,3,2025-12-08,13:02:00
S003716,P006,12,2025-12-08,06:20:00
S003717,P007,3,2025-12-08,11:48:00
S003718,P007,3,2025-12-08,12:32:00
S003719,P007,9,2025-12-08,09:20:00
S003720,P008,14,2025-12-08,08:44:00
S003721,P008,12,2025-12-08,11:26:00
S003722,P008,9,2025-12-08,14:06:00
S003723,P008,11,2025-12-08,14:51:00
S003724,P009,7,2025-12-08,12:30:00
S003725,P009,13,2025-12-08,15:55:00
S003726,P010,4,2025-12-08,16:29:00
S003727,P010,3,2025-12-08,16:05:00
S003728,P010,11,2025-12-08,17:14:00
S003729,P011,19,2025-12-08,17:10:00
S003730,P011,14,2025-12-08,14:33:00
S003731,P011,7,2025-12-08,15:41:00
S003732,P011,9,2025-12-08,14:59:00
S003733,P012,12,2025-12-08,11:18:00
S003734,P012,5,2025-12-08,12:02:00
S003735,P012,12,2025-12-08,17:49:00
S003736,P013,20,2025-12-08,15:38:00
S003737,P013,57,2025-12-08,07:09:00
S003738,P014,11,2025-12-08,06:09:00
S003739,P014,17,2025-12-08,10:35:00
S003740,P014,24,2025-12-08,07:31:00
S003741,P015,4,2025-12-08,10:10:00
S003742,P015,2,2025-12-08,15:23:00
S003743,P015,10,2025-12-08,11:05:00
S003744,P016,14,2025-12-08,10:30:00
S003745,P016,9,2025-12-08,13:41:00
S003746,P016,4,2025-12-08,07:36:00
S003747,P016,6,2025-12-08,13:02:00
S003748,P017,16,2025-12-08,15:58:00
S003749,P017,13,2025-12-08,13:23:00
S003750,P017,21,2025-12-08,14:54:00
S003751,P018,3,2025-12-08,16:26:00
S003752,P018,3,2025-12-08,10:56:00
S003753,P018,6,2025-12-08,16:02:00
S003754,P001,14,2025-12-09,09:44:00
S003755,P001,24,2025-12-09,06:09:00
S003756,P001,14,2025-12-09,10:24:00
S003757,P001,17,2025-12-09,08:36:00
S003758,P002,11,2025-12-09,13:42:00
S003759,P002,31,2025-12-09,07:22:00
S003760,P003,19,2025-12-09,13:06:00
S003761,P003,7,2025-12-09,17:06:00
S003762,P003,12,2025-12-09,12:49:00
S003763,P003,15,2025-12-09,12:12:00
S003764,P004,8,2025-12-09,15:31:00
S003765,P004,20,2025-12-09,09:44:00
S003766,P005,16,2025-12-09,06:34:00
S003767,P005,41,2025-12-09,08:30:00
S003768,P006,7,2025-12-09,06:38:00
S003769,P006,20,2025-12-09,12:03:00
S003770,P007,10,2025-12-09,13:13:00
S003771,P007,3,2025-12-09,06:48:00
S003772,P007,12,2025-12-09,16:27:00
S003773,P008,8,2025-12-09,08:04:00
S003774,P008,7,2025-12-09,07:19:00
S003775,P008,8,2025-12-09,13:55:00
S003776,P008,11,2025-12-09,12:33:00
S003777,P009,3,2025-12-09,06:05:00
S003778,P009,5,2025-12-09,12:21:00
S003779,P009,6,2025-12-09,10:10:00
S003780,P010,4,2025-12-09,14:44:00
S003781,P010,3,2025-12-09,17:27:00
S003782,P010,5,2025-12-09,11:58:00
S003783,P011,19,2025-12-09,14:50:00
S003784,P011,11,2025-12-09,09:04:00
S003785,P011,14,2025-12-09,17:42:00
S003786,P012,7,2025-12-09,17:47:00
S003787,P012,19,2025-12-09,17:46:00
S003788,P013,29,2025-12-09,08:31:00
S003789,P013,33,2025-12-09,11:07:00
S003790,P014,18,2025-12-09,14:46:00
S003791,P014,8,2025-12-09,13:53:00
S003792,P014,14,2025-12-09,16:28:00
S003793,P014,18,2025-12-09,16:37:00
S003794,P015,6,2025-12-09,09:26:00
S003795,P015,10,2025-12-09,17:34:00
S003796,P016,16,2025-12-09,11:13:00
S003797,P016,17,2025-12-09,16:36:00
S003798,P016,9,2025-12-09,11:52:00
S003799,P016,10,2025-12-09,11:01:00
S003800,P017,16,2025-12-09,07:44:00
S003801,P017,11,2025-12-09,13:26:00
S003802,P017,21,2025-12-09,12:22:00
S003803,P018,3,2025-12-09,11:07:00
S003804,P018,3,2025-12-09,13:27:00
S003805,P018,1,2025-12-09,14:38:00
S003806,P018,3,2025-12-09,08:34:00
S003807,P001,28,2025-12-10,17:43:00
S003808,P001,11,2025-12-10,10:44:00
S003809,P001,23,2025-12-10,15:59:00
S003810,P002,27,2025-12-10,07:05:00
S003811,P002,28,2025-12-10,16:01:00
S003812,P003,13,2025-12-10,17:48:00
S003813,P003,17,2025-12-10,14:06:00
S003814,P003,28,2025-12-10,16:28:00
S003815,P004,12,2025-12-10,12:13:00
S003816,P004,18,2025-12-10,09:49:00
S003817,P005,11,2025-12-10,13:07:00
S003818,P005,11,2025-12-10,13:26:00
S003819,P005,26,2025-12-10,16:45:00
S003820,P006,8,2025-12-10,11:50:00
S003821,P006,8,2025-12-10,10:17:00
S003822,P006,24,2025-12-10,16:16:00
S003823,P007,6,2025-12-10,06:57:00
S003824,P007,5,2025-12-10,06:00:00
S003825,P007,6,2025-12-10,06:09:00
S003826,P008,20,2025-12-10,15:20:00
S003827,P008,7,2025-12-10,15:27:00
S003828,P008,5,2025-12-10,12:12:00
S003829,P008,14,2025-12-10,15:41:00
S003830,P009,7,2025-12-10,15:27:00
S003831,P009,9,2025-12-10,08:40:00
S003832,P010,3,2025-12-10,11:33:00
S003833,P010,2,2025-12-10,09:06:00
S003834,P010,3,2025-12-10,08:32:00
S003835,P010,6,2025-12-10,07:40:00
S003836,P011,18,2025-12-10,16:58:00
S003837,P011,6,2025-12-10,14:10:00
S003838,P011,17,2025-12-10,11:13:00
S003839,P012,5,2025-12-10,16:49:00
S003840,P012,13,2025-12-10,15:09:00
S003841,P013,18,2025-12-10,07:36:00
S003842,P013,10,2025-12-10,17:46:00
S003843,P013,5,2025-12-10,13:40:00
S003844,P013,17,2025-12-10,16:49:00
S003845,P014,17,2025-12-10,09:19:00
S003846,P014,28,2025-12-10,09:34:00
S003847,P015,11,2025-12-10,12:49:00
S003848,P015,4,2025-12-10,06:17:00
S003849,P015,2,2025-12-10,08:40:00
S003850,P015,9,2025-12-10,06:40:00
S003851,P016,13,2025-12-10,15:07:00
S003852,P016,45,2025-12-10,07:09:00
S003853,P017,10,2025-12-10,13:54:00
S003854,P017,37,2025-12-10,11:58:00
S003855,P018,3,2025-12-10,06:26:00
S003856,P018,2,2025-12-10,16:04:00
S003857,P018,9,2025-12-10,09:43:00
S003858,P001,23,2025-12-11,13:51:00
S003859,P001,9,2025-12-11,10:00:00
S003860,P001,29,2025-12-11,08:42:00
S003861,P002,20,2025-12-11,07:21:00
S003862,P002,12,2025-12-11,13:39:00
S003863,P002,5,2025-12-11,06:10:00
S003864,P002,9,2025-12-11,14:47:00
S003865,P003,11,2025-12-11,06:34:00
S003866,P003,35,2025-12-11,06:33:00
S003867,P004,7,2025-12-11,11:07:00
S003868,P004,23,2025-12-11,09:01:00
S003869,P005,9,2025-12-11,17:08:00
S003870,P005,35,2025-12-11,10:17:00
S003871,P006,10,2025-12-11,14:41:00
S003872,P006,24,2025-12-11,10:29:00
S003873,P007,7,2025-12-11,12:59:00
S003874,P007,3,2025-12-11,08:12:00
S003875,P007,12,2025-12-11,16:54:00
S003876,P008,23,2025-12-11,07:37:00
S003877,P008,11,2025-12-11,15:19:00
S003878,P008,15,2025-12-11,08:50:00
S003879,P009,4,2025-12-11,13:27:00
S003880,P009,3,2025-12-11,10:52:00
S003881,P009,2,2025-12-11,07:38:00
S003882,P009,5,2025-12-11,12:27:00
S003883,P010,3,2025-12-11,16:52:00
S003884,P010,1,2025-12-11,08:56:00
S003885,P010,8,2025-12-11,06:32:00
S003886,P011,9,2025-12-11,16:33:00
S003887,P011,7,2025-12-11,06:07:00
S003888,P011,18,2025-12-11,08:51:00
S003889,P012,6,2025-12-11,07:13:00
S003890,P012,16,2025-12-11,16:23:00
S003891,P013,15,2025-12-11,11:44:00
S003892,P013,9,2025-12-11,11:13:00
S003893,P013,40,2025-12-11,13:36:00
S003894,P014,21,2025-12-11,12:18:00
S003895,P014,37,2025-12-11,15:13:00
S003896,P015,8,2025-12-11,17:38:00
S003897,P015,14,2025-12-11,16:04:00
S003898,P016,15,2025-12-11,12:20:00
S003899,P016,13,2025-12-11,09:12:00
S003900,P016,3,2025-12-11,13:31:00
S003901,P016,15,2025-12-11,06:17:00
S003902,P017,17,2025-12-11,15:20:00
S003903,P017,35,2025-12-11,15:24:00
S003904,P018,2,2025-12-11,16:50:00
S003905,P018,8,2025-12-11,15:00:00
S003906,P001,19,2025-12-12,12:02:00
S003907,P001,29,2025-12-12,14:02:00
S003908,P001,33,2025-12-12,11:41:00
S003909,P002,7,2025-12-12,12:46:00
S003910,P002,6,2025-12-12,11:48:00
S003911,P002,18,2025-12-12,11:25:00
S003912,P003,14,2025-12-12,06:25:00
S003913,P003,7,2025-12-12,13:31:00
S003914,P003,20,2025-12-12,16:58:00
S003915,P004,11,2025-12-12,07:01:00
S003916,P004,3,2025-12-12,06:08:00
S003917,P004,9,2025-12-12,07:20:00
S003918,P005,19,2025-12-12,08:05:00
S003919,P005,10,2025-12-12,11:52:00
S003920,P005,14,2025-12-12,06:59:00
S003921,P005,17,2025-12-12,17:55:00
S003922,P006,5,2025-12-12,10:04:00
S003923,P006,20,2025-12-12,10:21:00
S003924,P007,6,2025-12-12,08:59:00
S003925,P007,3,2025-12-12,13:07:00
S003926,P007,13,2025-12-12,08:20:00
S003927,P008,22,2025-12-12,12:40:00
S003928,P008,8,2025-12-12,07:33:00
S003929,P008,6,2025-12-12,15:30:00
S003930,P008,12,2025-12-12,16:31:00
S003931,P009,9,2025-12-12,13:14:00
S003932,P009,3,2025-12-12,10:45:00
S003933,P009,11,2025-12-12,07:22:00
S003934,P010,5,2025-12-12,17:54:00
S003935,P010,10,2025-12-12,09:44:00
S003936,P011,6,2025-12-12,06:42:00
S003937,P011,6,2025-12-12,12:12:00
S003938,P011,17,2025-12-12,13:06:00
S003939,P012,9,2025-12-12,14:54:00
S003940,P012,3,2025-12-12,10:45:00
S003941,P012,3,2025-12-12,08:54:00
S003942,P012,7,2025-12-12,14:06:00
S003943,P013,41,2025-12-12,12:28:00
S003944,P013,46,2025-12-12,15:32:00
S003945,P014,10,2025-12-12,10:27:00
S003946,P014,7,2025-12-12,10:55:00
S003947,P014,24,2025-12-12,15:41:00
S003948,P015,7,2025-12-12,17:07:00
S003949,P015,2,2025-12-12,13:11:00
S003950,P015,7,2025-12-12,10:01:00
S003951,P016,14,2025-12-12,10:07:00
S003952,P016,14,2025-12-12,07:22:00
S003953,P016,5,2025-12-12,08:25:00
S003954,P016,11,2025-12-12,14:27:00
S003955,P017,18,2025-12-12,11:06:00
S003956,P017,37,2025-12-12,06:41:00
S003957,P018,2,2025-12-12,09:25:00
S003958,P018,2,2025-12-12,10:33:00
S003959,P018,7,2025-12-12,15:31:00
S003960,P001,34,2025-12-13,16:15:00
S003961,P001,51,2025-12-13,07:14:00
S003962,P002,16,2025-12-13,09:04:00
S003963,P002,28,2025-12-13,14:06:00
S003964,P003,25,2025-12-13,12:25:00
S003965,P003,11,2025-12-13,09:46:00
S003966,P003,11,2025-12-13,17:17:00
S003967,P003,14,2025-12-13,13:13:00
S003968,P004,9,2025-12-13,10:45:00
S003969,P004,22,2025-12-13,15:18:00
S003970,P005,18,2025-12-13,17:39:00
S003971,P005,56,2025-12-13,13:47:00
S003972,P006,10,2025-12-13,11:43:00
S003973,P006,6,2025-12-13,08:21:00
S003974,P006,11,2025-12-13,08:00:00
S003975,P006,13,2025-12-13,16:30:00
S003976,P007,6,2025-12-13,10:56:00
S003977,P007,18,2025-12-13,07:10:00
S003978,P008,21,2025-12-13,13:37:00
S003979,P008,36,2025-12-13,06:31:00
S003980,P009,6,2025-12-13,06:36:00
S003981,P009,8,2025-12-13,10:53:00
S003982,P009,14,2025-12-13,09:33:00
S003983,P010,8,2025-12-13,07:19:00
S003984,P010,11,2025-12-13,17:21:00
S003985,P011,15,2025-12-13,14:16:00
S003986,P011,13,2025-12-13,10:23:00
S003987,P011,7,2025-12-13,11:19:00
S003988,P011,15,2025-12-13,17:21:00
S003989,P012,18,2025-12-13,15:30:00
S003990,P012,5,2025-12-13,16:33:00
S003991,P012,7,2025-12-13,06:09:00
S003992,P012,10,2025-12-13,12:54:00
S003993,P013,23,2025-12-13,06:15:00
S003994,P013,52,2025-12-13,15:47:00
S003995,P014,22,2025-12-13,17:05:00
S003996,P014,12,2025-12-13,12:40:00
S003997,P014,38,2025-12-13,07:17:00
S003998,P015,12,2025-12-13,13:56:00
S003999,P015,8,2025-12-13,10:58:00
S004000,P015,6,2025-12-13,11:25:00
S004001,P015,9,2025-12-13,15:26:00
S004002,P016,21,2025-12-13,06:37:00
S004003,P016,18,2025-12-13,11:53:00
S004004,P016,35,2025-12-13,15:07:00
S004005,P017,25,2025-12-13,11:18:00
S004006,P017,10,2025-12-13,06:31:00
S004007,P017,33,2025-12-13,16:09:00
S004008,P018,5,2025-12-13,10:39:00
S004009,P018,10,2025-12-13,14:42:00
S004010,P001,17,2025-12-14,10:00:00
S004011,P001,15,2025-12-14,09:18:00
S004012,P001,30,2025-12-14,15:07:00
S004013,P002,7,2025-12-14,11:42:00
S004014,P002,14,2025-12-14,06:16:00
S004015,P002,18,2025-12-14,08:22:00
S004016,P003,31,2025-12-14,14:09:00
S004017,P003,23,2025-12-14,17:17:00
S004018,P003,6,2025-12-14,17:12:00
S004019,P003,20,2025-12-14,12:37:00
S004020,P004,11,2025-12-14,13:59:00
S004021,P004,10,2025-12-14,16:40:00
S004022,P004,24,2025-12-14,12:27:00
S004023,P005,26,2025-12-14,10:38:00
S004024,P005,30,2025-12-14,10:11:00
S004025,P006,19,2025-12-14,15:08:00
S004026,P006,9,2025-12-14,09:16:00
S004027,P006,3,2025-12-14,14:12:00
S004028,P006,12,2025-12-14,10:19:00
S004029,P007,8,2025-12-14,13:34:00
S004030,P007,2,2025-12-14,12:06:00
S004031,P007,1,2025-12-14,13:44:00
S004032,P007,7,2025-12-14,11:32:00
S004033,P008,18,2025-12-14,11:27:00
S004034,P008,14,2025-12-14,12:29:00
S004035,P008,5,2025-12-14,14:01:00
S004036,P008,23,2025-12-14,12:05:00
S004037,P009,11,2025-12-14,09:37:00
S004038,P009,4,2025-12-14,08:39:00
S004039,P009,3,2025-12-14,15:56:00
S004040,P009,6,2025-12-14,10:03:00
S004041,P010,4,2025-12-14,16:00:00
S004042,P010,5,2025-12-14,14:29:00
S004043,P010,11,2025-12-14,06:05:00
S004044,P011,8,2025-12-14,15:06:00
S004045,P011,12,2025-12-14,15:30:00
S004046,P011,6,2025-12-14,06:07:00
S004047,P011,9,2025-12-14,17:37:00
S004048,P012,13,2025-12-14,17:13:00
S004049,P012,7,2025-12-14,14:47:00
S004050,P012,6,2025-12-14,08:14:00
S004051,P012,7,2025-12-14,16:40:00
S004052,P013,39,2025-12-14,17:59:00
S004053,P013,12,2025-12-14,13:39:00
S004054,P013,50,2025-12-14,17:12:00
S004055,P014,11,2025-12-14,07:33:00
S004056,P014,35,2025-12-14,07:15:00
S004057,P015,4,2025-12-14,14:28:00
S004058,P015,5,2025-12-14,07:19:00
S004059,P015,12,2025-12-14,12:30:00
S004060,P016,31,2025-12-14,14:16:00
S004061,P016,38,2025-12-14,15:43:00
S004062,P017,24,2025-12-14,12:09:00
S004063,P017,15,2025-12-14,08:09:00
S004064,P017,10,2025-12-14,16:15:00
S004065,P017,14,2025-12-14,08:32:00
S004066,P018,4,2025-12-14,13:18:00
S004067,P018,3,2025-12-14,07:37:00
S004068,P018,3,2025-12-14,16:17:00
S004069,P018,6,2025-12-14,12:24:00
S004070,P001,24,2025-12-15,12:09:00
S004071,P001,48,2025-12-15,06:18:00
S004072,P002,13,2025-12-15,15:19:00
S004073,P002,6,2025-12-15,16:57:00
S004074,P002,9,2025-12-15,13:02:00
S004075,P002,15,2025-12-15,11:08:00
S004076,P003,17,2025-12-15,06:10:00
S004077,P003,11,2025-12-15,14:13:00
S004078,P003,7,2025-12-15,17:33:00
S004079,P003,18,2025-12-15,12:32:00
S004080,P004,5,2025-12-15,16:46:00
S004081,P004,6,2025-12-15,13:45:00
S004082,P004,5,2025-12-15,08:17:00
S004083,P004,6,2025-12-15,16:19:00
S004084,P005,29,2025-12-15,16:30:00
S004085,P005,33,2025-12-15,12:30:00
S004086,P006,13,2025-12-15,14:49:00
S004087,P006,24,2025-12-15,16:33:00
S004088,P007,5,2025-12-15,15:22:00
S004089,P007,4,2025-12-15,12:04:00
S004090,P007,1,2025-12-15,17:10:00
S004091,P007,7,2025-12-15,09:06:00
S004092,P008,20,2025-12-15,13:20:00
S004093,P008,9,2025-12-15,17:50:00
S004094,P008,14,2025-12-15,09:06:00
S004095,P009,9,2025-12-15,12:48:00
S004096,P009,13,2025-12-15,12:59:00
S004097,P010,3,2025-12-15,06:54:00
S004098,P010,3,2025-12-15,13:48:00
S004099,P010,1,2025-12-15,16:53:00
S004100,P010,4,2025-12-15,06:59:00
S004101,P011,13,2025-12-15,12:08:00
S004102,P011,19,2025-12-15,16:36:00
S004103,P012,6,2025-12-15,13:43:00
S004104,P012,19,2025-12-15,10:14:00
S004105,P013,18,2025-12-15,14:51:00
S004106,P013,39,2025-12-15,09:05:00
S004107,P014,25,2025-12-15,07:13:00
S004108,P014,5,2025-12-15,08:57:00
S004109,P014,4,2025-12-15,12:36:00
S004110,P014,18,2025-12-15,14:55:00
S004111,P015,6,2025-12-15,17:41:00
S004112,P015,10,2025-12-15,14:31:00
S004113,P016,13,2025-12-15,13:32:00
S004114,P016,23,2025-12-15,11:22:00
S004115,P017,26,2025-12-15,07:28:00
S004116,P017,10,2025-12-15,12:55:00
S004117,P017,4,2025-12-15,07:08:00
S004118,P017,18,2025-12-15,14:19:00
S004119,P018,2,2025-12-15,15:34:00
S004120,P018,2,2025-12-15,09:52:00
S004121,P018,5,2025-12-15,10:59:00
S004122,P001,31,2025-12-16,07:55:00
S004123,P001,21,2025-12-16,10:04:00
S004124,P001,25,2025-12-16,14:36:00
S004125,P002,18,2025-12-16,14:19:00
S004126,P002,6,2025-12-16,06:34:00
S004127,P002,5,2025-12-16,07:37:00
S004128,P002,9,2025-12-16,13:59:00
S004129,P003,26,2025-12-16,06:21:00
S004130,P003,13,2025-12-16,09:21:00
S004131,P003,29,2025-12-16,06:08:00
S004132,P004,7,2025-12-16,16:58:00
S004133,P004,7,2025-12-16,09:31:00
S004134,P004,2,2025-12-16,15:57:00
S004135,P004,8,2025-12-16,15:44:00
S004136,P005,18,2025-12-16,07:26:00
S004137,P005,42,2025-12-16,15:47:00
S004138,P006,17,2025-12-16,13:08:00
S004139,P006,20,2025-12-16,10:46:00
S004140,P007,4,2025-12-16,09:41:00
S004141,P007,10,2025-12-16,11:27:00
S004142,P008,8,2025-12-16,06:01:00
S004143,P008,31,2025-12-16,09:34:00
S004144,P009,7,2025-12-16,17:01:00
S004145,P009,4,2025-12-16,06:24:00
S004146,P009,8,2025-12-16,12:44:00
S004147,P010,3,2025-12-16,08:07:00
S004148,P010,2,2025-12-16,15:57:00
S004149,P010,1,2025-12-16,09:21:00
S004150,P010,5,2025-12-16,12:58:00
S004151,P011,6,2025-12-16,06:14:00
S004152,P011,23,2025-12-16,12:47:00
S004153,P012,10,2025-12-16,06:55:00
S004154,P012,7,2025-12-16,06:04:00
S004155,P012,2,2025-12-16,13:11:00
S004156,P012,9,2025-12-16,10:02:00
S004157,P013,24,2025-12-16,09:18:00
S004158,P013,9,2025-12-16,12:30:00
S004159,P013,11,2025-12-16,16:04:00
S004160,P013,18,2025-12-16,07:16:00
S004161,P014,21,2025-12-16,17:52:00
S004162,P014,42,2025-12-16,11:57:00
S004163,P015,8,2025-12-16,10:23:00
S004164,P015,19,2025-12-16,14:18:00
S004165,P016,19,2025-12-16,10:20:00
S004166,P016,35,2025-12-16,17:34:00
S004167,P017,16,2025-12-16,12:45:00
S004168,P017,39,2025-12-16,15:31:00
S004169,P018,4,2025-12-16,14:14:00
S004170,P018,6,2025-12-16,10:47:00
S004171,P001,20,2025-12-17,08:02:00
S004172,P001,47,2025-12-17,09:44:00
S004173,P002,20,2025-12-17,06:31:00
S004174,P002,10,2025-12-17,10:17:00
S004175,P002,13,2025-12-17,15:24:00
S004176,P003,10,2025-12-17,15:24:00
S004177,P003,38,2025-12-17,13:01:00
S004178,P004,11,2025-12-17,09:13:00
S004179,P004,7,2025-12-17,16:27:00
S004180,P004,18,2025-12-17,14:03:00
S004181,P005,19,2025-12-17,11:59:00
S004182,P005,35,2025-12-17,06:58:00
S004183,P006,17,2025-12-17,10:51:00
S004184,P006,8,2025-12-17,09:48:00
S004185,P006,12,2025-12-17,06:21:00
S004186,P007,7,2025-12-17,12:50:00
S004187,P007,6,2025-12-17,17:48:00
S004188,P007,1,2025-12-17,07:35:00
S004189,P007,8,2025-12-17,12:46:00
S004190,P008,22,2025-12-17,14:29:00
S004191,P008,9,2025-12-17,17:36:00
S004192,P008,19,2025-12-17,14:16:00
S004193,P009,4,2025-12-17,09:08:00
S004194,P009,4,2025-12-17,10:51:00
S004195,P009,6,2025-12-17,16:17:00
S004196,P010,4,2025-12-17,10:21:00
S004197,P010,7,2025-12-17,15:25:00
S004198,P011,8,2025-12-17,16:16:00
S004199,P011,8,2025-12-17,15:00:00
S004200,P011,12,2025-12-17,07:19:00
S004201,P012,11,2025-12-17,08:28:00
S004202,P012,5,2025-12-17,13:00:00
S004203,P012,10,2025-12-17,13:02:00
S004204,P013,34,2025-12-17,14:13:00
S004205,P013,17,2025-12-17,15:05:00
S004206,P013,38,2025-12-17,10:57:00
S004207,P014,25,2025-12-17,13:11:00
S004208,P014,7,2025-12-17,10:16:00
S004209,P014,21,2025-12-17,13:08:00
S004210,P015,4,2025-12-17,15:41:00
S004211,P015,14,2025-12-17,06:14:00
S004212,P016,8,2025-12-17,14:55:00
S004213,P016,26,2025-12-17,13:37:00
S004214,P017,19,2025-12-17,06:45:00
S004215,P017,14,2025-12-17,10:01:00
S004216,P017,6,2025-12-17,11:34:00
S004217,P017,9,2025-12-17,17:02:00
S004218,P018,2,2025-12-17,14:28:00
S004219,P018,2,2025-12-17,07:15:00
S004220,P018,8,2025-12-17,09:20:00
S004221,P001,21,2025-12-18,16:27:00
S004222,P001,21,2025-12-18,08:01:00
S004223,P001,7,2025-12-18,11:21:00
S004224,P001,18,2025-12-18,12:57:00
S004225,P002,23,2025-12-18,10:39:00
S004226,P002,5,2025-12-18,11:02:00
S004227,P002,21,2025-12-18,10:59:00
S004228,P003,8,2025-12-18,15:13:00
S004229,P003,15,2025-12-18,14:45:00
S004230,P003,8,2025-12-18,14:50:00
S004231,P003,12,2025-12-18,15:45:00
S004232,P004,8,2025-12-18,15:02:00
S004233,P004,19,2025-12-18,16:46:00
S004234,P005,8,2025-12-18,07:59:00
S004235,P005,15,2025-12-18,15:32:00
S004236,P005,7,2025-12-18,16:35:00
S004237,P005,9,2025-12-18,17:26:00
S004238,P006,15,2025-12-18,14:51:00
S004239,P006,20,2025-12-18,06:38:00
S004240,P007,6,2025-12-18,11:17:00
S004241,P007,3,2025-12-18,15:18:00
S004242,P007,4,2025-12-18,11:15:00
S004243,P007,6,2025-12-18,11:14:00
S004244,P008,18,2025-12-18,17:15:00
S004245,P008,6,2025-12-18,12:23:00
S004246,P008,3,2025-12-18,14:32:00
S004247,P008,11,2025-12-18,07:58:00
S004248,P009,6,2025-12-18,13:50:00
S004249,P009,3,2025-12-18,15:52:00
S004250,P009,7,2025-12-18,08:59:00
S004251,P010,6,2025-12-18,16:08:00
S004252,P010,3,2025-12-18,10:21:00
S004253,P010,6,2025-12-18,11:07:00
S004254,P011,10,2025-12-18,08:36:00
S004255,P011,6,2025-12-18,09:57:00
S004256,P011,13,2025-12-18,08:56:00
S004257,P012,5,2025-12-18,10:48:00
S004258,P012,19,2025-12-18,14:45:00
S004259,P013,20,2025-12-18,06:53:00
S004260,P013,22,2025-12-18,17:10:00
S004261,P013,22,2025-12-18,08:32:00
S004262,P013,24,2025-12-18,14:58:00
S004263,P014,14,2025-12-18,12:44:00
S004264,P014,11,2025-12-18,17:18:00
S004265,P014,21,2025-12-18,07:21:00
S004266,P015,10,2025-12-18,15:06:00
S004267,P015,8,2025-12-18,06:04:00
S004268,P015,9,2025-12-18,17:58:00
S004269,P016,19,2025-12-18,16:28:00
S004270,P016,9,2025-12-18,12:18:00
S004271,P016,13,2025-12-18,13:44:00
S004272,P017,17,2025-12-18,15:58:00
S004273,P017,25,2025-12-18,14:05:00
S004274,P018,3,2025-12-18,11:43:00
S004275,P018,6,2025-12-18,16:29:00
S004276,P001,15,2025-12-19,17:37:00
S004277,P001,12,2025-12-19,07:14:00
S004278,P001,33,2025-12-19,10:31:00
S004279,P002,14,2025-12-19,14:37:00
S004280,P002,9,2025-12-19,12:18:00
S004281,P002,5,2025-12-19,11:48:00
S004282,P002,12,2025-12-19,08:09:00
S004283,P003,18,2025-12-19,17:13:00
S004284,P003,6,2025-12-19,10:36:00
S004285,P003,6,2025-12-19,11:06:00
S004286,P003,9,2025-12-19,11:18:00
S004287,P004,6,2025-12-19,13:14:00
S004288,P004,7,2025-12-19,10:58:00
S004289,P004,10,2025-12-19,10:38:00
S004290,P005,22,2025-12-19,08:06:00
S004291,P005,35,2025-12-19,09:35:00
S004292,P006,8,2025-12-19,06:57:00
S004293,P006,34,2025-12-19,14:34:00
S004294,P007,7,2025-12-19,06:23:00
S004295,P007,16,2025-12-19,09:18:00
S004296,P008,16,2025-12-19,13:33:00
S004297,P008,8,2025-12-19,13:18:00
S004298,P008,12,2025-12-19,17:45:00
S004299,P008,14,2025-12-19,07:28:00
S004300,P009,6,2025-12-19,08:17:00
S004301,P009,6,2025-12-19,07:22:00
S004302,P009,10,2025-12-19,07:47:00
S004303,P010,3,2025-12-19,08:32:00
S004304,P010,4,2025-12-19,13:40:00
S004305,P010,4,2025-12-19,16:49:00
S004306,P010,6,2025-12-19,07:45:00
S004307,P011,14,2025-12-19,17:50:00
S004308,P011,30,2025-12-19,14:20:00
S004309,P012,7,2025-12-19,16:02:00
S004310,P012,6,2025-12-19,16:00:00
S004311,P012,1,2025-12-19,15:24:00
S004312,P012,6,2025-12-19,09:43:00
S004313,P013,13,2025-12-19,08:46:00
S004314,P013,15,2025-12-19,08:12:00
S004315,P013,29,2025-12-19,16:56:00
S004316,P014,16,2025-12-19,17:13:00
S004317,P014,4,2025-12-19,07:31:00
S004318,P014,6,2025-12-19,09:45:00
S004319,P014,11,2025-12-19,08:02:00
S004320,P015,7,2025-12-19,16:37:00
S004321,P015,3,2025-12-19,11:30:00
S004322,P015,10,2025-12-19,14:42:00
S004323,P016,25,2025-12-19,10:42:00
S004324,P016,11,2025-12-19,16:25:00
S004325,P016,21,2025-12-19,15:22:00
S004326,P017,12,2025-12-19,07:56:00
S004327,P017,20,2025-12-19,10:26:00
S004328,P017,24,2025-12-19,13:20:00
S004329,P018,2,2025-12-19,13:20:00
S004330,P018,3,2025-12-19,11:44:00
S004331,P018,5,2025-12-19,12:45:00
S004332,P001,29,2025-12-20,13:38:00
S004333,P001,11,2025-12-20,09:01:00
S004334,P001,25,2025-12-20,10:17:00
S004335,P002,12,2025-12-20,11:16:00
S004336,P002,18,2025-12-20,12:25:00
S004337,P002,28,2025-12-20,13:27:00
S004338,P003,18,2025-12-20,17:14:00
S004339,P003,49,2025-12-20,11:40:00
S004340,P004,15,2025-12-20,09:36:00
S004341,P004,14,2025-12-20,14:13:00
S004342,P004,17,2025-12-20,16:07:00
S004343,P005,31,2025-12-20,08:38:00
S004344,P005,18,2025-12-20,17:01:00
S004345,P005,14,2025-12-20,07:49:00
S004346,P005,19,2025-12-20,17:21:00
S004347,P006,12,2025-12-20,06:33:00
S004348,P006,11,2025-12-20,14:12:00
S004349,P006,16,2025-12-20,14:25:00
S004350,P006,17,2025-12-20,17:14:00
S004351,P007,10,2025-12-20,11:26:00
S004352,P007,12,2025-12-20,09:35:00
S004353,P008,12,2025-12-20,06:48:00
S004354,P008,47,2025-12-20,14:06:00
S004355,P009,4,2025-12-20,10:19:00
S004356,P009,3,2025-12-20,16:49:00
S004357,P009,16,2025-12-20,17:15:00
S004358,P010,3,2025-12-20,12:41:00
S004359,P010,3,2025-12-20,17:56:00
S004360,P010,2,2025-12-20,07:04:00
S004361,P010,6,2025-12-20,07:32:00
S004362,P011,18,2025-12-20,06:47:00
S004363,P011,17,2025-12-20,15:58:00
S004364,P011,5,2025-12-20,17:37:00
S004365,P011,18,2025-12-20,12:12:00
S004366,P012,16,2025-12-20,12:32:00
S004367,P012,9,2025-12-20,10:17:00
S004368,P012,13,2025-12-20,13:12:00
S004369,P013,25,2025-12-20,12:18:00
S004370,P013,14,2025-12-20,09:26:00
S004371,P013,11,2025-12-20,13:18:00
S004372,P013,19,2025-12-20,17:34:00
S004373,P014,13,2025-12-20,13:46:00
S004374,P014,16,2025-12-20,11:48:00
S004375,P014,36,2025-12-20,14:45:00
S004376,P015,7,2025-12-20,06:25:00
S004377,P015,14,2025-12-20,09:28:00
S004378,P016,12,2025-12-20,10:21:00
S004379,P016,9,2025-12-20,16:05:00
S004380,P016,7,2025-12-20,08:13:00
S004381,P016,25,2025-12-20,13:37:00
S004382,P017,19,2025-12-20,13:33:00
S004383,P017,41,2025-12-20,17:53:00
S004384,P018,3,2025-12-20,13:16:00
S004385,P018,13,2025-12-20,12:19:00
S004386,P001,18,2025-12-21,17:36:00
S004387,P001,71,2025-12-21,15:26:00
S004388,P002,26,2025-12-21,14:50:00
S004389,P002,13,2025-12-21,13:20:00
S004390,P002,27,2025-12-21,16:15:00
S004391,P003,20,2025-12-21,14:54:00
S004392,P003,16,2025-12-21,17:05:00
S004393,P003,10,2025-12-21,12:44:00
S004394,P003,12,2025-12-21,07:24:00
S004395,P004,6,2025-12-21,17:07:00
S004396,P004,21,2025-12-21,08:12:00
S004397,P005,12,2025-12-21,12:31:00
S004398,P005,45,2025-12-21,08:40:00
S004399,P006,11,2025-12-21,14:26:00
S004400,P006,12,2025-12-21,10:07:00
S004401,P006,26,2025-12-21,12:18:00
S004402,P007,7,2025-12-21,11:39:00
S004403,P007,9,2025-12-21,15:41:00
S004404,P007,2,2025-12-21,10:33:00
S004405,P007,9,2025-12-21,16:13:00
S004406,P008,17,2025-12-21,15:16:00
S004407,P008,13,2025-12-21,09:59:00
S004408,P008,7,2025-12-21,17:46:00
S004409,P008,19,2025-12-21,08:10:00
S004410,P009,4,2025-12-21,12:11:00
S004411,P009,4,2025-12-21,07:00:00
S004412,P009,13,2025-12-21,10:44:00
S004413,P010,3,2025-12-21,13:21:00
S004414,P010,2,2025-12-21,15:29:00
S004415,P010,3,2025-12-21,07:22:00
S004416,P010,6,2025-12-21,16:35:00
S004417,P011,22,2025-12-21,09:17:00
S004418,P011,10,2025-12-21,12:37:00
S004419,P011,27,2025-12-21,17:19:00
S004420,P012,12,2025-12-21,14:34:00
S004421,P012,5,2025-12-21,09:04:00
S004422,P012,10,2025-12-21,15:09:00
S004423,P013,17,2025-12-21,10:36:00
S004424,P013,46,2025-12-21,07:08:00
S004425,P014,27,2025-12-21,12:21:00
S004426,P014,16,2025-12-21,15:38:00
S004427,P014,7,2025-12-21,17:55:00
S004428,P014,20,2025-12-21,15:42:00
S004429,P015,8,2025-12-21,09:13:00
S004430,P015,24,2025-12-21,07:59:00
S004431,P016,15,2025-12-21,13:55:00
S004432,P016,48,2025-12-21,06:20:00
S004433,P017,11,2025-12-21,13:27:00
S004434,P017,38,2025-12-21,16:30:00
S004435,P018,5,2025-12-21,09:35:00
S004436,P018,2,2025-12-21,12:45:00
S004437,P018,1,2025-12-21,10:53:00
S004438,P018,4,2025-12-21,14:20:00
S004439,P001,29,2025-12-22,08:40:00
S004440,P001,16,2025-12-22,17:09:00
S004441,P001,9,2025-12-22,14:28:00
S004442,P001,12,2025-12-22,13:44:00
S004443,P002,12,2025-12-22,12:41:00
S004444,P002,12,2025-12-22,06:55:00
S004445,P002,8,2025-12-22,13:49:00
S004446,P002,20,2025-12-22,16:22:00
S004447,P003,23,2025-12-22,09:24:00
S004448,P003,39,2025-12-22,11:11:00
S004449,P004,9,2025-12-22,11:33:00
S004450,P004,28,2025-12-22,09:00:00
S004451,P005,11,2025-12-22,11:58:00
S004452,P005,11,2025-12-22,06:38:00
S004453,P005,30,2025-12-22,10:02:00
S004454,P006,13,2025-12-22,06:44:00
S004455,P006,10,2025-12-22,10:40:00
S004456,P006,3,2025-12-22,15:52:00
S004457,P006,12,2025-12-22,06:55:00
S004458,P007,10,2025-12-22,16:29:00
S004459,P007,4,2025-12-22,13:47:00
S004460,P007,8,2025-12-22,16:48:00
S004461,P008,8,2025-12-22,06:39:00
S004462,P008,33,2025-12-22,17:09:00
S004463,P009,9,2025-12-22,08:05:00
S004464,P009,11,2025-12-22,12:53:00
S004465,P010,5,2025-12-22,17:03:00
S004466,P010,13,2025-12-22,11:06:00
S004467,P011,23,2025-12-22,09:41:00
S004468,P011,9,2025-12-22,06:21:00
S004469,P011,16,2025-12-22,16:54:00
S004470,P012,7,2025-12-22,15:46:00
S004471,P012,11,2025-12-22,14:00:00
S004472,P012,5,2025-12-22,12:26:00
S004473,P012,7,2025-12-22,16:42:00
S004474,P013,22,2025-12-22,14:09:00
S004475,P013,29,2025-12-22,17:17:00
S004476,P014,7,2025-12-22,15:12:00
S004477,P014,12,2025-12-22,12:11:00
S004478,P014,18,2025-12-22,16:47:00
S004479,P015,7,2025-12-22,14:22:00
S004480,P015,19,2025-12-22,07:21:00
S004481,P016,9,2025-12-22,13:05:00
S004482,P016,8,2025-12-22,07:11:00
S004483,P016,11,2025-12-22,08:20:00
S004484,P016,16,2025-12-22,15:40:00
S004485,P017,30,2025-12-22,09:40:00
S004486,P017,40,2025-12-22,11:29:00
S004487,P018,3,2025-12-22,10:53:00
S004488,P018,2,2025-12-22,09:47:00
S004489,P018,1,2025-12-22,08:19:00
S004490,P018,2,2025-12-22,06:24:00
S004491,P001,20,2025-12-23,15:20:00
S004492,P001,53,2025-12-23,12:14:00
S004493,P002,25,2025-12-23,08:18:00
S004494,P002,8,2025-12-23,13:16:00
S004495,P002,21,2025-12-23,07:31:00
S004496,P003,15,2025-12-23,16:33:00
S004497,P003,11,2025-12-23,16:43:00
S004498,P003,24,2025-12-23,08:02:00
S004499,P004,11,2025-12-23,14:36:00
S004500,P004,7,2025-12-23,17:27:00
S004501,P004,6,2025-12-23,16:50:00
S004502,P004,14,2025-12-23,10:13:00
S004503,P005,16,2025-12-23,17:50:00
S004504,P005,8,2025-12-23,14:49:00
S004505,P005,5,2025-12-23,09:29:00
S004506,P005,16,2025-12-23,10:02:00
S004507,P006,17,2025-12-23,08:30:00
S004508,P006,6,2025-12-23,15:20:00
S004509,P006,6,2025-12-23,12:42:00
S004510,P006,14,2025-12-23,15:57:00
S004511,P007,3,2025-12-23,11:55:00
S004512,P007,5,2025-12-23,08:26:00
S004513,P007,2,2025-12-23,11:41:00
S004514,P007,4,2025-12-23,07:11:00
S004515,P008,12,2025-12-23,14:11:00
S004516,P008,15,2025-12-23,13:51:00
S004517,P008,22,2025-12-23,15:29:00
S004518,P009,6,2025-12-23,12:30:00
S004519,P009,5,2025-12-23,10:46:00
S004520,P009,2,2025-12-23,11:30:00
S004521,P009,6,2025-12-23,16:25:00
S004522,P010,5,2025-12-23,14:06:00
S004523,P010,8,2025-12-23,12:27:00
S004524,P011,14,2025-12-23,06:10:00
S004525,P011,11,2025-12-23,10:56:00
S004526,P011,7,2025-12-23,17:33:00
S004527,P011,14,2025-12-23,09:36:00
S004528,P012,11,2025-12-23,06:05:00
S004529,P012,17,2025-12-23,10:50:00
S004530,P013,27,2025-12-23,08:29:00
S004531,P013,10,2025-12-23,08:12:00
S004532,P013,44,2025-12-23,08:19:00
S004533,P014,11,2025-12-23,09:27:00
S004534,P014,33,2025-12-23,07:46:00
S004535,P015,6,2025-12-23,11:00:00
S004536,P015,4,2025-12-23,11:06:00
S004537,P015,2,2025-12-23,16:25:00
S004538,P015,6,2025-12-23,17:13:00
S004539,P016,17,2025-12-23,13:45:00
S004540,P016,10,2025-12-23,07:24:00
S004541,P016,6,2025-12-23,08:25:00
S004542,P016,23,2025-12-23,11:57:00
S004543,P017,19,2025-12-23,12:38:00
S004544,P017,8,2025-12-23,07:22:00
S004545,P017,6,2025-12-23,17:37:00
S004546,P017,14,2025-12-23,06:14:00
S004547,P018,6,2025-12-23,11:23:00
S004548,P018,8,2025-12-23,11:32:00
S004549,P001,29,2025-12-24,12:58:00
S004550,P001,10,2025-12-24,09:08:00
S004551,P001,13,2025-12-24,06:13:00
S004552,P001,25,2025-12-24,10:27:00
S004553,P002,13,2025-12-24,12:09:00
S004554,P002,5,2025-12-24,12:43:00
S004555,P002,16,2025-12-24,13:02:00
S004556,P003,11,2025-12-24,12:43:00
S004557,P003,12,2025-12-24,07:29:00
S004558,P003,24,2025-12-24,07:22:00
S004559,P004,13,2025-12-24,12:51:00
S004560,P004,20,2025-12-24,06:10:00
S004561,P005,15,2025-12-24,16:29:00
S004562,P005,5,2025-12-24,16:42:00
S004563,P005,7,2025-12-24,06:19:00
S004564,P005,17,2025-12-24,12:16:00
S004565,P006,15,2025-12-24,13:32:00
S004566,P006,25,2025-12-24,11:49:00
S004567,P007,8,2025-12-24,11:07:00
S004568,P007,4,2025-12-24,12:34:00
S004569,P007,7,2025-12-24,12:55:00
S004570,P008,8,2025-12-24,17:37:00
S004571,P008,36,2025-12-24,10:12:00
S004572,P009,7,2025-12-24,13:27:00
S004573,P009,2,2025-12-24,10:02:00
S004574,P009,2,2025-12-24,13:29:00
S004575,P009,7,2025-12-24,11:03:00
S004576,P010,5,2025-12-24,12:21:00
S004577,P010,5,2025-12-24,06:34:00
S004578,P010,2,2025-12-24,10:22:00
S004579,P010,6,2025-12-24,12:01:00
S004580,P011,14,2025-12-24,15:07:00
S004581,P011,7,2025-12-24,06:34:00
S004582,P011,17,2025-12-24,17:25:00
S004583,P012,7,2025-12-24,08:46:00
S004584,P012,14,2025-12-24,08:40:00
S004585,P013,20,2025-12-24,13:44:00
S004586,P013,18,2025-12-24,17:52:00
S004587,P013,31,2025-12-24,14:36:00
S004588,P014,14,2025-12-24,06:09:00
S004589,P014,34,2025-12-24,15:46:00
S004590,P015,7,2025-12-24,17:05:00
S004591,P015,16,2025-12-24,11:59:00
S004592,P016,15,2025-12-24,06:11:00
S004593,P016,16,2025-12-24,10:46:00
S004594,P016,17,2025-12-24,16:47:00
S004595,P017,32,2025-12-24,09:36:00
S004596,P017,9,2025-12-24,10:39:00
S004597,P017,26,2025-12-24,14:34:00
S004598,P018,5,2025-12-24,06:23:00
S004599,P018,9,2025-12-24,15:30:00
S004600,P001,14,2025-12-25,17:49:00
S004601,P001,9,2025-12-25,14:42:00
S004602,P001,30,2025-12-25,06:38:00
S004603,P002,16,2025-12-25,10:00:00
S004604,P002,26,2025-12-25,12:13:00
S004605,P003,15,2025-12-25,10:17:00
S004606,P003,8,2025-12-25,16:20:00
S004607,P003,16,2025-12-25,07:14:00
S004608,P004,7,2025-12-25,07:39:00
S004609,P004,5,2025-12-25,17:38:00
S004610,P004,5,2025-12-25,15:26:00
S004611,P004,8,2025-12-25,16:38:00
S004612,P005,15,2025-12-25,14:00:00
S004613,P005,8,2025-12-25,11:22:00
S004614,P005,21,2025-12-25,13:09:00
S004615,P006,11,2025-12-25,14:44:00
S004616,P006,5,2025-12-25,12:16:00
S004617,P006,5,2025-12-25,16:54:00
S004618,P006,13,2025-12-25,15:05:00
S004619,P007,10,2025-12-25,07:13:00
S004620,P007,4,2025-12-25,14:23:00
S004621,P007,2,2025-12-25,11:28:00
S004622,P007,5,2025-12-25,16:29:00
S004623,P008,10,2025-12-25,15:22:00
S004624,P008,6,2025-12-25,12:48:00
S004625,P008,2,2025-12-25,10:35:00
S004626,P008,10,2025-12-25,17:31:00
S004627,P009,10,2025-12-25,08:24:00
S004628,P009,4,2025-12-25,07:06:00
S004629,P009,9,2025-12-25,12:13:00
S004630,P010,4,2025-12-25,08:55:00
S004631,P010,8,2025-12-25,08:49:00
S004632,P011,22,2025-12-25,14:26:00
S004633,P011,7,2025-12-25,09:26:00
S004634,P011,7,2025-12-25,10:20:00
S004635,P011,10,2025-12-25,11:40:00
S004636,P012,9,2025-12-25,16:20:00
S004637,P012,3,2025-12-25,14:25:00
S004638,P012,1,2025-12-25,12:31:00
S004639,P012,6,2025-12-25,13:18:00
S004640,P013,20,2025-12-25,08:25:00
S004641,P013,18,2025-12-25,14:53:00
S004642,P013,45,2025-12-25,11:48:00
S004643,P014,19,2025-12-25,07:24:00
S004644,P014,29,2025-12-25,15:41:00
S004645,P015,6,2025-12-25,16:01:00
S004646,P015,5,2025-12-25,08:39:00
S004647,P015,9,2025-12-25,15:32:00
S004648,P016,21,2025-12-25,12:01:00
S004649,P016,11,2025-12-25,09:10:00
S004650,P016,9,2025-12-25,13:43:00
S004651,P016,17,2025-12-25,07:23:00
S004652,P017,18,2025-12-25,16:24:00
S004653,P017,7,2025-12-25,09:54:00
S004654,P017,6,2025-12-25,13:23:00
S004655,P017,8,2025-12-25,17:55:00
S004656,P018,4,2025-12-25,09:20:00
S004657,P018,1,2025-12-25,07:57:00
S004658,P018,5,2025-12-25,06:13:00
S004659,P001,18,2025-12-26,15:28:00
S004660,P001,24,2025-12-26,08:29:00
S004661,P001,26,2025-12-26,14:41:00
S004662,P002,15,2025-12-26,08:15:00
S004663,P002,6,2025-12-26,07:00:00
S004664,P002,5,2025-12-26,16:43:00
S004665,P002,8,2025-12-26,12:55:00
S004666,P003,25,2025-12-26,07:50:00
S004667,P003,9,2025-12-26,10:56:00
S004668,P003,21,2025-12-26,17:34:00
S004669,P004,9,2025-12-26,14:45:00
S004670,P004,2,2025-12-26,13:52:00
S004671,P004,5,2025-12-26,10:51:00
S004672,P004,7,2025-12-26,12:53:00
S004673,P005,18,2025-12-26,17:59:00
S004674,P005,41,2025-12-26,14:40:00
S004675,P006,16,2025-12-26,07:09:00
S004676,P006,9,2025-12-26,15:48:00
S004677,P006,13,2025-12-26,07:46:00
S004678,P007,6,2025-12-26,08:58:00
S004679,P007,2,2025-12-26,13:13:00
S004680,P007,8,2025-12-26,10:06:00
S004681,P008,7,2025-12-26,17:31:00
S004682,P008,11,2025-12-26,10:21:00
S004683,P008,4,2025-12-26,13:21:00
S004684,P008,13,2025-12-26,13:44:00
S004685,P009,5,2025-12-26,08:09:00
S004686,P009,3,2025-12-26,06:14:00
S004687,P009,7,2025-12-26,11:36:00
S004688,P010,3,2025-12-26,17:10:00
S004689,P010,3,2025-12-26,10:30:00
S004690,P010,7,2025-12-26,17:28:00
S004691,P011,18,2025-12-26,17:08:00
S004692,P011,26,2025-12-26,08:38:00
S004693,P012,5,2025-12-26,09:01:00
S004694,P012,7,2025-12-26,15:19:00
S004695,P012,9,2025-12-26,08:37:00
S004696,P013,20,2025-12-26,17:55:00
S004697,P013,14,2025-12-26,12:30:00
S004698,P013,15,2025-12-26,15:57:00
S004699,P014,15,2025-12-26,15:54:00
S004700,P014,8,2025-12-26,14:23:00
S004701,P014,17,2025-12-26,12:55:00
S004702,P015,6,2025-12-26,14:30:00
S004703,P015,5,2025-12-26,12:00:00
S004704,P015,6,2025-12-26,07:21:00
S004705,P015,10,2025-12-26,09:19:00
S004706,P016,10,2025-12-26,17:50:00
S004707,P016,27,2025-12-26,07:41:00
S004708,P017,14,2025-12-26,16:58:00
S004709,P017,6,2025-12-26,17:54:00
S004710,P017,24,2025-12-26,14:57:00
S004711,P018,3,2025-12-26,06:25:00
S004712,P018,7,2025-12-26,16:06:00
S004713,P001,23,2025-12-27,14:34:00
S004714,P001,38,2025-12-27,14:55:00
S004715,P001,10,2025-12-27,06:28:00
S004716,P001,36,2025-12-27,15:33:00
S004717,P002,21,2025-12-27,08:44:00
S004718,P002,13,2025-12-27,09:14:00
S004719,P002,15,2025-12-27,17:45:00
S004720,P003,34,2025-12-27,10:35:00
S004721,P003,35,2025-12-27,10:05:00
S004722,P004,19,2025-12-27,07:57:00
S004723,P004,11,2025-12-27,14:19:00
S004724,P004,3,2025-12-27,09:15:00
S004725,P004,11,2025-12-27,15:48:00
S004726,P005,15,2025-12-27,06:20:00
S004727,P005,23,2025-12-27,07:12:00
S004728,P005,30,2025-12-27,13:07:00
S004729,P006,11,2025-12-27,14:37:00
S004730,P006,8,2025-12-27,13:19:00
S004731,P006,24,2025-12-27,15:00:00
S004732,P007,11,2025-12-27,13:49:00
S004733,P007,16,2025-12-27,16:12:00
S004734,P008,20,2025-12-27,13:00:00
S004735,P008,9,2025-12-27,12:38:00
S004736,P008,7,2025-12-27,16:11:00
S004737,P008,18,2025-12-27,11:32:00
S004738,P009,11,2025-12-27,10:16:00
S004739,P009,5,2025-12-27,09:21:00
S004740,P009,7,2025-12-27,10:43:00
S004741,P010,7,2025-12-27,07:48:00
S004742,P010,6,2025-12-27,13:00:00
S004743,P010,7,2025-12-27,11:57:00
S004744,P011,23,2025-12-27,08:04:00
S004745,P011,18,2025-12-27,16:19:00
S004746,P011,25,2025-12-27,07:59:00
S004747,P012,15,2025-12-27,14:52:00
S004748,P012,6,2025-12-27,07:48:00
S004749,P012,18,2025-12-27,09:13:00
S004750,P013,23,2025-12-27,14:30:00
S004751,P013,13,2025-12-27,10:59:00
S004752,P013,44,2025-12-27,15:13:00
S004753,P014,19,2025-12-27,09:49:00
S004754,P014,48,2025-12-27,12:50:00
S004755,P015,8,2025-12-27,08:20:00
S004756,P015,14,2025-12-27,14:30:00
S004757,P016,27,2025-12-27,10:14:00
S004758,P016,17,2025-12-27,13:59:00
S004759,P016,19,2025-12-27,10:23:00
S004760,P017,23,2025-12-27,17:20:00
S004761,P017,11,2025-12-27,12:36:00
S004762,P017,22,2025-12-27,12:48:00
S004763,P018,3,2025-12-27,12:22:00
S004764,P018,4,2025-12-27,08:29:00
S004765,P018,7,2025-12-27,10:01:00
S004766,P001,24,2025-12-28,17:16:00
S004767,P001,68,2025-12-28,10:53:00
S004768,P002,16,2025-12-28,12:20:00
S004769,P002,12,2025-12-28,17:12:00
S004770,P002,21,2025-12-28,09:39:00
S004771,P003,15,2025-12-28,09:10:00
S004772,P003,15,2025-12-28,13:46:00
S004773,P003,36,2025-12-28,15:30:00
S004774,P004,19,2025-12-28,12:44:00
S004775,P004,26,2025-12-28,17:31:00
S004776,P005,18,2025-12-28,06:06:00
S004777,P005,6,2025-12-28,11:17:00
S004778,P005,9,2025-12-28,13:59:00
S004779,P005,17,2025-12-28,10:07:00
S004780,P006,9,2025-12-28,17:26:00
S004781,P006,14,2025-12-28,08:37:00
S004782,P006,5,2025-12-28,09:35:00
S004783,P006,13,2025-12-28,07:28:00
S004784,P007,7,2025-12-28,16:16:00
S004785,P007,4,2025-12-28,10:44:00
S004786,P007,1,2025-12-28,07:55:00
S004787,P007,8,2025-12-28,17:45:00
S004788,P008,25,2025-12-28,13:47:00
S004789,P008,13,2025-12-28,08:20:00
S004790,P008,16,2025-12-28,13:14:00
S004791,P009,5,2025-12-28,17:16:00
S004792,P009,4,2025-12-28,17:59:00
S004793,P009,12,2025-12-28,06:08:00
S004794,P010,4,2025-12-28,13:51:00
S004795,P010,1,2025-12-28,14:03:00
S004796,P010,8,2025-12-28,14:23:00
S004797,P011,16,2025-12-28,14:55:00
S004798,P011,7,2025-12-28,14:31:00
S004799,P011,11,2025-12-28,10:36:00
S004800,P012,11,2025-12-28,15:05:00
S004801,P012,16,2025-12-28,14:49:00
S004802,P013,28,2025-12-28,07:36:00
S004803,P013,36,2025-12-28,13:39:00
S004804,P014,27,2025-12-28,16:27:00
S004805,P014,38,2025-12-28,10:29:00
S004806,P015,6,2025-12-28,11:04:00
S004807,P015,4,2025-12-28,15:21:00
S004808,P015,5,2025-12-28,17:47:00
S004809,P015,10,2025-12-28,12:56:00
S004810,P016,10,2025-12-28,15:53:00
S004811,P016,8,2025-12-28,06:14:00
S004812,P016,5,2025-12-28,08:16:00
S004813,P016,15,2025-12-28,09:37:00
S004814,P017,25,2025-12-28,16:42:00
S004815,P017,12,2025-12-28,15:59:00
S004816,P017,35,2025-12-28,11:57:00
S004817,P018,4,2025-12-28,08:13:00
S004818,P018,3,2025-12-28,07:01:00
S004819,P018,3,2025-12-28,06:49:00
S004820,P018,7,2025-12-28,08:34:00
S004821,P001,17,2025-12-29,11:59:00
S004822,P001,42,2025-12-29,09:42:00
S004823,P002,9,2025-12-29,10:14:00
S004824,P002,13,2025-12-29,09:49:00
S004825,P002,15,2025-12-29,11:01:00
S004826,P003,10,2025-12-29,12:01:00
S004827,P003,10,2025-12-29,17:54:00
S004828,P003,23,2025-12-29,17:13:00
S004829,P004,8,2025-12-29,09:13:00
S004830,P004,8,2025-12-29,15:52:00
S004831,P004,11,2025-12-29,07:05:00
S004832,P005,30,2025-12-29,17:33:00
S004833,P005,8,2025-12-29,09:07:00
S004834,P005,12,2025-12-29,17:38:00
S004835,P005,14,2025-12-29,11:47:00
S004836,P006,11,2025-12-29,07:51:00
S004837,P006,11,2025-12-29,13:16:00
S004838,P006,23,2025-12-29,14:07:00
S004839,P007,5,2025-12-29,12:25:00
S004840,P007,20,2025-12-29,07:22:00
S004841,P008,16,2025-12-29,12:54:00
S004842,P008,7,2025-12-29,09:44:00
S004843,P008,13,2025-12-29,07:41:00
S004844,P009,8,2025-12-29,06:17:00
S004845,P009,4,2025-12-29,11:02:00
S004846,P009,7,2025-12-29,08:54:00
S004847,P010,2,2025-12-29,14:09:00
S004848,P010,2,2025-12-29,13:48:00
S004849,P010,1,2025-12-29,15:51:00
S004850,P010,7,2025-12-29,09:55:00
S004851,P011,14,2025-12-29,12:52:00
S004852,P011,7,2025-12-29,08:11:00
S004853,P011,24,2025-12-29,14:09:00
S004854,P012,7,2025-12-29,07:50:00
S004855,P012,5,2025-12-29,13:13:00
S004856,P012,4,2025-12-29,16:23:00
S004857,P012,12,2025-12-29,10:39:00
S004858,P013,18,2025-12-29,13:02:00
S004859,P013,44,2025-12-29,17:55:00
S004860,P014,8,2025-12-29,12:48:00
S004861,P014,11,2025-12-29,14:10:00
S004862,P014,20,2025-12-29,08:06:00
S004863,P015,3,2025-12-29,07:07:00
S004864,P015,12,2025-12-29,13:29:00
S004865,P016,19,2025-12-29,15:51:00
S004866,P016,15,2025-12-29,10:30:00
S004867,P016,8,2025-12-29,10:08:00
S004868,P016,16,2025-12-29,11:42:00
S004869,P017,22,2025-12-29,07:30:00
S004870,P017,11,2025-12-29,15:12:00
S004871,P017,5,2025-12-29,14:08:00
S004872,P017,18,2025-12-29,08:14:00
S004873,P018,2,2025-12-29,12:18:00
S004874,P018,5,2025-12-29,07:15:00
S004875,P018,1,2025-12-29,08:46:00
S004876,P018,5,2025-12-29,16:19:00
S004877,P001,23,2025-12-30,14:33:00
S004878,P001,13,2025-12-30,10:48:00
S004879,P001,22,2025-12-30,08:20:00
S004880,P002,10,2025-12-30,17:59:00
S004881,P002,14,2025-12-30,17:57:00
S004882,P002,7,2025-12-30,16:03:00
S004883,P002,11,2025-12-30,09:11:00
S004884,P003,7,2025-12-30,09:10:00
S004885,P003,9,2025-12-30,06:36:00
S004886,P003,7,2025-12-30,11:12:00
S004887,P003,15,2025-12-30,16:55:00
S004888,P004,11,2025-12-30,09:29:00
S004889,P004,9,2025-12-30,14:28:00
S004890,P004,3,2025-12-30,10:41:00
S004891,P004,12,2025-12-30,14:59:00
S004892,P005,12,2025-12-30,13:49:00
S004893,P005,33,2025-12-30,14:29:00
S004894,P006,17,2025-12-30,14:16:00
S004895,P006,4,2025-12-30,11:27:00
S004896,P006,6,2025-12-30,14:08:00
S004897,P006,11,2025-12-30,07:14:00
S004898,P007,5,2025-12-30,17:18:00
S004899,P007,20,2025-12-30,08:55:00
S004900,P008,11,2025-12-30,07:55:00
S004901,P008,12,2025-12-30,08:25:00
S004902,P008,13,2025-12-30,14:12:00
S004903,P009,3,2025-12-30,06:12:00
S004904,P009,4,2025-12-30,11:33:00
S004905,P009,2,2025-12-30,08:36:00
S004906,P009,5,2025-12-30,14:33:00
S004907,P010,3,2025-12-30,09:44:00
S004908,P010,3,2025-12-30,14:10:00
S004909,P010,1,2025-12-30,07:43:00
S004910,P010,3,2025-12-30,08:40:00
S004911,P011,11,2025-12-30,17:09:00
S004912,P011,11,2025-12-30,15:27:00
S004913,P011,9,2025-12-30,10:03:00
S004914,P011,12,2025-12-30,12:18:00
S004915,P012,11,2025-12-30,13:29:00
S004916,P012,3,2025-12-30,17:19:00
S004917,P012,1,2025-12-30,10:45:00
S004918,P012,8,2025-12-30,14:42:00
S004919,P013,23,2025-12-30,07:03:00
S004920,P013,16,2025-12-30,08:09:00
S004921,P013,7,2025-12-30,08:48:00
S004922,P013,16,2025-12-30,09:25:00
S004923,P014,18,2025-12-30,15:12:00
S004924,P014,10,2025-12-30,11:04:00
S004925,P014,8,2025-12-30,10:08:00
S004926,P014,22,2025-12-30,12:07:00
S004927,P015,11,2025-12-30,08:13:00
S004928,P015,4,2025-12-30,16:17:00
S004929,P015,3,2025-12-30,06:40:00
S004930,P015,6,2025-12-30,07:33:00
S004931,P016,16,2025-12-30,15:30:00
S004932,P016,23,2025-12-30,09:42:00
S004933,P017,18,2025-12-30,15:29:00
S004934,P017,34,2025-12-30,08:04:00
S004935,P018,4,2025-12-30,10:02:00
S004936,P018,3,2025-12-30,10:07:00
S004937,P018,2,2025-12-30,12:37:00
S004938,P018,5,2025-12-30,08:56:00
S004939,P001,31,2025-12-31,09:33:00
S004940,P001,9,2025-12-31,17:38:00
S004941,P001,33,2025-12-31,15:55:00
S004942,P002,14,2025-12-31,17:27:00
S004943,P002,8,2025-12-31,16:06:00
S004944,P002,8,2025-12-31,10:53:00
S004945,P002,11,2025-12-31,17:46:00
S004946,P003,18,2025-12-31,11:26:00
S004947,P003,11,2025-12-31,10:22:00
S004948,P003,18,2025-12-31,07:00:00
S004949,P004,6,2025-12-31,13:14:00
S004950,P004,6,2025-12-31,16:17:00
S004951,P004,10,2025-12-31,07:49:00
S004952,P005,21,2025-12-31,15:24:00
S004953,P005,14,2025-12-31,16:24:00
S004954,P005,24,2025-12-31,06:38:00
S004955,P006,12,2025-12-31,15:06:00
S004956,P006,3,2025-12-31,09:23:00
S004957,P006,4,2025-12-31,17:57:00
S004958,P006,7,2025-12-31,15:26:00
S004959,P007,9,2025-12-31,11:41:00
S004960,P007,6,2025-12-31,13:36:00
S004961,P007,3,2025-12-31,06:25:00
S004962,P007,5,2025-12-31,16:47:00
S004963,P008,21,2025-12-31,09:36:00
S004964,P008,6,2025-12-31,16:21:00
S004965,P008,4,2025-12-31,12:51:00
S004966,P008,15,2025-12-31,06:46:00
S004967,P009,5,2025-12-31,16:22:00
S004968,P009,3,2025-12-31,09:17:00
S004969,P009,9,2025-12-31,13:50:00
S004970,P010,4,2025-12-31,16:16:00
S004971,P010,2,2025-12-31,08:13:00
S004972,P010,4,2025-12-31,14:49:00
S004973,P011,14,2025-12-31,12:48:00
S004974,P011,10,2025-12-31,08:54:00
S004975,P011,8,2025-12-31,07:21:00
S004976,P011,16,2025-12-31,11:39:00
S004977,P012,7,2025-12-31,10:06:00
S004978,P012,18,2025-12-31,17:05:00
S004979,P013,28,2025-12-31,16:11:00
S004980,P013,20,2025-12-31,09:16:00
S004981,P013,27,2025-12-31,17:31:00
S004982,P014,21,2025-12-31,08:10:00
S004983,P014,7,2025-12-31,07:12:00
S004984,P014,17,2025-12-31,15:19:00
S004985,P015,10,2025-12-31,10:48:00
S004986,P015,6,2025-12-31,08:25:00
S004987,P015,4,2025-12-31,07:12:00
S004988,P015,7,2025-12-31,07:05:00
S004989,P016,16,2025-12-31,10:09:00
S004990,P016,14,2025-12-31,14:22:00
S004991,P016,6,2025-12-31,12:06:00
S004992,P016,14,2025-12-31,17:52:00
S004993,P017,25,2025-12-31,07:20:00
S004994,P017,20,2025-12-31,13:52:00
S004995,P017,22,2025-12-31,06:15:00
S004996,P018,5,2025-12-31,06:31:00
S004997,P018,1,2025-12-31,17:14:00
S004998,P018,1,2025-12-31,09:28:00
S004999,P018,5,2025-12-31,16:51:00
S005000,P001,15,2026-01-01,06:54:00
S005001,P001,38,2026-01-01,15:30:00
S005002,P002,19,2026-01-01,15:12:00
S005003,P002,11,2026-01-01,14:37:00
S005004,P002,24,2026-01-01,12:40:00
S005005,P003,24,2026-01-01,17:50:00
S005006,P003,16,2026-01-01,10:27:00
S005007,P003,17,2026-01-01,11:23:00
S005008,P004,10,2026-01-01,11:04:00
S005009,P004,27,2026-01-01,17:08:00
S005010,P005,12,2026-01-01,14:37:00
S005011,P005,7,2026-01-01,14:45:00
S005012,P005,8,2026-01-01,11:06:00
S005013,P005,17,2026-01-01,15:14:00
S005014,P006,16,2026-01-01,14:52:00
S005015,P006,11,2026-01-01,13:17:00
S005016,P006,4,2026-01-01,06:29:00
S005017,P006,8,2026-01-01,15:28:00
S005018,P007,4,2026-01-01,08:01:00
S005019,P007,5,2026-01-01,14:41:00
S005020,P007,10,2026-01-01,06:57:00
S005021,P008,8,2026-01-01,16:22:00
S005022,P008,6,2026-01-01,17:17:00
S005023,P008,8,2026-01-01,17:01:00
S005024,P008,14,2026-01-01,17:38:00
S005025,P009,7,2026-01-01,08:25:00
S005026,P009,2,2026-01-01,13:19:00
S005027,P009,2,2026-01-01,16:19:00
S005028,P009,6,2026-01-01,11:14:00
S005029,P010,7,2026-01-01,08:49:00
S005030,P010,2,2026-01-01,16:37:00
S005031,P010,1,2026-01-01,06:39:00
S005032,P010,5,2026-01-01,06:45:00
S005033,P011,10,2026-01-01,07:39:00
S005034,P011,7,2026-01-01,12:46:00
S005035,P011,7,2026-01-01,09:15:00
S005036,P011,22,2026-01-01,15:49:00
S005037,P012,12,2026-01-01,06:41:00
S005038,P012,16,2026-01-01,13:46:00
S005039,P013,12,2026-01-01,12:36:00
S005040,P013,42,2026-01-01,17:43:00
S005041,P014,14,2026-01-01,13:08:00
S005042,P014,14,2026-01-01,08:06:00
S005043,P014,18,2026-01-01,10:22:00
S005044,P015,7,2026-01-01,13:05:00
S005045,P015,2,2026-01-01,12:12:00
S005046,P015,8,2026-01-01,09:22:00
S005047,P016,13,2026-01-01,13:48:00
S005048,P016,10,2026-01-01,10:01:00
S005049,P016,16,2026-01-01,06:35:00
S005050,P016,19,2026-01-01,06:43:00
S005051,P017,10,2026-01-01,14:00:00
S005052,P017,40,2026-01-01,06:20:00
S005053,P018,4,2026-01-01,15:36:00
S005054,P018,7,2026-01-01,11:54:00
S005055,P001,12,2026-01-02,15:31:00
S005056,P001,36,2026-01-02,08:34:00
S005057,P002,8,2026-01-02,16:58:00
S005058,P002,7,2026-01-02,11:36:00
S005059,P002,22,2026-01-02,08:57:00
S005060,P003,18,2026-01-02,13:01:00
S005061,P003,35,2026-01-02,15:02:00
S005062,P004,16,2026-01-02,10:59:00
S005063,P004,21,2026-01-02,10:06:00
S005064,P005,16,2026-01-02,08:57:00
S005065,P005,29,2026-01-02,07:31:00
S005066,P006,13,2026-01-02,11:29:00
S005067,P006,15,2026-01-02,16:35:00
S005068,P007,11,2026-01-02,16:35:00
S005069,P007,2,2026-01-02,09:23:00
S005070,P007,10,2026-01-02,08:15:00
S005071,P008,13,2026-01-02,12:02:00
S005072,P008,11,2026-01-02,13:51:00
S005073,P008,27,2026-01-02,16:45:00
S005074,P009,4,2026-01-02,14:05:00
S005075,P009,6,2026-01-02,11:58:00
S005076,P009,3,2026-01-02,15:44:00
S005077,P009,7,2026-01-02,14:33:00
S005078,P010,5,2026-01-02,10:20:00
S005079,P010,2,2026-01-02,09:18:00
S005080,P010,3,2026-01-02,12:25:00
S005081,P010,4,2026-01-02,12:24:00
S005082,P011,10,2026-01-02,11:35:00
S005083,P011,19,2026-01-02,13:39:00
S005084,P012,11,2026-01-02,10:49:00
S005085,P012,4,2026-01-02,06:33:00
S005086,P012,8,2026-01-02,06:12:00
S005087,P013,41,2026-01-02,17:57:00
S005088,P013,17,2026-01-02,08:41:00
S005089,P013,30,2026-01-02,11:47:00
S005090,P014,7,2026-01-02,10:24:00
S005091,P014,29,2026-01-02,09:22:00
S005092,P015,12,2026-01-02,16:55:00
S005093,P015,16,2026-01-02,12:47:00
S005094,P016,15,2026-01-02,16:44:00
S005095,P016,30,2026-01-02,06:58:00
S005096,P017,21,2026-01-02,09:45:00
S005097,P017,7,2026-01-02,17:13:00
S005098,P017,17,2026-01-02,13:13:00
S005099,P018,2,2026-01-02,12:13:00
S005100,P018,4,2026-01-02,07:59:00
S005101,P018,1,2026-01-02,09:42:00
S005102,P018,5,2026-01-02,11:11:00
S005103,P001,33,2026-01-03,12:02:00
S005104,P001,76,2026-01-03,08:09:00
S005105,P002,24,2026-01-03,12:43:00
S005106,P002,13,2026-01-03,16:19:00
S005107,P002,6,2026-01-03,16:47:00
S005108,P002,18,2026-01-03,10:26:00
S005109,P003,35,2026-01-03,12:17:00
S005110,P003,19,2026-01-03,09:52:00
S005111,P003,25,2026-01-03,13:16:00
S005112,P004,16,2026-01-03,06:44:00
S005113,P004,10,2026-01-03,08:42:00
S005114,P004,6,2026-01-03,07:40:00
S005115,P004,9,2026-01-03,07:07:00
S005116,P005,11,2026-01-03,14:20:00
S005117,P005,10,2026-01-03,17:16:00
S005118,P005,30,2026-01-03,16:45:00
S005119,P006,16,2026-01-03,10:18:00
S005120,P006,18,2026-01-03,10:06:00
S005121,P006,23,2026-01-03,07:25:00
S005122,P007,15,2026-01-03,14:54:00
S005123,P007,16,2026-01-03,13:12:00
S005124,P008,13,2026-01-03,07:07:00
S005125,P008,27,2026-01-03,09:02:00
S005126,P009,6,2026-01-03,17:51:00
S005127,P009,22,2026-01-03,07:15:00
S005128,P010,5,2026-01-03,08:28:00
S005129,P010,4,2026-01-03,06:42:00
S005130,P010,9,2026-01-03,14:49:00
S005131,P011,27,2026-01-03,06:36:00
S005132,P011,39,2026-01-03,06:09:00
S005133,P012,13,2026-01-03,11:29:00
S005134,P012,4,2026-01-03,16:03:00
S005135,P012,12,2026-01-03,12:24:00
S005136,P013,25,2026-01-03,09:11:00
S005137,P013,18,2026-01-03,11:42:00
S005138,P013,29,2026-01-03,17:28:00
S005139,P014,10,2026-01-03,09:38:00
S005140,P014,12,2026-01-03,14:10:00
S005141,P014,24,2026-01-03,08:35:00
S005142,P015,8,2026-01-03,07:26:00
S005143,P015,28,2026-01-03,14:34:00
S005144,P016,10,2026-01-03,11:23:00
S005145,P016,6,2026-01-03,07:43:00
S005146,P016,6,2026-01-03,12:00:00
S005147,P016,19,2026-01-03,15:03:00
S005148,P017,19,2026-01-03,09:48:00
S005149,P017,25,2026-01-03,15:34:00
S005150,P017,8,2026-01-03,16:52:00
S005151,P017,32,2026-01-03,13:59:00
S005152,P018,4,2026-01-03,15:24:00
S005153,P018,4,2026-01-03,17:15:00
S005154,P018,8,2026-01-03,16:31:00
S005155,P001,41,2026-01-04,16:29:00
S005156,P001,14,2026-01-04,08:29:00
S005157,P001,28,2026-01-04,14:56:00
S005158,P002,14,2026-01-04,17:11:00
S005159,P002,35,2026-01-04,12:16:00
S005160,P003,34,2026-01-04,12:51:00
S005161,P003,13,2026-01-04,06:29:00
S005162,P003,34,2026-01-04,12:45:00
S005163,P004,21,2026-01-04,08:53:00
S005164,P004,23,2026-01-04,16:22:00
S005165,P005,15,2026-01-04,12:29:00
S005166,P005,14,2026-01-04,13:24:00
S005167,P005,20,2026-01-04,13:23:00
S005168,P006,11,2026-01-04,17:33:00
S005169,P006,6,2026-01-04,09:45:00
S005170,P006,5,2026-01-04,09:55:00
S005171,P006,15,2026-01-04,17:42:00
S005172,P007,13,2026-01-04,14:55:00
S005173,P007,6,2026-01-04,12:23:00
S005174,P007,9,2026-01-04,16:19:00
S005175,P008,13,2026-01-04,14:41:00
S005176,P008,26,2026-01-04,13:19:00
S005177,P009,8,2026-01-04,09:13:00
S005178,P009,5,2026-01-04,08:42:00
S005179,P009,4,2026-01-04,14:27:00
S005180,P009,9,2026-01-04,08:28:00
S005181,P010,3,2026-01-04,16:11:00
S005182,P010,9,2026-01-04,10:47:00
S005183,P011,20,2026-01-04,15:50:00
S005184,P011,33,2026-01-04,09:09:00
S005185,P012,7,2026-01-04,17:08:00
S005186,P012,9,2026-01-04,13:20:00
S005187,P012,12,2026-01-04,15:59:00
S005188,P013,40,2026-01-04,06:43:00
S005189,P013,13,2026-01-04,07:05:00
S005190,P013,9,2026-01-04,06:21:00
S005191,P013,35,2026-01-04,07:20:00
S005192,P014,19,2026-01-04,08:13:00
S005193,P014,16,2026-01-04,07:23:00
S005194,P014,40,2026-01-04,15:58:00
S005195,P015,7,2026-01-04,17:11:00
S005196,P015,4,2026-01-04,07:51:00
S005197,P015,12,2026-01-04,14:10:00
S005198,P016,16,2026-01-04,07:34:00
S005199,P016,50,2026-01-04,15:26:00
S005200,P017,20,2026-01-04,17:17:00
S005201,P017,13,2026-01-04,09:07:00
S005202,P017,7,2026-01-04,08:58:00
S005203,P017,12,2026-01-04,13:06:00
S005204,P018,7,2026-01-04,13:24:00
S005205,P018,9,2026-01-04,13:10:00
S005206,P001,30,2026-01-05,11:59:00
S005207,P001,14,2026-01-05,15:11:00
S005208,P001,10,2026-01-05,06:31:00
S005209,P001,21,2026-01-05,16:36:00
S005210,P002,19,2026-01-05,11:04:00
S005211,P002,5,2026-01-05,15:19:00
S005212,P002,16,2026-01-05,16:25:00
S005213,P003,33,2026-01-05,16:12:00
S005214,P003,35,2026-01-05,16:20:00
S005215,P004,7,2026-01-05,13:01:00
S005216,P004,19,2026-01-05,15:57:00
S005217,P005,16,2026-01-05,10:12:00
S005218,P005,36,2026-01-05,14:17:00
S005219,P006,15,2026-01-05,08:03:00
S005220,P006,30,2026-01-05,16:15:00
S005221,P007,7,2026-01-05,12:21:00
S005222,P007,3,2026-01-05,17:48:00
S005223,P007,12,2026-01-05,16:29:00
S005224,P008,15,2026-01-05,08:55:00
S005225,P008,13,2026-01-05,15:00:00
S005226,P008,15,2026-01-05,17:36:00
S005227,P009,3,2026-01-05,13:24:00
S005228,P009,2,2026-01-05,17:43:00
S005229,P009,7,2026-01-05,10:44:00
S005230,P010,5,2026-01-05,12:26:00
S005231,P010,3,2026-01-05,08:22:00
S005232,P010,5,2026-01-05,17:16:00
S005233,P011,11,2026-01-05,07:58:00
S005234,P011,10,2026-01-05,16:05:00
S005235,P011,20,2026-01-05,16:58:00
S005236,P012,10,2026-01-05,06:51:00
S005237,P012,2,2026-01-05,07:15:00
S005238,P012,2,2026-01-05,11:04:00
S005239,P012,8,2026-01-05,08:36:00
S005240,P013,37,2026-01-05,06:46:00
S005241,P013,45,2026-01-05,06:47:00
S005242,P014,13,2026-01-05,15:40:00
S005243,P014,22,2026-01-05,13:40:00
S005244,P014,11,2026-01-05,16:06:00
S005245,P014,13,2026-01-05,15:07:00
S005246,P015,4,2026-01-05,17:59:00
S005247,P015,12,2026-01-05,07:11:00
S005248,P016,6,2026-01-05,16:14:00
S005249,P016,27,2026-01-05,09:03:00
S005250,P017,18,2026-01-05,14:12:00
S005251,P017,15,2026-01-05,09:45:00
S005252,P017,29,2026-01-05,13:38:00
S005253,P018,3,2026-01-05,16:37:00
S005254,P018,4,2026-01-05,06:28:00
S005255,P018,6,2026-01-05,08:32:00
S005256,P001,22,2026-01-06,10:09:00
S005257,P001,23,2026-01-06,14:36:00
S005258,P002,13,2026-01-06,07:12:00
S005259,P002,11,2026-01-06,11:48:00
S005260,P002,16,2026-01-06,08:25:00
S005261,P002,17,2026-01-06,16:53:00
S005262,P003,18,2026-01-06,16:18:00
S005263,P003,10,2026-01-06,10:52:00
S005264,P003,9,2026-01-06,09:33:00
S005265,P003,21,2026-01-06,06:41:00
S005266,P004,10,2026-01-06,08:04:00
S005267,P004,5,2026-01-06,13:22:00
S005268,P004,10,2026-01-06,06:39:00
S005269,P004,12,2026-01-06,12:05:00
S005270,P005,18,2026-01-06,17:43:00
S005271,P005,8,2026-01-06,15:49:00
S005272,P005,13,2026-01-06,11:44:00
S005273,P005,16,2026-01-06,16:38:00
S005274,P006,14,2026-01-06,17:53:00
S005275,P006,24,2026-01-06,11:28:00
S005276,P007,5,2026-01-06,10:48:00
S005277,P007,4,2026-01-06,14:47:00
S005278,P007,9,2026-01-06,09:14:00
S005279,P008,17,2026-01-06,12:29:00
S005280,P008,25,2026-01-06,13:20:00
S005281,P009,7,2026-01-06,13:28:00
S005282,P009,3,2026-01-06,17:48:00
S005283,P009,12,2026-01-06,12:26:00
S005284,P010,8,2026-01-06,12:55:00
S005285,P010,11,2026-01-06,16:09:00
S005286,P011,12,2026-01-06,16:57:00
S005287,P011,25,2026-01-06,08:09:00
S005288,P012,6,2026-01-06,06:25:00
S005289,P012,20,2026-01-06,13:09:00
S005290,P013,12,2026-01-06,12:10:00
S005291,P013,48,2026-01-06,10:53:00
S005292,P014,17,2026-01-06,09:31:00
S005293,P014,17,2026-01-06,13:27:00
S005294,P014,9,2026-01-06,08:31:00
S005295,P014,20,2026-01-06,16:03:00
S005296,P015,4,2026-01-06,11:45:00
S005297,P015,16,2026-01-06,13:38:00
S005298,P016,13,2026-01-06,13:51:00
S005299,P016,26,2026-01-06,09:26:00
S005300,P017,21,2026-01-06,11:40:00
S005301,P017,9,2026-01-06,15:27:00
S005302,P017,24,2026-01-06,15:07:00
S005303,P018,3,2026-01-06,17:23:00
S005304,P018,3,2026-01-06,08:23:00
S005305,P018,2,2026-01-06,13:04:00
S005306,P018,4,2026-01-06,06:28:00
S005307,P001,15,2026-01-07,11:44:00
S005308,P001,44,2026-01-07,09:58:00
S005309,P002,21,2026-01-07,13:50:00
S005310,P002,9,2026-01-07,11:36:00
S005311,P002,25,2026-01-07,11:44:00
S005312,P003,21,2026-01-07,16:36:00
S005313,P003,23,2026-01-07,09:45:00
S005314,P004,13,2026-01-07,09:31:00
S005315,P004,18,2026-01-07,15:30:00
S005316,P005,21,2026-01-07,07:24:00
S005317,P005,17,2026-01-07,15:20:00
S005318,P005,23,2026-01-07,07:33:00
S005319,P006,15,2026-01-07,17:17:00
S005320,P006,4,2026-01-07,12:49:00
S005321,P006,3,2026-01-07,10:45:00
S005322,P006,12,2026-01-07,08:23:00
S005323,P007,8,2026-01-07,09:40:00
S005324,P007,16,2026-01-07,06:20:00
S005325,P008,12,2026-01-07,08:50:00
S005326,P008,6,2026-01-07,11:31:00
S005327,P008,8,2026-01-07,15:56:00
S005328,P008,10,2026-01-07,14:12:00
S005329,P009,5,2026-01-07,15:38:00
S005330,P009,3,2026-01-07,17:03:00
S005331,P009,5,2026-01-07,09:33:00
S005332,P009,8,2026-01-07,14:18:00
S005333,P010,3,2026-01-07,06:19:00
S005334,P010,2,2026-01-07,08:18:00
S005335,P010,7,2026-01-07,06:01:00
S005336,P011,9,2026-01-07,13:49:00
S005337,P011,16,2026-01-07,08:28:00
S005338,P011,18,2026-01-07,16:24:00
S005339,P012,8,2026-01-07,11:06:00
S005340,P012,8,2026-01-07,13:17:00
S005341,P012,2,2026-01-07,15:29:00
S005342,P012,7,2026-01-07,10:10:00
S005343,P013,35,2026-01-07,07:03:00
S005344,P013,17,2026-01-07,14:30:00
S005345,P013,21,2026-01-07,11:09:00
S005346,P014,13,2026-01-07,06:40:00
S005347,P014,10,2026-01-07,11:25:00
S005348,P014,5,2026-01-07,15:53:00
S005349,P014,16,2026-01-07,06:41:00
S005350,P015,8,2026-01-07,06:56:00
S005351,P015,3,2026-01-07,17:45:00
S005352,P015,3,2026-01-07,13:04:00
S005353,P015,5,2026-01-07,07:08:00
S005354,P016,8,2026-01-07,17:15:00
S005355,P016,6,2026-01-07,11:22:00
S005356,P016,6,2026-01-07,12:21:00
S005357,P016,15,2026-01-07,07:31:00
S005358,P017,18,2026-01-07,16:50:00
S005359,P017,33,2026-01-07,12:44:00
S005360,P018,3,2026-01-07,13:10:00
S005361,P018,6,2026-01-07,07:48:00
S005362,P001,21,2026-01-08,06:41:00
S005363,P001,24,2026-01-08,06:03:00
S005364,P001,36,2026-01-08,16:53:00
S005365,P002,10,2026-01-08,09:48:00
S005366,P002,10,2026-01-08,08:55:00
S005367,P002,30,2026-01-08,08:32:00
S005368,P003,20,2026-01-08,16:25:00
S005369,P003,5,2026-01-08,10:31:00
S005370,P003,24,2026-01-08,06:42:00
S005371,P004,12,2026-01-08,06:12:00
S005372,P004,7,2026-01-08,09:14:00
S005373,P004,14,2026-01-08,15:31:00
S005374,P005,7,2026-01-08,11:32:00
S005375,P005,13,2026-01-08,08:25:00
S005376,P005,3,2026-01-08,14:00:00
S005377,P005,12,2026-01-08,16:47:00
S005378,P006,13,2026-01-08,14:24:00
S005379,P006,5,2026-01-08,09:48:00
S005380,P006,19,2026-01-08,15:16:00
S005381,P007,8,2026-01-08,12:07:00
S005382,P007,3,2026-01-08,13:01:00
S005383,P007,7,2026-01-08,13:38:00
S005384,P008,18,2026-01-08,12:13:00
S005385,P008,8,2026-01-08,06:24:00
S005386,P008,11,2026-01-08,17:59:00
S005387,P008,14,2026-01-08,09:12:00
S005388,P009,8,2026-01-08,17:43:00
S005389,P009,3,2026-01-08,15:52:00
S005390,P009,2,2026-01-08,13:03:00
S005391,P009,7,2026-01-08,16:40:00
S005392,P010,3,2026-01-08,06:19:00
S005393,P010,1,2026-01-08,08:55:00
S005394,P010,8,2026-01-08,11:13:00
S005395,P011,12,2026-01-08,11:29:00
S005396,P011,13,2026-01-08,15:48:00
S005397,P011,3,2026-01-08,13:30:00
S005398,P011,11,2026-01-08,14:38:00
S005399,P012,9,2026-01-08,09:04:00
S005400,P012,4,2026-01-08,06:54:00
S005401,P012,1,2026-01-08,06:54:00
S005402,P012,7,2026-01-08,06:17:00
S005403,P013,29,2026-01-08,17:36:00
S005404,P013,28,2026-01-08,07:03:00
S005405,P013,31,2026-01-08,11:13:00
S005406,P014,22,2026-01-08,11:04:00
S005407,P014,9,2026-01-08,16:01:00
S005408,P014,23,2026-01-08,10:49:00
S005409,P015,4,2026-01-08,10:29:00
S005410,P015,11,2026-01-08,09:07:00
S005411,P016,27,2026-01-08,06:56:00
S005412,P016,13,2026-01-08,13:11:00
S005413,P016,3,2026-01-08,07:46:00
S005414,P016,13,2026-01-08,09:29:00
S005415,P017,27,2026-01-08,10:17:00
S005416,P017,8,2026-01-08,15:30:00
S005417,P017,7,2026-01-08,17:09:00
S005418,P017,25,2026-01-08,09:04:00
S005419,P018,2,2026-01-08,13:27:00
S005420,P018,4,2026-01-08,12:11:00
S005421,P018,5,2026-01-08,06:36:00
S005422,P001,17,2026-01-09,10:45:00
S005423,P001,17,2026-01-09,13:12:00
S005424,P001,20,2026-01-09,06:42:00
S005425,P001,26,2026-01-09,10:55:00
S005426,P002,12,2026-01-09,06:41:00
S005427,P002,5,2026-01-09,15:53:00
S005428,P002,8,2026-01-09,14:44:00
S005429,P002,11,2026-01-09,13:50:00
S005430,P003,9,2026-01-09,11:05:00
S005431,P003,14,2026-01-09,13:52:00
S005432,P003,7,2026-01-09,08:23:00
S005433,P003,16,2026-01-09,16:57:00
S005434,P004,9,2026-01-09,11:47:00
S005435,P004,7,2026-01-09,12:11:00
S005436,P004,4,2026-01-09,11:29:00
S005437,P004,7,2026-01-09,11:49:00
S005438,P005,18,2026-01-09,13:43:00
S005439,P005,9,2026-01-09,11:27:00
S005440,P005,3,2026-01-09,10:56:00
S005441,P005,13,2026-01-09,08:21:00
S005442,P006,14,2026-01-09,14:55:00
S005443,P006,11,2026-01-09,06:21:00
S005444,P006,6,2026-01-09,16:09:00
S005445,P006,12,2026-01-09,15:21:00
S005446,P007,4,2026-01-09,15:08:00
S005447,P007,7,2026-01-09,09:52:00
S005448,P007,3,2026-01-09,07:52:00
S005449,P007,6,2026-01-09,12:56:00
S005450,P008,10,2026-01-09,14:06:00
S005451,P008,7,2026-01-09,10:59:00
S005452,P008,4,2026-01-09,08:47:00
S005453,P008,9,2026-01-09,09:43:00
S005454,P009,6,2026-01-09,11:46:00
S005455,P009,6,2026-01-09,11:35:00
S005456,P009,8,2026-01-09,12:33:00
S005457,P010,4,2026-01-09,11:47:00
S005458,P010,3,2026-01-09,07:14:00
S005459,P010,9,2026-01-09,16:41:00
S005460,P011,17,2026-01-09,09:45:00
S005461,P011,4,2026-01-09,14:51:00
S005462,P011,3,2026-01-09,08:58:00
S005463,P011,14,2026-01-09,07:44:00
S005464,P012,13,2026-01-09,10:52:00
S005465,P012,18,2026-01-09,09:34:00
S005466,P013,15,2026-01-09,06:18:00
S005467,P013,60,2026-01-09,07:13:00
S005468,P014,8,2026-01-09,10:28:00
S005469,P014,15,2026-01-09,12:22:00
S005470,P014,6,2026-01-09,06:44:00
S005471,P014,11,2026-01-09,15:19:00
S005472,P015,4,2026-01-09,12:39:00
S005473,P015,5,2026-01-09,13:40:00
S005474,P015,10,2026-01-09,15:37:00
S005475,P016,15,2026-01-09,13:20:00
S005476,P016,5,2026-01-09,10:44:00
S005477,P016,12,2026-01-09,13:55:00
S005478,P017,27,2026-01-09,12:44:00
S005479,P017,13,2026-01-09,11:43:00
S005480,P017,8,2026-01-09,06:24:00
S005481,P017,16,2026-01-09,06:31:00
S005482,P018,4,2026-01-09,14:05:00
S005483,P018,9,2026-01-09,07:15:00
S005484,P001,36,2026-01-10,07:29:00
S005485,P001,18,2026-01-10,11:15:00
S005486,P001,15,2026-01-10,13:02:00
S005487,P001,26,2026-01-10,11:19:00
S005488,P002,27,2026-01-10,09:39:00
S005489,P002,10,2026-01-10,06:43:00
S005490,P002,5,2026-01-10,16:49:00
S005491,P002,18,2026-01-10,06:59:00
S005492,P003,24,2026-01-10,13:17:00
S005493,P003,47,2026-01-10,17:36:00
S005494,P004,14,2026-01-10,06:16:00
S005495,P004,8,2026-01-10,17:33:00
S005496,P004,4,2026-01-10,13:18:00
S005497,P004,10,2026-01-10,08:02:00
S005498,P005,18,2026-01-10,16:09:00
S005499,P005,18,2026-01-10,07:12:00
S005500,P005,20,2026-01-10,13:31:00
S005501,P006,16,2026-01-10,16:57:00
S005502,P006,5,2026-01-10,12:02:00
S005503,P006,17,2026-01-10,10:11:00
S005504,P007,7,2026-01-10,13:14:00
S005505,P007,5,2026-01-10,17:58:00
S005506,P007,2,2026-01-10,08:08:00
S005507,P007,7,2026-01-10,08:47:00
S005508,P008,24,2026-01-10,13:31:00
S005509,P008,13,2026-01-10,17:27:00
S005510,P008,5,2026-01-10,14:57:00
S005511,P008,24,2026-01-10,17:23:00
S005512,P009,8,2026-01-10,06:17:00
S005513,P009,17,2026-01-10,12:35:00
S005514,P010,4,2026-01-10,10:56:00
S005515,P010,17,2026-01-10,16:22:00
S005516,P011,24,2026-01-10,08:07:00
S005517,P011,5,2026-01-10,07:36:00
S005518,P011,5,2026-01-10,09:28:00
S005519,P011,17,2026-01-10,16:34:00
S005520,P012,10,2026-01-10,16:11:00
S005521,P012,7,2026-01-10,07:35:00
S005522,P012,13,2026-01-10,06:14:00
S005523,P013,17,2026-01-10,17:25:00
S005524,P013,11,2026-01-10,06:32:00
S005525,P013,46,2026-01-10,06:07:00
S005526,P014,24,2026-01-10,06:19:00
S005527,P014,19,2026-01-10,08:20:00
S005528,P014,22,2026-01-10,09:55:00
S005529,P015,7,2026-01-10,13:30:00
S005530,P015,21,2026-01-10,13:13:00
S005531,P016,16,2026-01-10,16:34:00
S005532,P016,12,2026-01-10,07:09:00
S005533,P016,16,2026-01-10,16:08:00
S005534,P017,39,2026-01-10,07:30:00
S005535,P017,47,2026-01-10,14:04:00
S005536,P018,6,2026-01-10,12:53:00
S005537,P018,10,2026-01-10,16:23:00
S005538,P001,31,2026-01-11,12:02:00
S005539,P001,30,2026-01-11,12:01:00
S005540,P001,37,2026-01-11,09:42:00
S005541,P002,19,2026-01-11,15:53:00
S005542,P002,19,2026-01-11,17:58:00
S005543,P002,23,2026-01-11,08:30:00
S005544,P003,32,2026-01-11,16:55:00
S005545,P003,16,2026-01-11,08:15:00
S005546,P003,8,2026-01-11,10:31:00
S005547,P003,14,2026-01-11,07:27:00
S005548,P004,8,2026-01-11,07:45:00
S005549,P004,14,2026-01-11,08:49:00
S005550,P004,16,2026-01-11,16:02:00
S005551,P005,15,2026-01-11,16:51:00
S005552,P005,19,2026-01-11,11:19:00
S005553,P005,21,2026-01-11,14:38:00
S005554,P006,16,2026-01-11,13:32:00
S005555,P006,7,2026-01-11,17:37:00
S005556,P006,14,2026-01-11,17:35:00
S005557,P007,11,2026-01-11,15:08:00
S005558,P007,6,2026-01-11,07:44:00
S005559,P007,4,2026-01-11,11:34:00
S005560,P007,9,2026-01-11,14:39:00
S005561,P008,19,2026-01-11,10:55:00
S005562,P008,9,2026-01-11,14:14:00
S005563,P008,23,2026-01-11,11:59:00
S005564,P009,9,2026-01-11,11:19:00
S005565,P009,17,2026-01-11,09:52:00
S005566,P010,5,2026-01-11,10:38:00
S005567,P010,3,2026-01-11,16:12:00
S005568,P010,3,2026-01-11,08:51:00
S005569,P010,5,2026-01-11,17:18:00
S005570,P011,12,2026-01-11,14:35:00
S005571,P011,8,2026-01-11,13:37:00
S005572,P011,6,2026-01-11,07:46:00
S005573,P011,13,2026-01-11,17:56:00
S005574,P012,6,2026-01-11,16:53:00
S005575,P012,20,2026-01-11,11:11:00
S005576,P013,32,2026-01-11,12:30:00
S005577,P013,29,2026-01-11,15:29:00
S005578,P013,42,2026-01-11,14:21:00
S005579,P014,10,2026-01-11,07:24:00
S005580,P014,16,2026-01-11,12:00:00
S005581,P014,4,2026-01-11,10:59:00
S005582,P014,17,2026-01-11,13:29:00
S005583,P015,12,2026-01-11,10:32:00
S005584,P015,7,2026-01-11,09:17:00
S005585,P015,3,2026-01-11,12:40:00
S005586,P015,11,2026-01-11,13:38:00
S005587,P016,12,2026-01-11,07:08:00
S005588,P016,7,2026-01-11,11:48:00
S005589,P016,22,2026-01-11,06:02:00
S005590,P017,18,2026-01-11,14:17:00
S005591,P017,14,2026-01-11,07:59:00
S005592,P017,47,2026-01-11,17:43:00
S005593,P018,6,2026-01-11,15:03:00
S005594,P018,7,2026-01-11,06:07:00
S005595,P001,24,2026-01-12,10:27:00
S005596,P001,9,2026-01-12,09:39:00
S005597,P001,9,2026-01-12,10:59:00
S005598,P001,16,2026-01-12,14:22:00
S005599,P002,11,2026-01-12,15:20:00
S005600,P002,43,2026-01-12,09:10:00
S005601,P003,16,2026-01-12,15:01:00
S005602,P003,23,2026-01-12,07:36:00
S005603,P003,26,2026-01-12,17:39:00
S005604,P004,16,2026-01-12,07:06:00
S005605,P004,6,2026-01-12,12:14:00
S005606,P004,16,2026-01-12,09:29:00
S005607,P005,25,2026-01-12,10:06:00
S005608,P005,28,2026-01-12,06:15:00
S005609,P006,14,2026-01-12,15:54:00
S005610,P006,7,2026-01-12,09:14:00
S005611,P006,17,2026-01-12,07:54:00
S005612,P007,4,2026-01-12,08:47:00
S005613,P007,4,2026-01-12,15:48:00
S005614,P007,1,2026-01-12,14:48:00
S005615,P007,5,2026-01-12,10:13:00
S005616,P008,16,2026-01-12,14:21:00
S005617,P008,9,2026-01-12,13:32:00
S005618,P008,24,2026-01-12,15:24:00
S005619,P009,5,2026-01-12,08:45:00
S005620,P009,3,2026-01-12,17:43:00
S005621,P009,4,2026-01-12,12:13:00
S005622,P009,9,2026-01-12,09:20:00
S005623,P010,3,2026-01-12,10:57:00
S005624,P010,2,2026-01-12,15:56:00
S005625,P010,8,2026-01-12,13:01:00
S005626,P011,12,2026-01-12,17:04:00
S005627,P011,10,2026-01-12,06:24:00
S005628,P011,8,2026-01-12,11:24:00
S005629,P011,14,2026-01-12,06:31:00
S005630,P012,11,2026-01-12,07:27:00
S005631,P012,3,2026-01-12,09:17:00
S005632,P012,10,2026-01-12,11:58:00
S005633,P013,22,2026-01-12,09:54:00
S005634,P013,25,2026-01-12,14:38:00
S005635,P013,43,2026-01-12,14:51:00
S005636,P014,19,2026-01-12,11:03:00
S005637,P014,21,2026-01-12,09:05:00
S005638,P015,5,2026-01-12,17:35:00
S005639,P015,19,2026-01-12,06:16:00
S005640,P016,11,2026-01-12,10:09:00
S005641,P016,10,2026-01-12,10:55:00
S005642,P016,12,2026-01-12,08:14:00
S005643,P017,18,2026-01-12,09:55:00
S005644,P017,34,2026-01-12,07:39:00
S005645,P018,3,2026-01-12,17:11:00
S005646,P018,1,2026-01-12,13:27:00
S005647,P018,1,2026-01-12,09:01:00
S005648,P018,3,2026-01-12,09:38:00
S005649,P001,31,2026-01-13,10:52:00
S005650,P001,42,2026-01-13,08:34:00
S005651,P002,12,2026-01-13,11:46:00
S005652,P002,5,2026-01-13,14:59:00
S005653,P002,17,2026-01-13,08:15:00
S005654,P003,29,2026-01-13,10:32:00
S005655,P003,15,2026-01-13,14:32:00
S005656,P003,20,2026-01-13,06:25:00
S005657,P004,7,2026-01-13,08:15:00
S005658,P004,16,2026-01-13,15:53:00
S005659,P005,15,2026-01-13,13:11:00
S005660,P005,12,2026-01-13,17:15:00
S005661,P005,19,2026-01-13,08:40:00
S005662,P006,8,2026-01-13,12:08:00
S005663,P006,29,2026-01-13,06:18:00
S005664,P007,7,2026-01-13,12:35:00
S005665,P007,4,2026-01-13,12:56:00
S005666,P007,8,2026-01-13,14:29:00
S005667,P008,15,2026-01-13,15:36:00
S005668,P008,14,2026-01-13,17:25:00
S005669,P008,9,2026-01-13,14:59:00
S005670,P008,13,2026-01-13,12:10:00
S005671,P009,4,2026-01-13,06:13:00
S005672,P009,3,2026-01-13,11:53:00
S005673,P009,11,2026-01-13,10:07:00
S005674,P010,4,2026-01-13,10:23:00
S005675,P010,2,2026-01-13,13:12:00
S005676,P010,9,2026-01-13,06:13:00
S005677,P011,16,2026-01-13,13:55:00
S005678,P011,8,2026-01-13,17:08:00
S005679,P011,5,2026-01-13,10:25:00
S005680,P011,9,2026-01-13,09:09:00
S005681,P012,8,2026-01-13,10:31:00
S005682,P012,9,2026-01-13,12:29:00
S005683,P013,36,2026-01-13,13:08:00
S005684,P013,13,2026-01-13,06:15:00
S005685,P013,29,2026-01-13,08:57:00
S005686,P014,15,2026-01-13,06:22:00
S005687,P014,39,2026-01-13,13:58:00
S005688,P015,9,2026-01-13,07:38:00
S005689,P015,3,2026-01-13,14:35:00
S005690,P015,2,2026-01-13,13:04:00
S005691,P015,6,2026-01-13,11:21:00
S005692,P016,8,2026-01-13,07:09:00
S005693,P016,11,2026-01-13,14:17:00
S005694,P016,3,2026-01-13,14:13:00
S005695,P016,14,2026-01-13,16:33:00
S005696,P017,16,2026-01-13,15:29:00
S005697,P017,10,2026-01-13,11:18:00
S005698,P017,24,2026-01-13,11:03:00
S005699,P018,3,2026-01-13,13:48:00
S005700,P018,3,2026-01-13,14:02:00
S005701,P018,3,2026-01-13,14:46:00
S005702,P018,5,2026-01-13,17:36:00
S005703,P001,31,2026-01-14,12:21:00
S005704,P001,34,2026-01-14,16:45:00
S005705,P002,16,2026-01-14,08:09:00
S005706,P002,11,2026-01-14,09:05:00
S005707,P002,6,2026-01-14,10:25:00
S005708,P002,10,2026-01-14,09:02:00
S005709,P003,18,2026-01-14,09:26:00
S005710,P003,21,2026-01-14,15:12:00
S005711,P004,9,2026-01-14,15:16:00
S005712,P004,19,2026-01-14,09:00:00
S005713,P005,29,2026-01-14,10:46:00
S005714,P005,35,2026-01-14,13:50:00
S005715,P006,11,2026-01-14,08:59:00
S005716,P006,5,2026-01-14,07:05:00
S005717,P006,9,2026-01-14,16:29:00
S005718,P007,8,2026-01-14,11:54:00
S005719,P007,5,2026-01-14,10:36:00
S005720,P007,10,2026-01-14,14:35:00
S005721,P008,14,2026-01-14,16:20:00
S005722,P008,12,2026-01-14,16:43:00
S005723,P008,10,2026-01-14,15:33:00
S005724,P008,13,2026-01-14,16:17:00
S005725,P009,5,2026-01-14,06:27:00
S005726,P009,16,2026-01-14,13:17:00
S005727,P010,3,2026-01-14,17:25:00
S005728,P010,2,2026-01-14,15:19:00
S005729,P010,3,2026-01-14,10:06:00
S005730,P010,5,2026-01-14,08:35:00
S005731,P011,15,2026-01-14,09:29:00
S005732,P011,18,2026-01-14,08:59:00
S005733,P012,6,2026-01-14,12:47:00
S005734,P012,3,2026-01-14,15:21:00
S005735,P012,2,2026-01-14,09:10:00
S005736,P012,7,2026-01-14,15:30:00
S005737,P013,19,2026-01-14,11:59:00
S005738,P013,32,2026-01-14,12:25:00
S005739,P013,16,2026-01-14,08:26:00
S005740,P013,21,2026-01-14,13:01:00
S005741,P014,10,2026-01-14,09:31:00
S005742,P014,16,2026-01-14,13:59:00
S005743,P014,19,2026-01-14,12:37:00
S005744,P015,8,2026-01-14,10:15:00
S005745,P015,3,2026-01-14,08:21:00
S005746,P015,7,2026-01-14,08:38:00
S005747,P016,18,2026-01-14,07:05:00
S005748,P016,4,2026-01-14,17:00:00
S005749,P016,18,2026-01-14,08:34:00
S005750,P017,24,2026-01-14,17:41:00
S005751,P017,28,2026-01-14,08:03:00
S005752,P018,1,2026-01-14,10:53:00
S005753,P018,7,2026-01-14,11:43:00
S005754,P001,22,2026-01-15,15:05:00
S005755,P001,10,2026-01-15,10:21:00
S005756,P001,9,2026-01-15,15:05:00
S005757,P001,31,2026-01-15,06:39:00
S005758,P002,13,2026-01-15,12:52:00
S005759,P002,18,2026-01-15,13:06:00
S005760,P003,18,2026-01-15,14:04:00
S005761,P003,13,2026-01-15,10:08:00
S005762,P003,16,2026-01-15,07:29:00
S005763,P004,7,2026-01-15,17:32:00
S005764,P004,5,2026-01-15,15:14:00
S005765,P004,19,2026-01-15,17:18:00
S005766,P005,13,2026-01-15,17:30:00
S005767,P005,9,2026-01-15,11:32:00
S005768,P005,13,2026-01-15,10:18:00
S005769,P006,12,2026-01-15,09:50:00
S005770,P006,12,2026-01-15,10:42:00
S005771,P006,14,2026-01-15,11:13:00
S005772,P007,6,2026-01-15,06:05:00
S005773,P007,10,2026-01-15,06:37:00
S005774,P008,11,2026-01-15,13:08:00
S005775,P008,38,2026-01-15,08:46:00
S005776,P009,5,2026-01-15,15:15:00
S005777,P009,3,2026-01-15,12:26:00
S005778,P009,5,2026-01-15,07:59:00
S005779,P010,5,2026-01-15,15:19:00
S005780,P010,5,2026-01-15,09:57:00
S005781,P010,2,2026-01-15,06:23:00
S005782,P010,4,2026-01-15,08:25:00
S005783,P011,6,2026-01-15,10:24:00
S005784,P011,26,2026-01-15,08:52:00
S005785,P012,11,2026-01-15,17:55:00
S005786,P012,3,2026-01-15,08:52:00
S005787,P012,2,2026-01-15,17:27:00
S005788,P012,8,2026-01-15,16:20:00
S005789,P013,40,2026-01-15,08:00:00
S005790,P013,22,2026-01-15,08:16:00
S005791,P013,8,2026-01-15,13:56:00
S005792,P013,19,2026-01-15,11:09:00
S005793,P014,9,2026-01-15,15:31:00
S005794,P014,27,2026-01-15,10:58:00
S005795,P015,5,2026-01-15,06:40:00
S005796,P015,13,2026-01-15,11:45:00
S005797,P016,12,2026-01-15,06:06:00
S005798,P016,9,2026-01-15,14:12:00
S005799,P016,5,2026-01-15,11:43:00
S005800,P016,14,2026-01-15,16:54:00
S005801,P017,17,2026-01-15,12:56:00
S005802,P017,16,2026-01-15,15:39:00
S005803,P017,13,2026-01-15,09:27:00
S005804,P017,16,2026-01-15,17:51:00
S005805,P018,3,2026-01-15,10:34:00
S005806,P018,2,2026-01-15,13:02:00
S005807,P018,1,2026-01-15,06:26:00
S005808,P018,2,2026-01-15,15:40:00
S005809,P001,28,2026-01-16,12:59:00
S005810,P001,55,2026-01-16,13:58:00
S005811,P002,14,2026-01-16,11:53:00
S005812,P002,15,2026-01-16,13:16:00
S005813,P002,7,2026-01-16,16:54:00
S005814,P002,19,2026-01-16,06:52:00
S005815,P003,12,2026-01-16,10:00:00
S005816,P003,12,2026-01-16,06:14:00
S005817,P003,10,2026-01-16,13:15:00
S005818,P003,12,2026-01-16,12:00:00
S005819,P004,12,2026-01-16,10:34:00
S005820,P004,16,2026-01-16,14:26:00
S005821,P005,15,2026-01-16,16:50:00
S005822,P005,5,2026-01-16,15:42:00
S005823,P005,3,2026-01-16,15:13:00
S005824,P005,12,2026-01-16,14:42:00
S005825,P006,16,2026-01-16,12:35:00
S005826,P006,20,2026-01-16,17:21:00
S005827,P007,4,2026-01-16,16:27:00
S005828,P007,2,2026-01-16,16:15:00
S005829,P007,4,2026-01-16,06:06:00
S005830,P007,6,2026-01-16,08:59:00
S005831,P008,11,2026-01-16,10:42:00
S005832,P008,9,2026-01-16,08:57:00
S005833,P008,25,2026-01-16,12:13:00
S005834,P009,4,2026-01-16,10:19:00
S005835,P009,7,2026-01-16,17:35:00
S005836,P009,9,2026-01-16,16:04:00
S005837,P010,5,2026-01-16,06:15:00
S005838,P010,6,2026-01-16,07:49:00
S005839,P011,22,2026-01-16,07:48:00
S005840,P011,8,2026-01-16,07:32:00
S005841,P011,16,2026-01-16,14:29:00
S005842,P012,10,2026-01-16,10:50:00
S005843,P012,3,2026-01-16,07:22:00
S005844,P012,12,2026-01-16,08:24:00
S005845,P013,39,2026-01-16,17:01:00
S005846,P013,20,2026-01-16,15:51:00
S005847,P013,11,2026-01-16,07:04:00
S005848,P013,12,2026-01-16,08:09:00
S005849,P014,20,2026-01-16,14:12:00
S005850,P014,8,2026-01-16,16:22:00
S005851,P014,3,2026-01-16,12:50:00
S005852,P014,14,2026-01-16,12:06:00
S005853,P015,6,2026-01-16,09:39:00
S005854,P015,7,2026-01-16,15:47:00
S005855,P015,13,2026-01-16,17:04:00
S005856,P016,15,2026-01-16,16:59:00
S005857,P016,19,2026-01-16,13:35:00
S005858,P016,9,2026-01-16,12:20:00
S005859,P016,14,2026-01-16,16:23:00
S005860,P017,9,2026-01-16,09:00:00
S005861,P017,36,2026-01-16,15:22:00
S005862,P018,3,2026-01-16,16:21:00
S005863,P018,1,2026-01-16,06:20:00
S005864,P018,1,2026-01-16,07:08:00
S005865,P018,3,2026-01-16,07:38:00
S005866,P001,32,2026-01-17,13:31:00
S005867,P001,53,2026-01-17,14:35:00
S005868,P002,15,2026-01-17,06:50:00
S005869,P002,22,2026-01-17,11:15:00
S005870,P002,29,2026-01-17,10:34:00
S005871,P003,17,2026-01-17,07:03:00
S005872,P003,32,2026-01-17,16:08:00
S005873,P003,36,2026-01-17,17:16:00
S005874,P004,13,2026-01-17,12:04:00
S005875,P004,33,2026-01-17,14:23:00
S005876,P005,20,2026-01-17,12:01:00
S005877,P005,5,2026-01-17,10:20:00
S005878,P005,23,2026-01-17,08:45:00
S005879,P006,16,2026-01-17,15:38:00
S005880,P006,18,2026-01-17,07:23:00
S005881,P007,8,2026-01-17,11:56:00
S005882,P007,2,2026-01-17,15:13:00
S005883,P007,9,2026-01-17,15:51:00
S005884,P008,10,2026-01-17,14:48:00
S005885,P008,28,2026-01-17,14:58:00
S005886,P009,10,2026-01-17,15:55:00
S005887,P009,7,2026-01-17,10:58:00
S005888,P009,4,2026-01-17,10:06:00
S005889,P009,7,2026-01-17,12:48:00
S005890,P010,11,2026-01-17,12:05:00
S005891,P010,5,2026-01-17,10:47:00
S005892,P010,8,2026-01-17,06:08:00
S005893,P011,7,2026-01-17,13:02:00
S005894,P011,10,2026-01-17,11:25:00
S005895,P011,7,2026-01-17,10:10:00
S005896,P011,14,2026-01-17,15:35:00
S005897,P012,8,2026-01-17,08:11:00
S005898,P012,32,2026-01-17,16:58:00
S005899,P013,36,2026-01-17,06:30:00
S005900,P013,58,2026-01-17,09:46:00
S005901,P014,30,2026-01-17,16:32:00
S005902,P014,43,2026-01-17,09:26:00
S005903,P015,9,2026-01-17,15:50:00
S005904,P015,4,2026-01-17,09:31:00
S005905,P015,2,2026-01-17,06:27:00
S005906,P015,5,2026-01-17,09:39:00
S005907,P016,28,2026-01-17,10:22:00
S005908,P016,36,2026-01-17,08:25:00
S005909,P017,43,2026-01-17,10:17:00
S005910,P017,13,2026-01-17,07:45:00
S005911,P017,35,2026-01-17,12:16:00
S005912,P018,3,2026-01-17,07:25:00
S005913,P018,4,2026-01-17,17:16:00
S005914,P018,9,2026-01-17,17:08:00
S005915,P001,30,2026-01-18,16:15:00
S005916,P001,12,2026-01-18,06:14:00
S005917,P001,19,2026-01-18,17:02:00
S005918,P001,20,2026-01-18,17:04:00
S005919,P002,28,2026-01-18,10:07:00
S005920,P002,31,2026-01-18,15:00:00
S005921,P003,16,2026-01-18,17:00:00
S005922,P003,18,2026-01-18,11:13:00
S005923,P003,12,2026-01-18,08:46:00
S005924,P003,26,2026-01-18,16:50:00
S005925,P004,8,2026-01-18,12:24:00
S005926,P004,7,2026-01-18,16:17:00
S005927,P004,12,2026-01-18,13:42:00
S005928,P005,11,2026-01-18,12:22:00
S005929,P005,9,2026-01-18,16:54:00
S005930,P005,14,2026-01-18,09:31:00
S005931,P005,15,2026-01-18,13:17:00
S005932,P006,8,2026-01-18,13:10:00
S005933,P006,6,2026-01-18,06:47:00
S005934,P006,26,2026-01-18,13:33:00
S005935,P007,4,2026-01-18,10:09:00
S005936,P007,4,2026-01-18,08:27:00
S005937,P007,12,2026-01-18,06:30:00
S005938,P008,12,2026-01-18,13:22:00
S005939,P008,12,2026-01-18,09:28:00
S005940,P008,8,2026-01-18,10:53:00
S005941,P008,24,2026-01-18,13:24:00
S005942,P009,4,2026-01-18,08:01:00
S005943,P009,6,2026-01-18,16:31:00
S005944,P009,8,2026-01-18,12:14:00
S005945,P010,8,2026-01-18,08:07:00
S005946,P010,4,2026-01-18,11:33:00
S005947,P010,3,2026-01-18,07:17:00
S005948,P010,8,2026-01-18,16:33:00
S005949,P011,17,2026-01-18,07:36:00
S005950,P011,18,2026-01-18,07:15:00
S005951,P011,9,2026-01-18,10:51:00
S005952,P011,12,2026-01-18,09:48:00
S005953,P012,17,2026-01-18,15:51:00
S005954,P012,10,2026-01-18,08:40:00
S005955,P012,3,2026-01-18,14:00:00
S005956,P012,8,2026-01-18,08:01:00
S005957,P013,32,2026-01-18,12:36:00
S005958,P013,13,2026-01-18,13:12:00
S005959,P013,7,2026-01-18,17:19:00
S005960,P013,23,2026-01-18,17:48:00
S005961,P014,25,2026-01-18,15:12:00
S005962,P014,12,2026-01-18,16:53:00
S005963,P014,9,2026-01-18,15:36:00
S005964,P014,11,2026-01-18,11:06:00
S005965,P015,6,2026-01-18,09:20:00
S005966,P015,3,2026-01-18,11:22:00
S005967,P015,5,2026-01-18,09:34:00
S005968,P015,10,2026-01-18,11:31:00
S005969,P016,9,2026-01-18,07:06:00
S005970,P016,13,2026-01-18,08:14:00
S005971,P016,7,2026-01-18,06:13:00
S005972,P016,16,2026-01-18,13:26:00
S005973,P017,14,2026-01-18,16:35:00
S005974,P017,17,2026-01-18,08:14:00
S005975,P017,15,2026-01-18,09:23:00
S005976,P017,21,2026-01-18,07:02:00
S005977,P018,3,2026-01-18,10:41:00
S005978,P018,3,2026-01-18,13:57:00
S005979,P018,1,2026-01-18,11:59:00
S005980,P018,5,2026-01-18,09:39:00
S005981,P001,21,2026-01-19,14:47:00
S005982,P001,11,2026-01-19,09:02:00
S005983,P001,18,2026-01-19,13:44:00
S005984,P002,15,2026-01-19,17:46:00
S005985,P002,23,2026-01-19,06:59:00
S005986,P003,28,2026-01-19,11:06:00
S005987,P003,38,2026-01-19,07:32:00
S005988,P004,8,2026-01-19,12:44:00
S005989,P004,7,2026-01-19,11:48:00
S005990,P004,5,2026-01-19,17:10:00
S005991,P004,11,2026-01-19,06:47:00
S005992,P005,13,2026-01-19,16:17:00
S005993,P005,6,2026-01-19,08:14:00
S005994,P005,7,2026-01-19,17:11:00
S005995,P005,11,2026-01-19,09:52:00
S005996,P006,8,2026-01-19,06:42:00
S005997,P006,20,2026-01-19,13:14:00
S005998,P007,4,2026-01-19,17:13:00
S005999,P007,17,2026-01-19,11:40:00
S006000,P008,20,2026-01-19,12:09:00
S006001,P008,10,2026-01-19,08:30:00
S006002,P008,16,2026-01-19,12:00:00
S006003,P009,5,2026-01-19,16:53:00
S006004,P009,9,2026-01-19,12:06:00
S006005,P010,2,2026-01-19,08:26:00
S006006,P010,9,2026-01-19,07:27:00
S006007,P011,9,2026-01-19,14:45:00
S006008,P011,24,2026-01-19,14:56:00
S006009,P012,12,2026-01-19,15:21:00
S006010,P012,6,2026-01-19,08:53:00
S006011,P012,4,2026-01-19,14:42:00
S006012,P012,5,2026-01-19,15:13:00
S006013,P013,22,2026-01-19,13:17:00
S006014,P013,19,2026-01-19,15:13:00
S006015,P013,48,2026-01-19,17:51:00
S006016,P014,15,2026-01-19,10:24:00
S006017,P014,43,2026-01-19,14:29:00
S006018,P015,6,2026-01-19,17:08:00
S006019,P015,9,2026-01-19,09:47:00
S006020,P015,4,2026-01-19,07:35:00
S006021,P015,8,2026-01-19,13:25:00
S006022,P016,23,2026-01-19,08:03:00
S006023,P016,11,2026-01-19,14:56:00
S006024,P016,5,2026-01-19,08:15:00
S006025,P016,17,2026-01-19,06:32:00
S006026,P017,30,2026-01-19,09:34:00
S006027,P017,13,2026-01-19,11:33:00
S006028,P017,8,2026-01-19,10:16:00
S006029,P017,15,2026-01-19,11:35:00
S006030,P018,1,2026-01-19,13:54:00
S006031,P018,8,2026-01-19,09:08:00
S006032,P001,31,2026-01-20,07:33:00
S006033,P001,45,2026-01-20,08:39:00
S006034,P002,17,2026-01-20,14:05:00
S006035,P002,10,2026-01-20,11:29:00
S006036,P002,16,2026-01-20,08:43:00
S006037,P003,9,2026-01-20,06:49:00
S006038,P003,7,2026-01-20,16:44:00
S006039,P003,31,2026-01-20,06:55:00
S006040,P004,7,2026-01-20,08:48:00
S006041,P004,28,2026-01-20,17:51:00
S006042,P005,12,2026-01-20,09:30:00
S006043,P005,42,2026-01-20,07:28:00
S006044,P006,15,2026-01-20,06:50:00
S006045,P006,9,2026-01-20,15:01:00
S006046,P006,6,2026-01-20,11:20:00
S006047,P006,10,2026-01-20,12:43:00
S006048,P007,5,2026-01-20,10:16:00
S006049,P007,2,2026-01-20,14:52:00
S006050,P007,1,2026-01-20,16:36:00
S006051,P007,7,2026-01-20,14:30:00
S006052,P008,16,2026-01-20,07:09:00
S006053,P008,4,2026-01-20,10:32:00
S006054,P008,5,2026-01-20,06:20:00
S006055,P008,9,2026-01-20,12:30:00
S006056,P009,4,2026-01-20,06:38:00
S006057,P009,1,2026-01-20,16:16:00
S006058,P009,8,2026-01-20,09:24:00
S006059,P010,2,2026-01-20,17:33:00
S006060,P010,3,2026-01-20,08:25:00
S006061,P010,8,2026-01-20,12:36:00
S006062,P011,7,2026-01-20,10:32:00
S006063,P011,6,2026-01-20,11:23:00
S006064,P011,17,2026-01-20,16:03:00
S006065,P012,9,2026-01-20,12:46:00
S006066,P012,13,2026-01-20,06:35:00
S006067,P013,26,2026-01-20,12:13:00
S006068,P013,14,2026-01-20,15:54:00
S006069,P013,14,2026-01-20,13:39:00
S006070,P013,25,2026-01-20,11:50:00
S006071,P014,27,2026-01-20,14:11:00
S006072,P014,8,2026-01-20,06:17:00
S006073,P014,12,2026-01-20,07:55:00
S006074,P014,17,2026-01-20,12:16:00
S006075,P015,12,2026-01-20,14:47:00
S006076,P015,14,2026-01-20,06:16:00
S006077,P016,23,2026-01-20,16:11:00
S006078,P016,9,2026-01-20,13:31:00
S006079,P016,16,2026-01-20,09:33:00
S006080,P017,18,2026-01-20,14:41:00
S006081,P017,5,2026-01-20,10:15:00
S006082,P017,5,2026-01-20,07:09:00
S006083,P017,16,2026-01-20,17:25:00
S006084,P018,5,2026-01-20,14:36:00
S006085,P018,2,2026-01-20,16:46:00
S006086,P018,5,2026-01-20,10:26:00
S006087,P001,15,2026-01-21,12:48:00
S006088,P001,42,2026-01-21,17:08:00
S006089,P002,18,2026-01-21,12:13:00
S006090,P002,5,2026-01-21,10:05:00
S006091,P002,6,2026-01-21,06:52:00
S006092,P002,12,2026-01-21,12:18:00
S006093,P003,21,2026-01-21,11:48:00
S006094,P003,14,2026-01-21,10:55:00
S006095,P003,15,2026-01-21,08:25:00
S006096,P003,19,2026-01-21,09:46:00
S006097,P004,11,2026-01-21,08:18:00
S006098,P004,5,2026-01-21,17:01:00
S006099,P004,17,2026-01-21,16:05:00
S006100,P005,15,2026-01-21,10:55:00
S006101,P005,9,2026-01-21,15:52:00
S006102,P005,25,2026-01-21,14:32:00
S006103,P006,18,2026-01-21,17:06:00
S006104,P006,25,2026-01-21,11:15:00
S006105,P007,7,2026-01-21,10:21:00
S006106,P007,5,2026-01-21,08:29:00
S006107,P007,3,2026-01-21,17:03:00
S006108,P007,5,2026-01-21,16:44:00
S006109,P008,14,2026-01-21,06:54:00
S006110,P008,6,2026-01-21,09:58:00
S006111,P008,16,2026-01-21,09:13:00
S006112,P009,5,2026-01-21,14:16:00
S006113,P009,6,2026-01-21,17:07:00
S006114,P009,12,2026-01-21,12:46:00
S006115,P010,5,2026-01-21,07:06:00
S006116,P010,7,2026-01-21,17:38:00
S006117,P011,15,2026-01-21,07:34:00
S006118,P011,4,2026-01-21,09:15:00
S006119,P011,19,2026-01-21,15:05:00
S006120,P012,9,2026-01-21,08:25:00
S006121,P012,17,2026-01-21,16:20:00
S006122,P013,41,2026-01-21,06:46:00
S006123,P013,49,2026-01-21,07:05:00
S006124,P014,26,2026-01-21,13:48:00
S006125,P014,17,2026-01-21,12:06:00
S006126,P014,6,2026-01-21,14:54:00
S006127,P014,13,2026-01-21,12:49:00
S006128,P015,10,2026-01-21,06:58:00
S006129,P015,3,2026-01-21,06:51:00
S006130,P015,1,2026-01-21,07:21:00
S006131,P015,8,2026-01-21,12:07:00
S006132,P016,16,2026-01-21,06:15:00
S006133,P016,12,2026-01-21,11:30:00
S006134,P016,7,2026-01-21,13:16:00
S006135,P016,11,2026-01-21,17:18:00
S006136,P017,15,2026-01-21,17:58:00
S006137,P017,16,2026-01-21,06:56:00
S006138,P017,13,2026-01-21,09:25:00
S006139,P017,21,2026-01-21,11:39:00
S006140,P018,6,2026-01-21,07:19:00
S006141,P018,8,2026-01-21,15:04:00
S006142,P001,30,2026-01-22,15:18:00
S006143,P001,10,2026-01-22,10:14:00
S006144,P001,9,2026-01-22,14:30:00
S006145,P001,28,2026-01-22,11:53:00
S006146,P002,13,2026-01-22,12:12:00
S006147,P002,19,2026-01-22,08:52:00
S006148,P003,23,2026-01-22,14:09:00
S006149,P003,39,2026-01-22,07:15:00
S006150,P004,8,2026-01-22,07:05:00
S006151,P004,5,2026-01-22,06:44:00
S006152,P004,16,2026-01-22,17:54:00
S006153,P005,19,2026-01-22,12:47:00
S006154,P005,37,2026-01-22,06:53:00
S006155,P006,13,2026-01-22,11:15:00
S006156,P006,19,2026-01-22,13:59:00
S006157,P007,8,2026-01-22,17:02:00
S006158,P007,3,2026-01-22,07:07:00
S006159,P007,7,2026-01-22,17:08:00
S006160,P008,18,2026-01-22,09:55:00
S006161,P008,20,2026-01-22,06:33:00
S006162,P009,6,2026-01-22,15:05:00
S006163,P009,7,2026-01-22,06:24:00
S006164,P009,9,2026-01-22,08:43:00
S006165,P010,6,2026-01-22,09:06:00
S006166,P010,3,2026-01-22,09:16:00
S006167,P010,5,2026-01-22,11:22:00
S006168,P011,10,2026-01-22,08:27:00
S006169,P011,7,2026-01-22,13:40:00
S006170,P011,12,2026-01-22,13:27:00
S006171,P012,13,2026-01-22,15:13:00
S006172,P012,7,2026-01-22,10:18:00
S006173,P012,3,2026-01-22,06:07:00
S006174,P012,5,2026-01-22,09:19:00
S006175,P013,37,2026-01-22,13:49:00
S006176,P013,49,2026-01-22,09:21:00
S006177,P014,19,2026-01-22,14:47:00
S006178,P014,11,2026-01-22,08:26:00
S006179,P014,13,2026-01-22,06:13:00
S006180,P015,6,2026-01-22,07:03:00
S006181,P015,2,2026-01-22,11:28:00
S006182,P015,10,2026-01-22,17:44:00
S006183,P016,10,2026-01-22,15:37:00
S006184,P016,21,2026-01-22,17:04:00
S006185,P017,24,2026-01-22,06:45:00
S006186,P017,20,2026-01-22,10:37:00
S006187,P017,21,2026-01-22,08:25:00
S006188,P018,4,2026-01-22,16:26:00
S006189,P018,3,2026-01-22,15:51:00
S006190,P018,1,2026-01-22,16:18:00
S006191,P018,5,2026-01-22,14:41:00
S006192,P001,29,2026-01-23,16:43:00
S006193,P001,17,2026-01-23,13:05:00
S006194,P001,10,2026-01-23,10:09:00
S006195,P001,13,2026-01-23,14:50:00
S006196,P002,16,2026-01-23,15:15:00
S006197,P002,6,2026-01-23,15:06:00
S006198,P002,19,2026-01-23,10:01:00
S006199,P003,23,2026-01-23,09:11:00
S006200,P003,18,2026-01-23,07:11:00
S006201,P003,22,2026-01-23,09:18:00
S006202,P004,11,2026-01-23,14:03:00
S006203,P004,7,2026-01-23,17:01:00
S006204,P004,17,2026-01-23,14:30:00
S006205,P005,9,2026-01-23,12:57:00
S006206,P005,6,2026-01-23,13:11:00
S006207,P005,10,2026-01-23,10:35:00
S006208,P005,14,2026-01-23,17:14:00
S006209,P006,10,2026-01-23,16:38:00
S006210,P006,25,2026-01-23,11:41:00
S006211,P007,3,2026-01-23,14:48:00
S006212,P007,2,2026-01-23,10:52:00
S006213,P007,2,2026-01-23,11:26:00
S006214,P007,9,2026-01-23,16:07:00
S006215,P008,18,2026-01-23,12:21:00
S006216,P008,6,2026-01-23,08:25:00
S006217,P008,10,2026-01-23,11:34:00
S006218,P008,17,2026-01-23,16:09:00
S006219,P009,3,2026-01-23,14:24:00
S006220,P009,5,2026-01-23,11:26:00
S006221,P009,9,2026-01-23,16:04:00
S006222,P010,3,2026-01-23,13:51:00
S006223,P010,15,2026-01-23,12:06:00
S006224,P011,20,2026-01-23,09:51:00
S006225,P011,8,2026-01-23,15:21:00
S006226,P011,7,2026-01-23,07:16:00
S006227,P011,9,2026-01-23,09:49:00
S006228,P012,5,2026-01-23,15:50:00
S006229,P012,6,2026-01-23,14:17:00
S006230,P012,3,2026-01-23,06:54:00
S006231,P012,7,2026-01-23,06:53:00
S006232,P013,37,2026-01-23,06:00:00
S006233,P013,20,2026-01-23,14:27:00
S006234,P013,32,2026-01-23,15:25:00
S006235,P014,13,2026-01-23,06:07:00
S006236,P014,22,2026-01-23,12:32:00
S006237,P014,27,2026-01-23,09:04:00
S006238,P015,7,2026-01-23,11:52:00
S006239,P015,9,2026-01-23,06:03:00
S006240,P016,20,2026-01-23,15:41:00
S006241,P016,10,2026-01-23,10:40:00
S006242,P016,27,2026-01-23,15:04:00
S006243,P017,14,2026-01-23,12:49:00
S006244,P017,13,2026-01-23,16:33:00
S006245,P017,39,2026-01-23,09:55:00
S006246,P018,4,2026-01-23,16:09:00
S006247,P018,1,2026-01-23,11:14:00
S006248,P018,7,2026-01-23,16:17:00
S006249,P001,23,2026-01-24,15:18:00
S006250,P001,15,2026-01-24,06:45:00
S006251,P001,34,2026-01-24,13:56:00
S006252,P002,19,2026-01-24,12:42:00
S006253,P002,6,2026-01-24,08:22:00
S006254,P002,20,2026-01-24,06:35:00
S006255,P003,38,2026-01-24,17:40:00
S006256,P003,20,2026-01-24,12:59:00
S006257,P003,5,2026-01-24,08:36:00
S006258,P003,21,2026-01-24,17:59:00
S006259,P004,8,2026-01-24,14:43:00
S006260,P004,11,2026-01-24,07:12:00
S006261,P004,22,2026-01-24,09:12:00
S006262,P005,30,2026-01-24,11:22:00
S006263,P005,33,2026-01-24,17:59:00
S006264,P006,17,2026-01-24,12:06:00
S006265,P006,6,2026-01-24,07:29:00
S006266,P006,13,2026-01-24,06:13:00
S006267,P007,12,2026-01-24,07:38:00
S006268,P007,19,2026-01-24,08:00:00
S006269,P008,20,2026-01-24,09:52:00
S006270,P008,28,2026-01-24,14:42:00
S006271,P009,6,2026-01-24,15:22:00
S006272,P009,4,2026-01-24,09:13:00
S006273,P009,10,2026-01-24,13:04:00
S006274,P010,6,2026-01-24,10:37:00
S006275,P010,3,2026-01-24,08:55:00
S006276,P010,5,2026-01-24,06:09:00
S006277,P010,10,2026-01-24,12:18:00
S006278,P011,17,2026-01-24,10:03:00
S006279,P011,35,2026-01-24,09:28:00
S006280,P012,11,2026-01-24,12:30:00
S006281,P012,5,2026-01-24,08:57:00
S006282,P012,10,2026-01-24,13:47:00
S006283,P013,37,2026-01-24,08:04:00
S006284,P013,14,2026-01-24,08:40:00
S006285,P013,12,2026-01-24,13:57:00
S006286,P013,43,2026-01-24,15:34:00
S006287,P014,29,2026-01-24,10:33:00
S006288,P014,48,2026-01-24,12:10:00
S006289,P015,12,2026-01-24,13:50:00
S006290,P015,7,2026-01-24,15:28:00
S006291,P015,10,2026-01-24,09:48:00
S006292,P016,25,2026-01-24,14:15:00
S006293,P016,30,2026-01-24,07:54:00
S006294,P017,29,2026-01-24,11:26:00
S006295,P017,8,2026-01-24,09:36:00
S006296,P017,14,2026-01-24,17:01:00
S006297,P017,21,2026-01-24,13:50:00
S006298,P018,7,2026-01-24,12:25:00
S006299,P018,4,2026-01-24,07:29:00
S006300,P018,2,2026-01-24,06:25:00
S006301,P018,4,2026-01-24,13:15:00
S006302,P001,41,2026-01-25,08:55:00
S006303,P001,24,2026-01-25,11:48:00
S006304,P001,6,2026-01-25,14:09:00
S006305,P001,25,2026-01-25,07:42:00
S006306,P002,17,2026-01-25,11:20:00
S006307,P002,48,2026-01-25,16:10:00
S006308,P003,19,2026-01-25,16:23:00
S006309,P003,6,2026-01-25,11:34:00
S006310,P003,24,2026-01-25,13:59:00
S006311,P004,8,2026-01-25,08:46:00
S006312,P004,4,2026-01-25,16:49:00
S006313,P004,15,2026-01-25,08:04:00
S006314,P005,22,2026-01-25,12:29:00
S006315,P005,55,2026-01-25,15:02:00
S006316,P006,18,2026-01-25,10:15:00
S006317,P006,8,2026-01-25,15:34:00
S006318,P006,4,2026-01-25,14:55:00
S006319,P006,13,2026-01-25,06:10:00
S006320,P007,8,2026-01-25,06:38:00
S006321,P007,10,2026-01-25,17:46:00
S006322,P008,13,2026-01-25,17:38:00
S006323,P008,11,2026-01-25,10:32:00
S006324,P008,7,2026-01-25,16:08:00
S006325,P008,9,2026-01-25,10:56:00
S006326,P009,8,2026-01-25,14:40:00
S006327,P009,3,2026-01-25,07:18:00
S006328,P009,3,2026-01-25,16:34:00
S006329,P009,8,2026-01-25,14:29:00
S006330,P010,8,2026-01-25,13:05:00
S006331,P010,14,2026-01-25,11:59:00
S006332,P011,12,2026-01-25,12:30:00
S006333,P011,6,2026-01-25,16:11:00
S006334,P011,4,2026-01-25,15:28:00
S006335,P011,16,2026-01-25,10:24:00
S006336,P012,7,2026-01-25,16:42:00
S006337,P012,13,2026-01-25,13:39:00
S006338,P012,5,2026-01-25,12:34:00
S006339,P012,10,2026-01-25,08:54:00
S006340,P013,31,2026-01-25,17:54:00
S006341,P013,14,2026-01-25,08:20:00
S006342,P013,45,2026-01-25,14:36:00
S006343,P014,10,2026-01-25,16:34:00
S006344,P014,11,2026-01-25,14:00:00
S006345,P014,8,2026-01-25,08:43:00
S006346,P014,20,2026-01-25,16:50:00
S006347,P015,8,2026-01-25,06:42:00
S006348,P015,14,2026-01-25,11:48:00
S006349,P016,29,2026-01-25,11:43:00
S006350,P016,13,2026-01-25,06:01:00
S006351,P016,28,2026-01-25,16:07:00
S006352,P017,13,2026-01-25,17:21:00
S006353,P017,17,2026-01-25,10:16:00
S006354,P017,5,2026-01-25,14:25:00
S006355,P017,17,2026-01-25,13:37:00
S006356,P018,3,2026-01-25,15:18:00
S006357,P018,10,2026-01-25,08:40:00
S006358,P001,22,2026-01-26,17:36:00
S006359,P001,33,2026-01-26,10:50:00
S006360,P002,19,2026-01-26,09:34:00
S006361,P002,23,2026-01-26,15:59:00
S006362,P003,10,2026-01-26,07:43:00
S006363,P003,12,2026-01-26,11:11:00
S006364,P003,19,2026-01-26,14:48:00
S006365,P004,6,2026-01-26,11:24:00
S006366,P004,5,2026-01-26,15:10:00
S006367,P004,16,2026-01-26,12:37:00
S006368,P005,10,2026-01-26,14:38:00
S006369,P005,13,2026-01-26,11:06:00
S006370,P005,4,2026-01-26,14:06:00
S006371,P005,14,2026-01-26,14:45:00
S006372,P006,6,2026-01-26,16:31:00
S006373,P006,9,2026-01-26,12:54:00
S006374,P006,17,2026-01-26,14:20:00
S006375,P007,5,2026-01-26,16:18:00
S006376,P007,4,2026-01-26,09:00:00
S006377,P007,5,2026-01-26,09:19:00
S006378,P008,19,2026-01-26,14:52:00
S006379,P008,24,2026-01-26,15:04:00
S006380,P009,10,2026-01-26,15:30:00
S006381,P009,12,2026-01-26,08:03:00
S006382,P010,3,2026-01-26,09:17:00
S006383,P010,3,2026-01-26,07:53:00
S006384,P010,1,2026-01-26,12:19:00
S006385,P010,5,2026-01-26,07:20:00
S006386,P011,10,2026-01-26,11:12:00
S006387,P011,25,2026-01-26,07:13:00
S006388,P012,10,2026-01-26,09:52:00
S006389,P012,5,2026-01-26,17:54:00
S006390,P012,13,2026-01-26,14:06:00
S006391,P013,19,2026-01-26,11:02:00
S006392,P013,8,2026-01-26,15:17:00
S006393,P013,32,2026-01-26,08:44:00
S006394,P014,17,2026-01-26,07:02:00
S006395,P014,43,2026-01-26,11:11:00
S006396,P015,7,2026-01-26,07:44:00
S006397,P015,5,2026-01-26,13:35:00
S006398,P015,1,2026-01-26,17:53:00
S006399,P015,8,2026-01-26,08:48:00
S006400,P016,13,2026-01-26,09:54:00
S006401,P016,10,2026-01-26,14:54:00
S006402,P016,21,2026-01-26,11:25:00
S006403,P017,20,2026-01-26,14:51:00
S006404,P017,23,2026-01-26,12:26:00
S006405,P018,3,2026-01-26,15:32:00
S006406,P018,1,2026-01-26,13:34:00
S006407,P018,4,2026-01-26,13:17:00
S006408,P001,13,2026-01-27,17:21:00
S006409,P001,44,2026-01-27,14:21:00
S006410,P002,16,2026-01-27,16:21:00
S006411,P002,17,2026-01-27,12:23:00
S006412,P002,10,2026-01-27,11:50:00
S006413,P002,15,2026-01-27,17:53:00
S006414,P003,20,2026-01-27,10:39:00
S006415,P003,38,2026-01-27,07:05:00
S006416,P004,17,2026-01-27,06:08:00
S006417,P004,8,2026-01-27,06:56:00
S006418,P004,10,2026-01-27,06:02:00
S006419,P005,12,2026-01-27,09:37:00
S006420,P005,10,2026-01-27,09:04:00
S006421,P005,17,2026-01-27,09:08:00
S006422,P006,16,2026-01-27,11:04:00
S006423,P006,21,2026-01-27,09:00:00
S006424,P007,3,2026-01-27,09:40:00
S006425,P007,5,2026-01-27,14:47:00
S006426,P007,9,2026-01-27,08:43:00
S006427,P008,8,2026-01-27,14:33:00
S006428,P008,8,2026-01-27,12:37:00
S006429,P008,14,2026-01-27,15:45:00
S006430,P009,8,2026-01-27,17:59:00
S006431,P009,2,2026-01-27,13:57:00
S006432,P009,7,2026-01-27,16:50:00
S006433,P010,5,2026-01-27,08:47:00
S006434,P010,1,2026-01-27,11:54:00
S006435,P010,8,2026-01-27,14:47:00
S006436,P011,12,2026-01-27,07:33:00
S006437,P011,8,2026-01-27,08:45:00
S006438,P011,24,2026-01-27,14:51:00
S006439,P012,6,2026-01-27,07:08:00
S006440,P012,5,2026-01-27,08:56:00
S006441,P012,8,2026-01-27,06:40:00
S006442,P012,10,2026-01-27,10:39:00
S006443,P013,21,2026-01-27,07:33:00
S006444,P013,8,2026-01-27,10:31:00
S006445,P013,23,2026-01-27,08:13:00
S006446,P014,16,2026-01-27,14:10:00
S006447,P014,17,2026-01-27,12:33:00
S006448,P014,23,2026-01-27,17:05:00
S006449,P015,10,2026-01-27,11:30:00
S006450,P015,14,2026-01-27,13:20:00
S006451,P016,14,2026-01-27,10:30:00
S006452,P016,5,2026-01-27,08:55:00
S006453,P016,19,2026-01-27,15:02:00
S006454,P017,11,2026-01-27,16:47:00
S006455,P017,12,2026-01-27,16:35:00
S006456,P017,7,2026-01-27,07:25:00
S006457,P017,19,2026-01-27,06:35:00
S006458,P018,4,2026-01-27,07:41:00
S006459,P018,3,2026-01-27,07:29:00
S006460,P018,2,2026-01-27,09:28:00
S006461,P018,5,2026-01-27,17:46:00
S006462,P001,21,2026-01-28,08:53:00
S006463,P001,15,2026-01-28,11:11:00
S006464,P001,4,2026-01-28,15:36:00
S006465,P001,13,2026-01-28,15:13:00
S006466,P002,24,2026-01-28,17:27:00
S006467,P002,27,2026-01-28,11:42:00
S006468,P003,25,2026-01-28,09:35:00
S006469,P003,41,2026-01-28,14:09:00
S006470,P004,7,2026-01-28,11:44:00
S006471,P004,18,2026-01-28,09:50:00
S006472,P005,13,2026-01-28,14:19:00
S006473,P005,10,2026-01-28,07:31:00
S006474,P005,12,2026-01-28,13:47:00
S006475,P005,17,2026-01-28,17:56:00
S006476,P006,15,2026-01-28,10:15:00
S006477,P006,19,2026-01-28,06:36:00
S006478,P007,6,2026-01-28,13:39:00
S006479,P007,4,2026-01-28,07:11:00
S006480,P007,7,2026-01-28,13:38:00
S006481,P008,15,2026-01-28,08:36:00
S006482,P008,8,2026-01-28,07:10:00
S006483,P008,5,2026-01-28,09:42:00
S006484,P008,19,2026-01-28,15:29:00
S006485,P009,8,2026-01-28,09:31:00
S006486,P009,4,2026-01-28,11:08:00
S006487,P009,8,2026-01-28,15:35:00
S006488,P010,5,2026-01-28,08:01:00
S006489,P010,6,2026-01-28,07:08:00
S006490,P010,3,2026-01-28,12:46:00
S006491,P010,5,2026-01-28,17:55:00
S006492,P011,7,2026-01-28,06:16:00
S006493,P011,22,2026-01-28,14:31:00
S006494,P012,12,2026-01-28,14:32:00
S006495,P012,4,2026-01-28,15:28:00
S006496,P012,3,2026-01-28,09:44:00
S006497,P012,7,2026-01-28,17:46:00
S006498,P013,31,2026-01-28,11:11:00
S006499,P013,12,2026-01-28,14:25:00
S006500,P013,35,2026-01-28,06:51:00
S006501,P014,15,2026-01-28,10:19:00
S006502,P014,45,2026-01-28,09:59:00
S006503,P015,8,2026-01-28,15:20:00
S006504,P015,12,2026-01-28,07:29:00
S006505,P016,16,2026-01-28,17:36:00
S006506,P016,17,2026-01-28,07:01:00
S006507,P017,23,2026-01-28,17:37:00
S006508,P017,17,2026-01-28,16:01:00
S006509,P017,5,2026-01-28,09:30:00
S006510,P017,19,2026-01-28,10:41:00
S006511,P018,3,2026-01-28,15:52:00
S006512,P018,2,2026-01-28,06:36:00
S006513,P018,2,2026-01-28,13:05:00
S006514,P018,7,2026-01-28,09:43:00
S006515,P001,26,2026-01-29,07:09:00
S006516,P001,42,2026-01-29,12:03:00
S006517,P002,11,2026-01-29,09:10:00
S006518,P002,8,2026-01-29,16:59:00
S006519,P002,11,2026-01-29,13:26:00
S006520,P002,18,2026-01-29,13:48:00
S006521,P003,14,2026-01-29,17:43:00
S006522,P003,46,2026-01-29,07:07:00
S006523,P004,5,2026-01-29,08:02:00
S006524,P004,4,2026-01-29,17:02:00
S006525,P004,14,2026-01-29,13:08:00
S006526,P005,23,2026-01-29,14:48:00
S006527,P005,10,2026-01-29,09:12:00
S006528,P005,10,2026-01-29,17:46:00
S006529,P005,13,2026-01-29,09:02:00
S006530,P006,9,2026-01-29,11:13:00
S006531,P006,21,2026-01-29,14:00:00
S006532,P007,8,2026-01-29,16:51:00
S006533,P007,3,2026-01-29,14:06:00
S006534,P007,10,2026-01-29,08:48:00
S006535,P008,10,2026-01-29,10:01:00
S006536,P008,36,2026-01-29,14:43:00
S006537,P009,3,2026-01-29,11:55:00
S006538,P009,2,2026-01-29,16:20:00
S006539,P009,5,2026-01-29,08:38:00
S006540,P009,6,2026-01-29,10:24:00
S006541,P010,2,2026-01-29,11:22:00
S006542,P010,3,2026-01-29,07:51:00
S006543,P010,2,2026-01-29,16:00:00
S006544,P010,4,2026-01-29,09:45:00
S006545,P011,13,2026-01-29,17:37:00
S006546,P011,10,2026-01-29,06:49:00
S006547,P011,4,2026-01-29,13:07:00
S006548,P011,17,2026-01-29,08:17:00
S006549,P012,7,2026-01-29,14:23:00
S006550,P012,4,2026-01-29,08:13:00
S006551,P012,9,2026-01-29,06:16:00
S006552,P013,38,2026-01-29,06:09:00
S006553,P013,24,2026-01-29,06:27:00
S006554,P013,6,2026-01-29,15:10:00
S006555,P013,20,2026-01-29,13:14:00
S006556,P014,11,2026-01-29,15:39:00
S006557,P014,8,2026-01-29,17:46:00
S006558,P014,32,2026-01-29,07:27:00
S006559,P015,4,2026-01-29,09:08:00
S006560,P015,4,2026-01-29,10:33:00
S006561,P015,5,2026-01-29,07:21:00
S006562,P015,8,2026-01-29,11:16:00
S006563,P016,25,2026-01-29,16:40:00
S006564,P016,32,2026-01-29,16:00:00
S006565,P017,20,2026-01-29,06:15:00
S006566,P017,5,2026-01-29,06:39:00
S006567,P017,6,2026-01-29,12:31:00
S006568,P017,14,2026-01-29,15:58:00
S006569,P018,4,2026-01-29,10:39:00
S006570,P018,1,2026-01-29,13:37:00
S006571,P018,8,2026-01-29,16:49:00
S006572,P001,23,2026-01-30,08:15:00
S006573,P001,16,2026-01-30,07:08:00
S006574,P001,45,2026-01-30,10:29:00
S006575,P002,9,2026-01-30,06:49:00
S006576,P002,34,2026-01-30,07:51:00
S006577,P003,13,2026-01-30,06:51:00
S006578,P003,51,2026-01-30,17:50:00
S006579,P004,6,2026-01-30,12:17:00
S006580,P004,22,2026-01-30,07:31:00
S006581,P005,8,2026-01-30,06:33:00
S006582,P005,7,2026-01-30,17:42:00
S006583,P005,7,2026-01-30,07:09:00
S006584,P005,17,2026-01-30,15:01:00
S006585,P006,20,2026-01-30,17:03:00
S006586,P006,22,2026-01-30,13:05:00
S006587,P007,5,2026-01-30,07:15:00
S006588,P007,11,2026-01-30,06:29:00
S006589,P008,10,2026-01-30,06:52:00
S006590,P008,16,2026-01-30,11:33:00
S006591,P008,19,2026-01-30,10:31:00
S006592,P009,3,2026-01-30,17:12:00
S006593,P009,2,2026-01-30,15:27:00
S006594,P009,10,2026-01-30,08:22:00
S006595,P010,6,2026-01-30,13:27:00
S006596,P010,3,2026-01-30,15:16:00
S006597,P010,2,2026-01-30,09:07:00
S006598,P010,4,2026-01-30,14:00:00
S006599,P011,15,2026-01-30,09:38:00
S006600,P011,6,2026-01-30,13:59:00
S006601,P011,4,2026-01-30,12:56:00
S006602,P011,11,2026-01-30,12:27:00
S006603,P012,8,2026-01-30,07:33:00
S006604,P012,21,2026-01-30,09:53:00
S006605,P013,11,2026-01-30,06:17:00
S006606,P013,13,2026-01-30,12:06:00
S006607,P013,30,2026-01-30,10:21:00
S006608,P014,22,2026-01-30,07:03:00
S006609,P014,31,2026-01-30,13:37:00
S006610,P015,4,2026-01-30,10:02:00
S006611,P015,3,2026-01-30,16:16:00
S006612,P015,14,2026-01-30,15:15:00
S006613,P016,10,2026-01-30,17:36:00
S006614,P016,15,2026-01-30,17:40:00
S006615,P016,8,2026-01-30,15:00:00
S006616,P016,13,2026-01-30,11:15:00
S006617,P017,13,2026-01-30,08:02:00
S006618,P017,13,2026-01-30,15:32:00
S006619,P017,7,2026-01-30,15:19:00
S006620,P017,27,2026-01-30,16:53:00
S006621,P018,5,2026-01-30,12:50:00
S006622,P018,2,2026-01-30,13:40:00
S006623,P018,5,2026-01-30,09:41:00
S006624,P001,23,2026-01-31,16:07:00
S006625,P001,17,2026-01-31,12:38:00
S006626,P001,22,2026-01-31,14:47:00
S006627,P002,24,2026-01-31,07:09:00
S006628,P002,7,2026-01-31,10:03:00
S006629,P002,20,2026-01-31,13:30:00
S006630,P003,19,2026-01-31,08:48:00
S006631,P003,55,2026-01-31,11:27:00
S006632,P004,12,2026-01-31,14:42:00
S006633,P004,7,2026-01-31,10:37:00
S006634,P004,4,2026-01-31,07:39:00
S006635,P004,8,2026-01-31,13:51:00
S006636,P005,20,2026-01-31,10:10:00
S006637,P005,12,2026-01-31,16:08:00
S006638,P005,2,2026-01-31,13:03:00
S006639,P005,12,2026-01-31,14:29:00
S006640,P006,24,2026-01-31,07:05:00
S006641,P006,9,2026-01-31,08:42:00
S006642,P006,8,2026-01-31,06:40:00
S006643,P006,13,2026-01-31,16:40:00
S006644,P007,10,2026-01-31,07:15:00
S006645,P007,3,2026-01-31,17:48:00
S006646,P007,3,2026-01-31,14:38:00
S006647,P007,6,2026-01-31,14:56:00
S006648,P008,22,2026-01-31,08:57:00
S006649,P008,10,2026-01-31,13:01:00
S006650,P008,14,2026-01-31,14:32:00
S006651,P008,21,2026-01-31,16:37:00
S006652,P009,10,2026-01-31,07:34:00
S006653,P009,9,2026-01-31,10:19:00
S006654,P009,3,2026-01-31,08:48:00
S006655,P009,7,2026-01-31,07:28:00
S006656,P010,8,2026-01-31,17:59:00
S006657,P010,4,2026-01-31,13:32:00
S006658,P010,12,2026-01-31,11:28:00
S006659,P011,16,2026-01-31,06:16:00
S006660,P011,17,2026-01-31,12:30:00
S006661,P011,9,2026-01-31,16:05:00
S006662,P011,23,2026-01-31,08:53:00
S006663,P012,5,2026-01-31,15:25:00
S006664,P012,4,2026-01-31,16:42:00
S006665,P012,3,2026-01-31,08:32:00
S006666,P012,14,2026-01-31,13:43:00
S006667,P013,47,2026-01-31,15:42:00
S006668,P013,19,2026-01-31,14:09:00
S006669,P013,42,2026-01-31,13:46:00
S006670,P014,35,2026-01-31,16:59:00
S006671,P014,17,2026-01-31,16:40:00
S006672,P014,4,2026-01-31,06:37:00
S006673,P014,18,2026-01-31,11:14:00
S006674,P015,15,2026-01-31,07:50:00
S006675,P015,6,2026-01-31,07:22:00
S006676,P015,11,2026-01-31,12:02:00
S006677,P016,22,2026-01-31,08:31:00
S006678,P016,10,2026-01-31,17:35:00
S006679,P016,9,2026-01-31,11:46:00
S006680,P016,17,2026-01-31,12:22:00
S006681,P017,20,2026-01-31,16:42:00
S006682,P017,13,2026-01-31,08:18:00
S006683,P017,21,2026-01-31,16:02:00
S006684,P018,7,2026-01-31,10:53:00
S006685,P018,4,2026-01-31,12:34:00
S006686,P018,8,2026-01-31,09:46:00
S006687,P001,21,2026-02-01,10:28:00
S006688,P001,15,2026-02-01,08:04:00
S006689,P001,9,2026-02-01,08:35:00
S006690,P001,21,2026-02-01,11:06:00
S006691,P002,24,2026-02-01,11:37:00
S006692,P002,26,2026-02-01,09:52:00
S006693,P003,25,2026-02-01,08:00:00
S006694,P003,16,2026-02-01,15:50:00
S006695,P003,30,2026-02-01,09:17:00
S006696,P004,14,2026-02-01,09:39:00
S006697,P004,4,2026-02-01,12:08:00
S006698,P004,8,2026-02-01,12:30:00
S006699,P004,10,2026-02-01,08:48:00
S006700,P005,22,2026-02-01,12:01:00
S006701,P005,14,2026-02-01,07:05:00
S006702,P005,6,2026-02-01,09:53:00
S006703,P005,18,2026-02-01,07:37:00
S006704,P006,13,2026-02-01,16:48:00
S006705,P006,18,2026-02-01,16:52:00
S006706,P006,4,2026-02-01,09:45:00
S006707,P006,16,2026-02-01,12:06:00
S006708,P007,8,2026-02-01,06:21:00
S006709,P007,3,2026-02-01,09:02:00
S006710,P007,9,2026-02-01,10:20:00
S006711,P008,15,2026-02-01,17:01:00
S006712,P008,34,2026-02-01,08:23:00
S006713,P009,11,2026-02-01,13:09:00
S006714,P009,4,2026-02-01,15:06:00
S006715,P009,11,2026-02-01,12:20:00
S006716,P010,7,2026-02-01,10:01:00
S006717,P010,12,2026-02-01,15:26:00
S006718,P011,15,2026-02-01,17:30:00
S006719,P011,30,2026-02-01,17:04:00
S006720,P012,13,2026-02-01,15:34:00
S006721,P012,21,2026-02-01,15:48:00
S006722,P013,31,2026-02-01,17:00:00
S006723,P013,55,2026-02-01,12:29:00
S006724,P014,16,2026-02-01,07:28:00
S006725,P014,55,2026-02-01,10:26:00
S006726,P015,11,2026-02-01,11:39:00
S006727,P015,15,2026-02-01,08:58:00
S006728,P016,24,2026-02-01,14:27:00
S006729,P016,10,2026-02-01,14:39:00
S006730,P016,16,2026-02-01,09:44:00
S006731,P017,34,2026-02-01,14:28:00
S006732,P017,14,2026-02-01,14:24:00
S006733,P017,36,2026-02-01,15:19:00
S006734,P018,4,2026-02-01,15:16:00
S006735,P018,12,2026-02-01,11:51:00
S006736,P001,16,2026-02-02,08:46:00
S006737,P001,55,2026-02-02,15:43:00
S006738,P002,15,2026-02-02,11:15:00
S006739,P002,8,2026-02-02,12:56:00
S006740,P002,5,2026-02-02,11:07:00
S006741,P002,8,2026-02-02,07:30:00
S006742,P003,17,2026-02-02,09:53:00
S006743,P003,9,2026-02-02,14:51:00
S006744,P003,4,2026-02-02,12:20:00
S006745,P003,11,2026-02-02,09:26:00
S006746,P004,9,2026-02-02,14:37:00
S006747,P004,8,2026-02-02,11:38:00
S006748,P004,4,2026-02-02,13:00:00
S006749,P004,17,2026-02-02,06:01:00
S006750,P005,19,2026-02-02,08:19:00
S006751,P005,11,2026-02-02,15:16:00
S006752,P005,5,2026-02-02,10:58:00
S006753,P005,17,2026-02-02,12:24:00
S006754,P006,16,2026-02-02,17:55:00
S006755,P006,8,2026-02-02,12:27:00
S006756,P006,14,2026-02-02,13:26:00
S006757,P007,3,2026-02-02,06:52:00
S006758,P007,4,2026-02-02,10:20:00
S006759,P007,7,2026-02-02,12:55:00
S006760,P008,10,2026-02-02,06:36:00
S006761,P008,8,2026-02-02,10:49:00
S006762,P008,18,2026-02-02,11:14:00
S006763,P009,6,2026-02-02,06:27:00
S006764,P009,1,2026-02-02,11:16:00
S006765,P009,3,2026-02-02,12:50:00
S006766,P009,4,2026-02-02,08:54:00
S006767,P010,4,2026-02-02,10:03:00
S006768,P010,2,2026-02-02,16:21:00
S006769,P010,10,2026-02-02,15:38:00
S006770,P011,7,2026-02-02,16:27:00
S006771,P011,29,2026-02-02,08:54:00
S006772,P012,4,2026-02-02,08:48:00
S006773,P012,16,2026-02-02,13:27:00
S006774,P013,36,2026-02-02,13:19:00
S006775,P013,16,2026-02-02,11:39:00
S006776,P013,37,2026-02-02,07:24:00
S006777,P014,8,2026-02-02,17:06:00
S006778,P014,27,2026-02-02,07:23:00
S006779,P015,12,2026-02-02,10:34:00
S006780,P015,6,2026-02-02,16:24:00
S006781,P015,4,2026-02-02,06:48:00
S006782,P015,5,2026-02-02,14:00:00
S006783,P016,12,2026-02-02,12:30:00
S006784,P016,9,2026-02-02,14:08:00
S006785,P016,3,2026-02-02,07:11:00
S006786,P016,10,2026-02-02,15:38:00
S006787,P017,22,2026-02-02,06:59:00
S006788,P017,19,2026-02-02,13:08:00
S006789,P017,26,2026-02-02,17:26:00
S006790,P018,5,2026-02-02,12:04:00
S006791,P018,9,2026-02-02,08:46:00
S006792,P001,10,2026-02-03,14:16:00
S006793,P001,39,2026-02-03,09:47:00
S006794,P002,15,2026-02-03,12:22:00
S006795,P002,15,2026-02-03,17:24:00
S006796,P002,22,2026-02-03,14:03:00
S006797,P003,26,2026-02-03,16:10:00
S006798,P003,8,2026-02-03,10:32:00
S006799,P003,19,2026-02-03,08:19:00
S006800,P004,8,2026-02-03,09:32:00
S006801,P004,4,2026-02-03,10:23:00
S006802,P004,4,2026-02-03,10:03:00
S006803,P004,7,2026-02-03,06:43:00
S006804,P005,18,2026-02-03,11:18:00
S006805,P005,17,2026-02-03,11:47:00
S006806,P005,28,2026-02-03,08:55:00
S006807,P006,6,2026-02-03,09:09:00
S006808,P006,22,2026-02-03,17:28:00
S006809,P007,6,2026-02-03,17:46:00
S006810,P007,5,2026-02-03,16:39:00
S006811,P007,2,2026-02-03,07:28:00
S006812,P007,4,2026-02-03,13:57:00
S006813,P008,12,2026-02-03,10:41:00
S006814,P008,34,2026-02-03,16:43:00
S006815,P009,5,2026-02-03,09:55:00
S006816,P009,6,2026-02-03,14:24:00
S006817,P009,9,2026-02-03,16:10:00
S006818,P010,5,2026-02-03,06:41:00
S006819,P010,4,2026-02-03,07:38:00
S006820,P010,8,2026-02-03,12:15:00
S006821,P011,14,2026-02-03,16:12:00
S006822,P011,6,2026-02-03,15:50:00
S006823,P011,27,2026-02-03,09:20:00
S006824,P012,12,2026-02-03,10:39:00
S006825,P012,7,2026-02-03,11:54:00
S006826,P012,2,2026-02-03,10:00:00
S006827,P012,7,2026-02-03,06:54:00
S006828,P013,37,2026-02-03,17:06:00
S006829,P013,17,2026-02-03,17:55:00
S006830,P013,10,2026-02-03,13:32:00
S006831,P013,23,2026-02-03,10:32:00
S006832,P014,18,2026-02-03,08:17:00
S006833,P014,12,2026-02-03,16:23:00
S006834,P014,32,2026-02-03,10:16:00
S006835,P015,5,2026-02-03,14:56:00
S006836,P015,4,2026-02-03,07:30:00
S006837,P015,4,2026-02-03,09:28:00
S006838,P015,8,2026-02-03,17:50:00
S006839,P016,18,2026-02-03,16:48:00
S006840,P016,28,2026-02-03,17:42:00
S006841,P017,18,2026-02-03,08:34:00
S006842,P017,10,2026-02-03,14:32:00
S006843,P017,8,2026-02-03,14:47:00
S006844,P017,13,2026-02-03,12:51:00
S006845,P018,3,2026-02-03,15:33:00
S006846,P018,3,2026-02-03,08:56:00
S006847,P018,2,2026-02-03,17:38:00
S006848,P018,4,2026-02-03,06:19:00
S006849,P001,28,2026-02-04,17:08:00
S006850,P001,25,2026-02-04,07:17:00
S006851,P001,31,2026-02-04,13:43:00
S006852,P002,9,2026-02-04,07:55:00
S006853,P002,10,2026-02-04,15:34:00
S006854,P002,16,2026-02-04,17:24:00
S006855,P003,17,2026-02-04,09:53:00
S006856,P003,44,2026-02-04,14:41:00
S006857,P004,6,2026-02-04,09:15:00
S006858,P004,7,2026-02-04,07:09:00
S006859,P004,12,2026-02-04,07:41:00
S006860,P005,11,2026-02-04,08:56:00
S006861,P005,15,2026-02-04,08:33:00
S006862,P005,28,2026-02-04,14:59:00
S006863,P006,9,2026-02-04,09:10:00
S006864,P006,3,2026-02-04,06:52:00
S006865,P006,3,2026-02-04,08:14:00
S006866,P006,10,2026-02-04,08:56:00
S006867,P007,5,2026-02-04,12:29:00
S006868,P007,9,2026-02-04,12:24:00
S006869,P008,10,2026-02-04,16:38:00
S006870,P008,20,2026-02-04,16:55:00
S006871,P009,6,2026-02-04,12:07:00
S006872,P009,2,2026-02-04,07:52:00
S006873,P009,2,2026-02-04,11:24:00
S006874,P009,8,2026-02-04,07:18:00
S006875,P010,2,2026-02-04,14:18:00
S006876,P010,4,2026-02-04,16:15:00
S006877,P010,1,2026-02-04,07:37:00
S006878,P010,4,2026-02-04,14:48:00
S006879,P011,8,2026-02-04,14:41:00
S006880,P011,5,2026-02-04,11:19:00
S006881,P011,16,2026-02-04,12:55:00
S006882,P012,14,2026-02-04,07:02:00
S006883,P012,3,2026-02-04,17:49:00
S006884,P012,15,2026-02-04,06:29:00
S006885,P013,39,2026-02-04,06:23:00
S006886,P013,20,2026-02-04,10:21:00
S006887,P013,25,2026-02-04,17:37:00
S006888,P014,13,2026-02-04,17:02:00
S006889,P014,33,2026-02-04,12:27:00
S006890,P015,8,2026-02-04,10:05:00
S006891,P015,4,2026-02-04,16:25:00
S006892,P015,7,2026-02-04,10:55:00
S006893,P015,9,2026-02-04,07:45:00
S006894,P016,16,2026-02-04,06:51:00
S006895,P016,17,2026-02-04,13:34:00
S006896,P017,18,2026-02-04,15:17:00
S006897,P017,13,2026-02-04,13:02:00
S006898,P017,18,2026-02-04,14:39:00
S006899,P018,3,2026-02-04,12:26:00
S006900,P018,1,2026-02-04,10:35:00
S006901,P018,1,2026-02-04,14:46:00
S006902,P018,3,2026-02-04,15:36:00
S006903,P001,21,2026-02-05,13:50:00
S006904,P001,48,2026-02-05,06:33:00
S006905,P002,13,2026-02-05,14:57:00
S006906,P002,9,2026-02-05,07:30:00
S006907,P002,15,2026-02-05,14:43:00
S006908,P003,26,2026-02-05,07:23:00
S006909,P003,7,2026-02-05,15:27:00
S006910,P003,27,2026-02-05,08:23:00
S006911,P004,10,2026-02-05,12:01:00
S006912,P004,19,2026-02-05,17:38:00
S006913,P005,20,2026-02-05,08:27:00
S006914,P005,22,2026-02-05,17:48:00
S006915,P006,20,2026-02-05,16:33:00
S006916,P006,9,2026-02-05,08:24:00
S006917,P006,16,2026-02-05,06:19:00
S006918,P007,11,2026-02-05,15:23:00
S006919,P007,6,2026-02-05,07:50:00
S006920,P007,2,2026-02-05,11:32:00
S006921,P007,6,2026-02-05,11:07:00
S006922,P008,11,2026-02-05,07:42:00
S006923,P008,11,2026-02-05,13:18:00
S006924,P008,17,2026-02-05,12:38:00
S006925,P009,3,2026-02-05,16:51:00
S006926,P009,11,2026-02-05,16:35:00
S006927,P010,4,2026-02-05,15:25:00
S006928,P010,7,2026-02-05,08:27:00
S006929,P011,8,2026-02-05,13:21:00
S006930,P011,26,2026-02-05,14:37:00
S006931,P012,7,2026-02-05,10:46:00
S006932,P012,11,2026-02-05,17:23:00
S006933,P013,13,2026-02-05,14:22:00
S006934,P013,47,2026-02-05,16:18:00
S006935,P014,13,2026-02-05,14:08:00
S006936,P014,33,2026-02-05,06:54:00
S006937,P015,10,2026-02-05,11:31:00
S006938,P015,13,2026-02-05,06:45:00
S006939,P016,10,2026-02-05,16:25:00
S006940,P016,9,2026-02-05,17:57:00
S006941,P016,8,2026-02-05,10:03:00
S006942,P016,20,2026-02-05,13:10:00
S006943,P017,12,2026-02-05,13:11:00
S006944,P017,33,2026-02-05,14:10:00
S006945,P018,4,2026-02-05,17:56:00
S006946,P018,4,2026-02-05,06:03:00
S006947,P018,1,2026-02-05,14:41:00
S006948,P018,6,2026-02-05,14:11:00
S006949,P001,21,2026-02-06,09:05:00
S006950,P001,7,2026-02-06,12:04:00
S006951,P001,23,2026-02-06,12:59:00
S006952,P002,9,2026-02-06,07:03:00
S006953,P002,16,2026-02-06,14:41:00
S006954,P002,21,2026-02-06,17:48:00
S006955,P003,16,2026-02-06,11:00:00
S006956,P003,53,2026-02-06,15:11:00
S006957,P004,17,2026-02-06,16:05:00
S006958,P004,19,2026-02-06,11:11:00
S006959,P005,21,2026-02-06,17:23:00
S006960,P005,6,2026-02-06,13:03:00
S006961,P005,8,2026-02-06,08:12:00
S006962,P005,12,2026-02-06,06:02:00
S006963,P006,12,2026-02-06,16:00:00
S006964,P006,4,2026-02-06,13:16:00
S006965,P006,18,2026-02-06,17:53:00
S006966,P007,11,2026-02-06,15:50:00
S006967,P007,14,2026-02-06,10:35:00
S006968,P008,12,2026-02-06,16:09:00
S006969,P008,14,2026-02-06,14:29:00
S006970,P008,6,2026-02-06,14:36:00
S006971,P008,13,2026-02-06,09:55:00
S006972,P009,5,2026-02-06,10:17:00
S006973,P009,7,2026-02-06,07:26:00
S006974,P009,9,2026-02-06,17:05:00
S006975,P010,6,2026-02-06,08:30:00
S006976,P010,3,2026-02-06,10:51:00
S006977,P010,3,2026-02-06,09:57:00
S006978,P010,7,2026-02-06,17:49:00
S006979,P011,8,2026-02-06,08:22:00
S006980,P011,9,2026-02-06,16:39:00
S006981,P011,12,2026-02-06,12:14:00
S006982,P012,9,2026-02-06,10:13:00
S006983,P012,18,2026-02-06,17:23:00
S006984,P013,28,2026-02-06,09:21:00
S006985,P013,17,2026-02-06,08:26:00
S006986,P013,7,2026-02-06,12:55:00
S006987,P013,15,2026-02-06,10:34:00
S006988,P014,15,2026-02-06,09:37:00
S006989,P014,12,2026-02-06,17:16:00
S006990,P014,9,2026-02-06,14:32:00
S006991,P014,12,2026-02-06,09:35:00
S006992,P015,5,2026-02-06,09:24:00
S006993,P015,14,2026-02-06,16:54:00
S006994,P016,14,2026-02-06,11:21:00
S006995,P016,25,2026-02-06,06:28:00
S006996,P017,26,2026-02-06,12:23:00
S006997,P017,13,2026-02-06,11:22:00
S006998,P017,26,2026-02-06,07:23:00
S006999,P018,3,2026-02-06,08:46:00
S007000,P018,12,2026-02-06,06:38:00
S007001,P001,28,2026-02-07,11:06:00
S007002,P001,6,2026-02-07,16:44:00
S007003,P001,26,2026-02-07,10:46:00
S007004,P002,9,2026-02-07,09:06:00
S007005,P002,15,2026-02-07,07:29:00
S007006,P002,7,2026-02-07,12:06:00
S007007,P002,10,2026-02-07,15:43:00
S007008,P003,22,2026-02-07,17:28:00
S007009,P003,11,2026-02-07,06:43:00
S007010,P003,17,2026-02-07,17:11:00
S007011,P004,9,2026-02-07,15:23:00
S007012,P004,22,2026-02-07,09:20:00
S007013,P005,31,2026-02-07,07:43:00
S007014,P005,11,2026-02-07,06:57:00
S007015,P005,35,2026-02-07,07:42:00
S007016,P006,16,2026-02-07,15:22:00
S007017,P006,8,2026-02-07,06:00:00
S007018,P006,11,2026-02-07,08:55:00
S007019,P007,11,2026-02-07,07:20:00
S007020,P007,3,2026-02-07,09:55:00
S007021,P007,4,2026-02-07,08:58:00
S007022,P007,6,2026-02-07,11:51:00
S007023,P008,21,2026-02-07,13:40:00
S007024,P008,16,2026-02-07,11:02:00
S007025,P008,6,2026-02-07,06:53:00
S007026,P008,13,2026-02-07,13:06:00
S007027,P009,6,2026-02-07,08:29:00
S007028,P009,7,2026-02-07,06:59:00
S007029,P009,4,2026-02-07,17:37:00
S007030,P009,10,2026-02-07,16:23:00
S007031,P010,8,2026-02-07,07:03:00
S007032,P010,13,2026-02-07,06:25:00
S007033,P011,17,2026-02-07,10:49:00
S007034,P011,11,2026-02-07,09:44:00
S007035,P011,7,2026-02-07,07:00:00
S007036,P011,10,2026-02-07,10:22:00
S007037,P012,11,2026-02-07,12:02:00
S007038,P012,14,2026-02-07,14:39:00
S007039,P013,22,2026-02-07,14:19:00
S007040,P013,30,2026-02-07,07:14:00
S007041,P013,49,2026-02-07,16:21:00
S007042,P014,36,2026-02-07,14:22:00
S007043,P014,13,2026-02-07,09:58:00
S007044,P014,9,2026-02-07,15:21:00
S007045,P014,21,2026-02-07,08:02:00
S007046,P015,5,2026-02-07,12:31:00
S007047,P015,21,2026-02-07,15:36:00
S007048,P016,13,2026-02-07,12:58:00
S007049,P016,28,2026-02-07,14:03:00
S007050,P017,22,2026-02-07,13:16:00
S007051,P017,6,2026-02-07,17:57:00
S007052,P017,25,2026-02-07,09:30:00
S007053,P018,6,2026-02-07,17:56:00
S007054,P018,4,2026-02-07,16:12:00
S007055,P018,1,2026-02-07,10:19:00
S007056,P018,4,2026-02-07,15:44:00
S007057,P001,45,2026-02-08,06:00:00
S007058,P001,17,2026-02-08,13:24:00
S007059,P001,37,2026-02-08,08:21:00
S007060,P002,11,2026-02-08,11:53:00
S007061,P002,37,2026-02-08,06:04:00
S007062,P003,19,2026-02-08,08:57:00
S007063,P003,14,2026-02-08,10:06:00
S007064,P003,32,2026-02-08,13:34:00
S007065,P004,6,2026-02-08,08:42:00
S007066,P004,11,2026-02-08,17:49:00
S007067,P004,3,2026-02-08,09:19:00
S007068,P004,10,2026-02-08,11:54:00
S007069,P005,18,2026-02-08,06:36:00
S007070,P005,27,2026-02-08,06:41:00
S007071,P006,23,2026-02-08,06:22:00
S007072,P006,7,2026-02-08,16:48:00
S007073,P006,21,2026-02-08,14:35:00
S007074,P007,8,2026-02-08,06:09:00
S007075,P007,9,2026-02-08,07:05:00
S007076,P007,3,2026-02-08,13:14:00
S007077,P007,9,2026-02-08,08:39:00
S007078,P008,28,2026-02-08,11:59:00
S007079,P008,15,2026-02-08,11:48:00
S007080,P008,17,2026-02-08,15:35:00
S007081,P009,8,2026-02-08,15:55:00
S007082,P009,4,2026-02-08,08:37:00
S007083,P009,5,2026-02-08,12:19:00
S007084,P009,8,2026-02-08,08:25:00
S007085,P010,4,2026-02-08,08:51:00
S007086,P010,9,2026-02-08,06:56:00
S007087,P011,16,2026-02-08,14:11:00
S007088,P011,8,2026-02-08,13:29:00
S007089,P011,29,2026-02-08,06:44:00
S007090,P012,14,2026-02-08,07:05:00
S007091,P012,17,2026-02-08,11:53:00
S007092,P013,28,2026-02-08,06:11:00
S007093,P013,9,2026-02-08,17:10:00
S007094,P013,6,2026-02-08,15:46:00
S007095,P013,23,2026-02-08,16:10:00
S007096,P014,19,2026-02-08,14:36:00
S007097,P014,11,2026-02-08,17:00:00
S007098,P014,5,2026-02-08,15:06:00
S007099,P014,9,2026-02-08,12:06:00
S007100,P015,9,2026-02-08,14:23:00
S007101,P015,6,2026-02-08,14:05:00
S007102,P015,6,2026-02-08,11:36:00
S007103,P015,9,2026-02-08,17:29:00
S007104,P016,15,2026-02-08,17:06:00
S007105,P016,14,2026-02-08,14:02:00
S007106,P016,31,2026-02-08,17:03:00
S007107,P017,35,2026-02-08,13:34:00
S007108,P017,17,2026-02-08,17:38:00
S007109,P017,23,2026-02-08,09:04:00
S007110,P018,5,2026-02-08,08:32:00
S007111,P018,4,2026-02-08,13:57:00
S007112,P018,5,2026-02-08,08:51:00
S007113,P001,31,2026-02-09,10:55:00
S007114,P001,7,2026-02-09,07:32:00
S007115,P001,27,2026-02-09,08:10:00
S007116,P002,12,2026-02-09,06:11:00
S007117,P002,14,2026-02-09,15:18:00
S007118,P002,25,2026-02-09,14:08:00
S007119,P003,14,2026-02-09,08:03:00
S007120,P003,45,2026-02-09,10:05:00
S007121,P004,12,2026-02-09,16:13:00
S007122,P004,5,2026-02-09,17:55:00
S007123,P004,8,2026-02-09,14:47:00
S007124,P005,18,2026-02-09,11:36:00
S007125,P005,7,2026-02-09,09:44:00
S007126,P005,13,2026-02-09,06:43:00
S007127,P006,11,2026-02-09,08:02:00
S007128,P006,6,2026-02-09,06:17:00
S007129,P006,4,2026-02-09,17:09:00
S007130,P006,6,2026-02-09,09:54:00
S007131,P007,4,2026-02-09,11:54:00
S007132,P007,5,2026-02-09,17:56:00
S007133,P007,1,2026-02-09,11:45:00
S007134,P007,5,2026-02-09,09:02:00
S007135,P008,17,2026-02-09,12:21:00
S007136,P008,32,2026-02-09,06:26:00
S007137,P009,3,2026-02-09,06:22:00
S007138,P009,12,2026-02-09,17:50:00
S007139,P010,5,2026-02-09,11:25:00
S007140,P010,4,2026-02-09,07:39:00
S007141,P010,6,2026-02-09,14:14:00
S007142,P011,12,2026-02-09,16:10:00
S007143,P011,19,2026-02-09,15:05:00
S007144,P012,11,2026-02-09,07:30:00
S007145,P012,3,2026-02-09,15:02:00
S007146,P012,4,2026-02-09,08:37:00
S007147,P012,5,2026-02-09,17:33:00
S007148,P013,16,2026-02-09,17:34:00
S007149,P013,42,2026-02-09,10:04:00
S007150,P014,13,2026-02-09,15:05:00
S007151,P014,17,2026-02-09,09:07:00
S007152,P014,23,2026-02-09,12:31:00
S007153,P015,4,2026-02-09,14:56:00
S007154,P015,11,2026-02-09,11:53:00
S007155,P016,14,2026-02-09,06:24:00
S007156,P016,7,2026-02-09,12:59:00
S007157,P016,21,2026-02-09,08:05:00
S007158,P017,17,2026-02-09,06:19:00
S007159,P017,14,2026-02-09,10:19:00
S007160,P017,26,2026-02-09,16:02:00
S007161,P018,3,2026-02-09,09:43:00
S007162,P018,2,2026-02-09,09:45:00
S007163,P018,6,2026-02-09,09:36:00
S007164,P001,17,2026-02-10,15:24:00
S007165,P001,44,2026-02-10,08:29:00
S007166,P002,11,2026-02-10,12:56:00
S007167,P002,25,2026-02-10,07:05:00
S007168,P003,13,2026-02-10,12:42:00
S007169,P003,35,2026-02-10,08:58:00
S007170,P004,16,2026-02-10,14:44:00
S007171,P004,5,2026-02-10,16:09:00
S007172,P004,14,2026-02-10,07:43:00
S007173,P005,19,2026-02-10,06:34:00
S007174,P005,13,2026-02-10,15:43:00
S007175,P005,6,2026-02-10,17:39:00
S007176,P005,12,2026-02-10,12:09:00
S007177,P006,10,2026-02-10,17:05:00
S007178,P006,10,2026-02-10,15:43:00
S007179,P006,5,2026-02-10,09:12:00
S007180,P006,12,2026-02-10,14:21:00
S007181,P007,9,2026-02-10,10:29:00
S007182,P007,14,2026-02-10,08:56:00
S007183,P008,11,2026-02-10,09:14:00
S007184,P008,25,2026-02-10,09:16:00
S007185,P009,9,2026-02-10,09:04:00
S007186,P009,13,2026-02-10,07:45:00
S007187,P010,6,2026-02-10,12:01:00
S007188,P010,3,2026-02-10,17:17:00
S007189,P010,2,2026-02-10,13:49:00
S007190,P010,7,2026-02-10,17:24:00
S007191,P011,19,2026-02-10,13:21:00
S007192,P011,13,2026-02-10,12:37:00
S007193,P011,7,2026-02-10,17:51:00
S007194,P011,10,2026-02-10,10:46:00
S007195,P012,8,2026-02-10,09:23:00
S007196,P012,10,2026-02-10,12:23:00
S007197,P012,4,2026-02-10,10:25:00
S007198,P012,7,2026-02-10,12:59:00
S007199,P013,24,2026-02-10,07:27:00
S007200,P013,14,2026-02-10,10:08:00
S007201,P013,9,2026-02-10,11:18:00
S007202,P013,32,2026-02-10,11:01:00
S007203,P014,18,2026-02-10,15:58:00
S007204,P014,33,2026-02-10,10:32:00
S007205,P015,4,2026-02-10,12:38:00
S007206,P015,2,2026-02-10,11:36:00
S007207,P015,10,2026-02-10,12:25:00
S007208,P016,9,2026-02-10,09:00:00
S007209,P016,10,2026-02-10,10:08:00
S007210,P016,20,2026-02-10,09:23:00
S007211,P017,31,2026-02-10,10:11:00
S007212,P017,10,2026-02-10,10:03:00
S007213,P017,11,2026-02-10,10:41:00
S007214,P017,12,2026-02-10,14:37:00
S007215,P018,4,2026-02-10,07:19:00
S007216,P018,5,2026-02-10,11:56:00
S007217,P001,25,2026-02-11,13:36:00
S007218,P001,10,2026-02-11,16:49:00
S007219,P001,7,2026-02-11,07:58:00
S007220,P001,15,2026-02-11,16:57:00
S007221,P002,12,2026-02-11,17:07:00
S007222,P002,6,2026-02-11,14:52:00
S007223,P002,3,2026-02-11,08:09:00
S007224,P002,10,2026-02-11,07:05:00
S007225,P003,16,2026-02-11,14:17:00
S007226,P003,10,2026-02-11,09:23:00
S007227,P003,10,2026-02-11,16:17:00
S007228,P003,14,2026-02-11,17:57:00
S007229,P004,10,2026-02-11,10:17:00
S007230,P004,6,2026-02-11,16:56:00
S007231,P004,3,2026-02-11,06:07:00
S007232,P004,5,2026-02-11,13:12:00
S007233,P005,24,2026-02-11,16:01:00
S007234,P005,30,2026-02-11,17:33:00
S007235,P006,15,2026-02-11,08:14:00
S007236,P006,8,2026-02-11,13:28:00
S007237,P006,10,2026-02-11,08:36:00
S007238,P007,5,2026-02-11,09:12:00
S007239,P007,4,2026-02-11,07:17:00
S007240,P007,4,2026-02-11,16:52:00
S007241,P007,6,2026-02-11,06:59:00
S007242,P008,14,2026-02-11,08:52:00
S007243,P008,10,2026-02-11,14:04:00
S007244,P008,4,2026-02-11,11:20:00
S007245,P008,18,2026-02-11,16:33:00
S007246,P009,4,2026-02-11,08:30:00
S007247,P009,15,2026-02-11,16:11:00
S007248,P010,4,2026-02-11,11:29:00
S007249,P010,13,2026-02-11,16:54:00
S007250,P011,16,2026-02-11,15:19:00
S007251,P011,34,2026-02-11,09:36:00
S007252,P012,11,2026-02-11,09:48:00
S007253,P012,16,2026-02-11,12:33:00
S007254,P013,18,2026-02-11,08:58:00
S007255,P013,13,2026-02-11,07:12:00
S007256,P013,15,2026-02-11,11:22:00
S007257,P013,36,2026-02-11,17:09:00
S007258,P014,12,2026-02-11,17:01:00
S007259,P014,14,2026-02-11,08:36:00
S007260,P014,24,2026-02-11,17:40:00
S007261,P015,7,2026-02-11,17:23:00
S007262,P015,19,2026-02-11,15:22:00
S007263,P016,21,2026-02-11,09:09:00
S007264,P016,8,2026-02-11,16:44:00
S007265,P016,10,2026-02-11,13:14:00
S007266,P016,14,2026-02-11,17:39:00
S007267,P017,16,2026-02-11,08:00:00
S007268,P017,8,2026-02-11,13:44:00
S007269,P017,8,2026-02-11,09:50:00
S007270,P017,12,2026-02-11,11:14:00
S007271,P018,2,2026-02-11,14:22:00
S007272,P018,3,2026-02-11,13:25:00
S007273,P018,4,2026-02-11,07:58:00
S007274,P001,10,2026-02-12,08:24:00
S007275,P001,14,2026-02-12,07:48:00
S007276,P001,23,2026-02-12,14:51:00
S007277,P002,11,2026-02-12,07:00:00
S007278,P002,24,2026-02-12,13:07:00
S007279,P003,13,2026-02-12,14:14:00
S007280,P003,30,2026-02-12,14:43:00
S007281,P004,12,2026-02-12,13:42:00
S007282,P004,19,2026-02-12,16:27:00
S007283,P005,22,2026-02-12,10:49:00
S007284,P005,12,2026-02-12,09:20:00
S007285,P005,28,2026-02-12,13:48:00
S007286,P006,7,2026-02-12,09:44:00
S007287,P006,23,2026-02-12,08:09:00
S007288,P007,8,2026-02-12,16:06:00
S007289,P007,7,2026-02-12,10:16:00
S007290,P007,4,2026-02-12,11:35:00
S007291,P007,6,2026-02-12,16:54:00
S007292,P008,18,2026-02-12,16:43:00
S007293,P008,27,2026-02-12,16:55:00
S007294,P009,6,2026-02-12,12:03:00
S007295,P009,2,2026-02-12,15:21:00
S007296,P009,1,2026-02-12,16:03:00
S007297,P009,5,2026-02-12,12:15:00
S007298,P010,7,2026-02-12,13:55:00
S007299,P010,4,2026-02-12,07:54:00
S007300,P010,2,2026-02-12,14:03:00
S007301,P010,4,2026-02-12,10:25:00
S007302,P011,12,2026-02-12,09:00:00
S007303,P011,11,2026-02-12,11:14:00
S007304,P011,21,2026-02-12,14:19:00
S007305,P012,10,2026-02-12,08:00:00
S007306,P012,8,2026-02-12,07:14:00
S007307,P012,4,2026-02-12,08:25:00
S007308,P012,7,2026-02-12,16:03:00
S007309,P013,27,2026-02-12,09:36:00
S007310,P013,19,2026-02-12,13:42:00
S007311,P013,24,2026-02-12,11:24:00
S007312,P014,10,2026-02-12,13:02:00
S007313,P014,8,2026-02-12,10:36:00
S007314,P014,3,2026-02-12,08:59:00
S007315,P014,15,2026-02-12,16:42:00
S007316,P015,5,2026-02-12,17:17:00
S007317,P015,11,2026-02-12,07:04:00
S007318,P016,13,2026-02-12,12:17:00
S007319,P016,6,2026-02-12,16:05:00
S007320,P016,10,2026-02-12,12:37:00
S007321,P016,17,2026-02-12,09:37:00
S007322,P017,17,2026-02-12,08:03:00
S007323,P017,10,2026-02-12,06:51:00
S007324,P017,5,2026-02-12,10:10:00
S007325,P017,17,2026-02-12,12:10:00
S007326,P018,5,2026-02-12,16:31:00
S007327,P018,8,2026-02-12,07:08:00
S007328,P001,17,2026-02-13,07:12:00
S007329,P001,56,2026-02-13,15:15:00
S007330,P002,24,2026-02-13,15:25:00
S007331,P002,9,2026-02-13,15:41:00
S007332,P002,18,2026-02-13,13:25:00
S007333,P003,13,2026-02-13,07:10:00
S007334,P003,8,2026-02-13,13:14:00
S007335,P003,4,2026-02-13,15:49:00
S007336,P003,14,2026-02-13,08:08:00
S007337,P004,11,2026-02-13,06:29:00
S007338,P004,8,2026-02-13,17:36:00
S007339,P004,9,2026-02-13,14:34:00
S007340,P005,19,2026-02-13,11:15:00
S007341,P005,15,2026-02-13,09:40:00
S007342,P005,7,2026-02-13,17:44:00
S007343,P005,12,2026-02-13,10:12:00
S007344,P006,10,2026-02-13,12:21:00
S007345,P006,16,2026-02-13,10:12:00
S007346,P007,5,2026-02-13,15:40:00
S007347,P007,2,2026-02-13,09:07:00
S007348,P007,1,2026-02-13,08:07:00
S007349,P007,6,2026-02-13,15:04:00
S007350,P008,15,2026-02-13,13:51:00
S007351,P008,21,2026-02-13,12:17:00
S007352,P009,9,2026-02-13,10:30:00
S007353,P009,2,2026-02-13,06:00:00
S007354,P009,2,2026-02-13,14:29:00
S007355,P009,10,2026-02-13,12:19:00
S007356,P010,5,2026-02-13,13:25:00
S007357,P010,2,2026-02-13,13:37:00
S007358,P010,2,2026-02-13,10:56:00
S007359,P010,4,2026-02-13,07:26:00
S007360,P011,21,2026-02-13,12:44:00
S007361,P011,12,2026-02-13,10:54:00
S007362,P011,14,2026-02-13,11:02:00
S007363,P012,5,2026-02-13,17:14:00
S007364,P012,12,2026-02-13,13:12:00
S007365,P013,15,2026-02-13,10:36:00
S007366,P013,11,2026-02-13,08:29:00
S007367,P013,7,2026-02-13,07:56:00
S007368,P013,17,2026-02-13,16:36:00
S007369,P014,20,2026-02-13,12:14:00
S007370,P014,34,2026-02-13,11:13:00
S007371,P015,6,2026-02-13,17:00:00
S007372,P015,2,2026-02-13,11:07:00
S007373,P015,8,2026-02-13,08:33:00
S007374,P016,14,2026-02-13,12:19:00
S007375,P016,5,2026-02-13,07:54:00
S007376,P016,16,2026-02-13,11:39:00
S007377,P017,18,2026-02-13,14:53:00
S007378,P017,11,2026-02-13,11:39:00
S007379,P017,6,2026-02-13,10:26:00
S007380,P017,13,2026-02-13,16:27:00
S007381,P018,4,2026-02-13,10:47:00
S007382,P018,1,2026-02-13,17:16:00
S007383,P018,5,2026-02-13,07:50:00
S007384,P001,24,2026-02-14,15:59:00
S007385,P001,30,2026-02-14,09:48:00
S007386,P001,19,2026-02-14,17:54:00
S007387,P001,31,2026-02-14,10:17:00
S007388,P002,16,2026-02-14,10:56:00
S007389,P002,14,2026-02-14,06:33:00
S007390,P002,31,2026-02-14,16:53:00
S007391,P003,19,2026-02-14,09:03:00
S007392,P003,22,2026-02-14,14:26:00
S007393,P003,8,2026-02-14,17:30:00
S007394,P003,29,2026-02-14,17:59:00
S007395,P004,12,2026-02-14,14:41:00
S007396,P004,8,2026-02-14,14:37:00
S007397,P004,5,2026-02-14,10:06:00
S007398,P004,7,2026-02-14,09:10:00
S007399,P005,24,2026-02-14,15:28:00
S007400,P005,25,2026-02-14,08:03:00
S007401,P006,22,2026-02-14,06:30:00
S007402,P006,28,2026-02-14,11:19:00
S007403,P007,9,2026-02-14,10:40:00
S007404,P007,9,2026-02-14,12:23:00
S007405,P007,4,2026-02-14,15:08:00
S007406,P007,10,2026-02-14,08:02:00
S007407,P008,12,2026-02-14,15:27:00
S007408,P008,32,2026-02-14,10:24:00
S007409,P009,12,2026-02-14,09:36:00
S007410,P009,17,2026-02-14,06:52:00
S007411,P010,6,2026-02-14,07:08:00
S007412,P010,3,2026-02-14,09:46:00
S007413,P010,1,2026-02-14,11:54:00
S007414,P010,3,2026-02-14,12:55:00
S007415,P011,17,2026-02-14,09:21:00
S007416,P011,11,2026-02-14,16:43:00
S007417,P011,8,2026-02-14,06:35:00
S007418,P011,11,2026-02-14,12:51:00
S007419,P012,9,2026-02-14,07:16:00
S007420,P012,6,2026-02-14,14:19:00
S007421,P012,2,2026-02-14,17:20:00
S007422,P012,7,2026-02-14,12:24:00
S007423,P013,20,2026-02-14,14:35:00
S007424,P013,55,2026-02-14,11:03:00
S007425,P014,37,2026-02-14,09:53:00
S007426,P014,13,2026-02-14,16:47:00
S007427,P014,30,2026-02-14,08:02:00
S007428,P015,9,2026-02-14,10:11:00
S007429,P015,25,2026-02-14,10:26:00
S007430,P016,9,2026-02-14,09:42:00
S007431,P016,39,2026-02-14,13:45:00
S007432,P017,31,2026-02-14,16:51:00
S007433,P017,17,2026-02-14,14:53:00
S007434,P017,5,2026-02-14,14:50:00
S007435,P017,21,2026-02-14,16:20:00
S007436,P018,6,2026-02-14,10:24:00
S007437,P018,11,2026-02-14,15:03:00
S007438,P001,13,2026-02-15,16:31:00
S007439,P001,15,2026-02-15,10:04:00
S007440,P001,11,2026-02-15,09:02:00
S007441,P001,22,2026-02-15,10:13:00
S007442,P002,16,2026-02-15,14:50:00
S007443,P002,49,2026-02-15,11:03:00
S007444,P003,19,2026-02-15,10:27:00
S007445,P003,10,2026-02-15,08:28:00
S007446,P003,9,2026-02-15,17:55:00
S007447,P003,14,2026-02-15,08:12:00
S007448,P004,14,2026-02-15,15:50:00
S007449,P004,4,2026-02-15,08:01:00
S007450,P004,2,2026-02-15,12:36:00
S007451,P004,9,2026-02-15,07:13:00
S007452,P005,13,2026-02-15,09:12:00
S007453,P005,36,2026-02-15,10:26:00
S007454,P006,17,2026-02-15,07:42:00
S007455,P006,24,2026-02-15,12:50:00
S007456,P007,7,2026-02-15,12:09:00
S007457,P007,16,2026-02-15,13:39:00
S007458,P008,14,2026-02-15,17:03:00
S007459,P008,9,2026-02-15,16:23:00
S007460,P008,28,2026-02-15,09:03:00
S007461,P009,7,2026-02-15,17:37:00
S007462,P009,9,2026-02-15,14:49:00
S007463,P010,3,2026-02-15,06:13:00
S007464,P010,3,2026-02-15,08:02:00
S007465,P010,9,2026-02-15,08:34:00
S007466,P011,20,2026-02-15,15:51:00
S007467,P011,22,2026-02-15,17:51:00
S007468,P012,8,2026-02-15,17:10:00
S007469,P012,30,2026-02-15,08:42:00
S007470,P013,21,2026-02-15,11:03:00
S007471,P013,25,2026-02-15,17:26:00
S007472,P013,52,2026-02-15,10:42:00
S007473,P014,30,2026-02-15,07:53:00
S007474,P014,20,2026-02-15,16:40:00
S007475,P014,23,2026-02-15,17:31:00
S007476,P015,7,2026-02-15,15:50:00
S007477,P015,7,2026-02-15,08:59:00
S007478,P015,9,2026-02-15,10:03:00
S007479,P016,18,2026-02-15,14:55:00
S007480,P016,15,2026-02-15,08:50:00
S007481,P016,6,2026-02-15,16:09:00
S007482,P016,11,2026-02-15,11:32:00
S007483,P017,20,2026-02-15,11:38:00
S007484,P017,60,2026-02-15,06:51:00
S007485,P018,5,2026-02-15,12:48:00
S007486,P018,4,2026-02-15,17:16:00
S007487,P018,4,2026-02-15,17:47:00
S007488,P018,5,2026-02-15,08:15:00
S007489,P001,16,2026-02-16,15:49:00
S007490,P001,23,2026-02-16,08:06:00
S007491,P001,5,2026-02-16,07:03:00
S007492,P001,20,2026-02-16,07:33:00
S007493,P002,9,2026-02-16,17:22:00
S007494,P002,16,2026-02-16,14:26:00
S007495,P002,7,2026-02-16,17:39:00
S007496,P002,11,2026-02-16,06:42:00
S007497,P003,22,2026-02-16,06:55:00
S007498,P003,46,2026-02-16,13:18:00
S007499,P004,15,2026-02-16,15:09:00
S007500,P004,5,2026-02-16,15:39:00
S007501,P004,5,2026-02-16,17:22:00
S007502,P004,8,2026-02-16,08:38:00
S007503,P005,15,2026-02-16,08:11:00
S007504,P005,29,2026-02-16,08:57:00
S007505,P006,14,2026-02-16,09:14:00
S007506,P006,7,2026-02-16,08:10:00
S007507,P006,13,2026-02-16,06:23:00
S007508,P007,5,2026-02-16,12:11:00
S007509,P007,19,2026-02-16,12:43:00
S007510,P008,13,2026-02-16,16:24:00
S007511,P008,10,2026-02-16,09:58:00
S007512,P008,12,2026-02-16,09:47:00
S007513,P009,7,2026-02-16,09:12:00
S007514,P009,6,2026-02-16,10:19:00
S007515,P009,2,2026-02-16,06:19:00
S007516,P009,5,2026-02-16,14:53:00
S007517,P010,5,2026-02-16,11:00:00
S007518,P010,2,2026-02-16,06:51:00
S007519,P010,1,2026-02-16,11:39:00
S007520,P010,7,2026-02-16,16:24:00
S007521,P011,14,2026-02-16,15:49:00
S007522,P011,14,2026-02-16,09:50:00
S007523,P011,7,2026-02-16,13:16:00
S007524,P011,11,2026-02-16,15:44:00
S007525,P012,10,2026-02-16,16:13:00
S007526,P012,5,2026-02-16,15:47:00
S007527,P012,16,2026-02-16,11:26:00
S007528,P013,19,2026-02-16,13:30:00
S007529,P013,39,2026-02-16,11:50:00
S007530,P014,14,2026-02-16,06:26:00
S007531,P014,5,2026-02-16,12:22:00
S007532,P014,21,2026-02-16,14:05:00
S007533,P015,4,2026-02-16,16:23:00
S007534,P015,4,2026-02-16,08:09:00
S007535,P015,3,2026-02-16,07:04:00
S007536,P015,6,2026-02-16,11:59:00
S007537,P016,14,2026-02-16,08:37:00
S007538,P016,11,2026-02-16,16:44:00
S007539,P016,29,2026-02-16,15:25:00
S007540,P017,15,2026-02-16,17:51:00
S007541,P017,31,2026-02-16,08:41:00
S007542,P018,4,2026-02-16,16:48:00
S007543,P018,3,2026-02-16,06:27:00
S007544,P018,1,2026-02-16,11:42:00
S007545,P018,3,2026-02-16,10:39:00
S007546,P001,26,2026-02-17,11:06:00
S007547,P001,10,2026-02-17,17:06:00
S007548,P001,7,2026-02-17,14:48:00
S007549,P001,22,2026-02-17,06:02:00
S007550,P002,17,2026-02-17,09:45:00
S007551,P002,9,2026-02-17,07:52:00
S007552,P002,4,2026-02-17,08:54:00
S007553,P002,8,2026-02-17,08:06:00
S007554,P003,29,2026-02-17,11:47:00
S007555,P003,40,2026-02-17,10:32:00
S007556,P004,13,2026-02-17,14:09:00
S007557,P004,19,2026-02-17,12:34:00
S007558,P005,23,2026-02-17,10:57:00
S007559,P005,4,2026-02-17,15:07:00
S007560,P005,20,2026-02-17,14:20:00
S007561,P006,6,2026-02-17,10:19:00
S007562,P006,10,2026-02-17,16:00:00
S007563,P006,2,2026-02-17,12:11:00
S007564,P006,12,2026-02-17,15:59:00
S007565,P007,6,2026-02-17,14:30:00
S007566,P007,3,2026-02-17,11:33:00
S007567,P007,11,2026-02-17,11:49:00
S007568,P008,17,2026-02-17,10:55:00
S007569,P008,8,2026-02-17,10:49:00
S007570,P008,20,2026-02-17,17:07:00
S007571,P009,4,2026-02-17,10:42:00
S007572,P009,3,2026-02-17,15:09:00
S007573,P009,4,2026-02-17,12:51:00
S007574,P009,8,2026-02-17,08:11:00
S007575,P010,2,2026-02-17,17:04:00
S007576,P010,9,2026-02-17,06:18:00
S007577,P011,11,2026-02-17,07:18:00
S007578,P011,8,2026-02-17,14:58:00
S007579,P011,12,2026-02-17,15:49:00
S007580,P012,6,2026-02-17,15:28:00
S007581,P012,24,2026-02-17,08:52:00
S007582,P013,30,2026-02-17,15:17:00
S007583,P013,18,2026-02-17,14:06:00
S007584,P013,12,2026-02-17,14:44:00
S007585,P013,20,2026-02-17,09:07:00
S007586,P014,12,2026-02-17,12:27:00
S007587,P014,45,2026-02-17,12:01:00
S007588,P015,6,2026-02-17,06:03:00
S007589,P015,3,2026-02-17,09:47:00
S007590,P015,3,2026-02-17,11:12:00
S007591,P015,13,2026-02-17,14:25:00
S007592,P016,7,2026-02-17,16:02:00
S007593,P016,29,2026-02-17,11:51:00
S007594,P017,20,2026-02-17,09:35:00
S007595,P017,24,2026-02-17,17:00:00
S007596,P018,6,2026-02-17,12:53:00
S007597,P018,3,2026-02-17,08:42:00
S007598,P018,2,2026-02-17,15:03:00
S007599,P018,4,2026-02-17,06:28:00
S007600,P001,20,2026-02-18,13:48:00
S007601,P001,13,2026-02-18,09:54:00
S007602,P001,7,2026-02-18,14:56:00
S007603,P001,21,2026-02-18,09:56:00
S007604,P002,25,2026-02-18,16:50:00
S007605,P002,13,2026-02-18,09:13:00
S007606,P002,7,2026-02-18,12:57:00
S007607,P002,10,2026-02-18,17:05:00
S007608,P003,12,2026-02-18,16:34:00
S007609,P003,20,2026-02-18,12:11:00
S007610,P003,7,2026-02-18,07:15:00
S007611,P003,16,2026-02-18,12:35:00
S007612,P004,5,2026-02-18,07:12:00
S007613,P004,21,2026-02-18,08:42:00
S007614,P005,13,2026-02-18,09:45:00
S007615,P005,37,2026-02-18,15:09:00
S007616,P006,11,2026-02-18,17:14:00
S007617,P006,4,2026-02-18,08:29:00
S007618,P006,4,2026-02-18,17:54:00
S007619,P006,7,2026-02-18,07:33:00
S007620,P007,9,2026-02-18,17:44:00
S007621,P007,2,2026-02-18,13:31:00
S007622,P007,2,2026-02-18,16:02:00
S007623,P007,6,2026-02-18,12:48:00
S007624,P008,19,2026-02-18,08:00:00
S007625,P008,9,2026-02-18,14:33:00
S007626,P008,15,2026-02-18,07:54:00
S007627,P009,5,2026-02-18,07:39:00
S007628,P009,3,2026-02-18,15:28:00
S007629,P009,11,2026-02-18,12:07:00
S007630,P010,5,2026-02-18,11:37:00
S007631,P010,2,2026-02-18,14:41:00
S007632,P010,1,2026-02-18,17:19:00
S007633,P010,6,2026-02-18,11:42:00
S007634,P011,15,2026-02-18,17:52:00
S007635,P011,10,2026-02-18,17:25:00
S007636,P011,4,2026-02-18,17:52:00
S007637,P011,10,2026-02-18,12:34:00
S007638,P012,8,2026-02-18,11:36:00
S007639,P012,15,2026-02-18,07:08:00
S007640,P013,18,2026-02-18,14:37:00
S007641,P013,44,2026-02-18,15:57:00
S007642,P014,18,2026-02-18,15:17:00
S007643,P014,18,2026-02-18,16:40:00
S007644,P014,27,2026-02-18,06:48:00
S007645,P015,9,2026-02-18,15:55:00
S007646,P015,4,2026-02-18,13:17:00
S007647,P015,8,2026-02-18,16:30:00
S007648,P016,11,2026-02-18,15:19:00
S007649,P016,5,2026-02-18,13:36:00
S007650,P016,7,2026-02-18,13:01:00
S007651,P016,12,2026-02-18,14:00:00
S007652,P017,18,2026-02-18,16:43:00
S007653,P017,13,2026-02-18,14:22:00
S007654,P017,10,2026-02-18,15:18:00
S007655,P017,15,2026-02-18,12:17:00
S007656,P018,2,2026-02-18,15:51:00
S007657,P018,2,2026-02-18,10:07:00
S007658,P018,1,2026-02-18,09:18:00
S007659,P018,3,2026-02-18,13:33:00
S007660,P001,21,2026-02-19,17:37:00
S007661,P001,22,2026-02-19,14:06:00
S007662,P001,39,2026-02-19,12:18:00
S007663,P002,10,2026-02-19,10:20:00
S007664,P002,8,2026-02-19,15:10:00
S007665,P002,13,2026-02-19,14:51:00
S007666,P002,21,2026-02-19,12:56:00
S007667,P003,8,2026-02-19,06:10:00
S007668,P003,30,2026-02-19,12:08:00
S007669,P004,12,2026-02-19,10:35:00
S007670,P004,26,2026-02-19,15:57:00
S007671,P005,9,2026-02-19,14:53:00
S007672,P005,7,2026-02-19,14:06:00
S007673,P005,8,2026-02-19,06:35:00
S007674,P005,12,2026-02-19,14:36:00
S007675,P006,15,2026-02-19,11:30:00
S007676,P006,6,2026-02-19,14:35:00
S007677,P006,4,2026-02-19,15:47:00
S007678,P006,11,2026-02-19,13:16:00
S007679,P007,11,2026-02-19,14:22:00
S007680,P007,4,2026-02-19,09:00:00
S007681,P007,2,2026-02-19,13:50:00
S007682,P007,7,2026-02-19,11:58:00
S007683,P008,7,2026-02-19,16:22:00
S007684,P008,21,2026-02-19,17:24:00
S007685,P009,4,2026-02-19,15:22:00
S007686,P009,6,2026-02-19,06:58:00
S007687,P009,10,2026-02-19,11:24:00
S007688,P010,3,2026-02-19,15:12:00
S007689,P010,4,2026-02-19,14:42:00
S007690,P010,2,2026-02-19,10:27:00
S007691,P010,4,2026-02-19,13:36:00
S007692,P011,13,2026-02-19,06:41:00
S007693,P011,3,2026-02-19,13:10:00
S007694,P011,13,2026-02-19,12:56:00
S007695,P012,5,2026-02-19,16:48:00
S007696,P012,22,2026-02-19,09:27:00
S007697,P013,15,2026-02-19,09:17:00
S007698,P013,23,2026-02-19,10:16:00
S007699,P013,6,2026-02-19,15:02:00
S007700,P013,20,2026-02-19,12:30:00
S007701,P014,20,2026-02-19,14:57:00
S007702,P014,11,2026-02-19,11:10:00
S007703,P014,12,2026-02-19,10:02:00
S007704,P015,4,2026-02-19,11:39:00
S007705,P015,16,2026-02-19,15:27:00
S007706,P016,16,2026-02-19,12:49:00
S007707,P016,39,2026-02-19,08:11:00
S007708,P017,16,2026-02-19,06:21:00
S007709,P017,53,2026-02-19,09:13:00
S007710,P018,5,2026-02-19,13:50:00
S007711,P018,2,2026-02-19,13:19:00
S007712,P018,2,2026-02-19,12:19:00
S007713,P018,6,2026-02-19,14:18:00
S007714,P001,22,2026-02-20,09:38:00
S007715,P001,16,2026-02-20,08:06:00
S007716,P001,34,2026-02-20,09:34:00
S007717,P002,12,2026-02-20,07:08:00
S007718,P002,25,2026-02-20,10:21:00
S007719,P003,14,2026-02-20,17:53:00
S007720,P003,48,2026-02-20,15:03:00
S007721,P004,6,2026-02-20,16:11:00
S007722,P004,15,2026-02-20,07:59:00
S007723,P005,26,2026-02-20,09:59:00
S007724,P005,15,2026-02-20,08:40:00
S007725,P005,9,2026-02-20,13:10:00
S007726,P005,11,2026-02-20,12:49:00
S007727,P006,10,2026-02-20,09:39:00
S007728,P006,6,2026-02-20,11:45:00
S007729,P006,5,2026-02-20,14:20:00
S007730,P006,9,2026-02-20,08:11:00
S007731,P007,5,2026-02-20,11:08:00
S007732,P007,6,2026-02-20,11:06:00
S007733,P007,10,2026-02-20,12:07:00
S007734,P008,17,2026-02-20,15:05:00
S007735,P008,11,2026-02-20,06:21:00
S007736,P008,23,2026-02-20,06:33:00
S007737,P009,6,2026-02-20,15:05:00
S007738,P009,15,2026-02-20,10:28:00
S007739,P010,4,2026-02-20,11:40:00
S007740,P010,2,2026-02-20,08:19:00
S007741,P010,8,2026-02-20,13:55:00
S007742,P011,18,2026-02-20,10:07:00
S007743,P011,9,2026-02-20,13:07:00
S007744,P011,3,2026-02-20,10:44:00
S007745,P011,10,2026-02-20,15:29:00
S007746,P012,9,2026-02-20,15:13:00
S007747,P012,2,2026-02-20,09:31:00
S007748,P012,9,2026-02-20,14:34:00
S007749,P013,11,2026-02-20,09:26:00
S007750,P013,39,2026-02-20,07:55:00
S007751,P014,15,2026-02-20,16:33:00
S007752,P014,20,2026-02-20,08:27:00
S007753,P014,11,2026-02-20,14:30:00
S007754,P014,12,2026-02-20,14:34:00
S007755,P015,5,2026-02-20,08:30:00
S007756,P015,7,2026-02-20,09:00:00
S007757,P015,4,2026-02-20,14:27:00
S007758,P015,11,2026-02-20,08:20:00
S007759,P016,12,2026-02-20,13:44:00
S007760,P016,10,2026-02-20,11:53:00
S007761,P016,27,2026-02-20,16:13:00
S007762,P017,18,2026-02-20,14:03:00
S007763,P017,11,2026-02-20,15:55:00
S007764,P017,9,2026-02-20,12:43:00
S007765,P017,31,2026-02-20,13:12:00
S007766,P018,3,2026-02-20,17:30:00
S007767,P018,2,2026-02-20,12:59:00
S007768,P018,5,2026-02-20,08:37:00
S007769,P001,47,2026-02-21,10:14:00
S007770,P001,13,2026-02-21,12:08:00
S007771,P001,15,2026-02-21,15:16:00
S007772,P001,25,2026-02-21,12:40:00
S007773,P002,33,2026-02-21,11:03:00
S007774,P002,13,2026-02-21,15:37:00
S007775,P002,22,2026-02-21,06:44:00
S007776,P003,18,2026-02-21,14:21:00
S007777,P003,33,2026-02-21,13:14:00
S007778,P004,18,2026-02-21,16:45:00
S007779,P004,6,2026-02-21,07:45:00
S007780,P004,3,2026-02-21,15:26:00
S007781,P004,13,2026-02-21,16:33:00
S007782,P005,14,2026-02-21,10:24:00
S007783,P005,11,2026-02-21,14:49:00
S007784,P005,31,2026-02-21,14:19:00
S007785,P006,18,2026-02-21,13:37:00
S007786,P006,9,2026-02-21,08:35:00
S007787,P006,9,2026-02-21,11:52:00
S007788,P006,12,2026-02-21,13:21:00
S007789,P007,8,2026-02-21,14:08:00
S007790,P007,9,2026-02-21,17:07:00
S007791,P007,4,2026-02-21,06:11:00
S007792,P007,7,2026-02-21,08:04:00
S007793,P008,16,2026-02-21,14:38:00
S007794,P008,13,2026-02-21,16:54:00
S007795,P008,8,2026-02-21,07:52:00
S007796,P008,13,2026-02-21,08:19:00
S007797,P009,9,2026-02-21,13:57:00
S007798,P009,14,2026-02-21,07:29:00
S007799,P010,5,2026-02-21,14:19:00
S007800,P010,3,2026-02-21,10:59:00
S007801,P010,5,2026-02-21,11:51:00
S007802,P011,17,2026-02-21,09:27:00
S007803,P011,7,2026-02-21,08:33:00
S007804,P011,15,2026-02-21,12:33:00
S007805,P012,10,2026-02-21,16:01:00
S007806,P012,14,2026-02-21,09:33:00
S007807,P013,41,2026-02-21,07:49:00
S007808,P013,11,2026-02-21,09:39:00
S007809,P013,39,2026-02-21,13:53:00
S007810,P014,31,2026-02-21,11:36:00
S007811,P014,7,2026-02-21,06:47:00
S007812,P014,28,2026-02-21,15:42:00
S007813,P015,13,2026-02-21,08:53:00
S007814,P015,5,2026-02-21,13:36:00
S007815,P015,3,2026-02-21,11:09:00
S007816,P015,14,2026-02-21,14:55:00
S007817,P016,20,2026-02-21,09:52:00
S007818,P016,15,2026-02-21,07:40:00
S007819,P016,20,2026-02-21,16:20:00
S007820,P017,34,2026-02-21,17:29:00
S007821,P017,22,2026-02-21,06:49:00
S007822,P017,11,2026-02-21,11:12:00
S007823,P017,14,2026-02-21,08:43:00
S007824,P018,5,2026-02-21,07:36:00
S007825,P018,2,2026-02-21,15:05:00
S007826,P018,1,2026-02-21,14:08:00
S007827,P018,6,2026-02-21,15:30:00
S007828,P001,31,2026-02-22,11:07:00
S007829,P001,10,2026-02-22,12:02:00
S007830,P001,10,2026-02-22,17:33:00
S007831,P001,17,2026-02-22,11:52:00
S007832,P002,25,2026-02-22,17:07:00
S007833,P002,30,2026-02-22,06:18:00
S007834,P003,17,2026-02-22,17:29:00
S007835,P003,42,2026-02-22,09:25:00
S007836,P004,12,2026-02-22,14:31:00
S007837,P004,3,2026-02-22,12:08:00
S007838,P004,11,2026-02-22,13:05:00
S007839,P005,17,2026-02-22,15:25:00
S007840,P005,11,2026-02-22,09:22:00
S007841,P005,21,2026-02-22,09:51:00
S007842,P006,8,2026-02-22,11:34:00
S007843,P006,10,2026-02-22,12:05:00
S007844,P006,8,2026-02-22,10:28:00
S007845,P006,18,2026-02-22,16:15:00
S007846,P007,8,2026-02-22,12:15:00
S007847,P007,3,2026-02-22,15:11:00
S007848,P007,7,2026-02-22,11:22:00
S007849,P008,12,2026-02-22,10:15:00
S007850,P008,44,2026-02-22,12:43:00
S007851,P009,5,2026-02-22,14:58:00
S007852,P009,4,2026-02-22,13:11:00
S007853,P009,4,2026-02-22,08:34:00
S007854,P009,10,2026-02-22,15:26:00
S007855,P010,7,2026-02-22,06:21:00
S007856,P010,7,2026-02-22,10:11:00
S007857,P010,3,2026-02-22,12:51:00
S007858,P010,6,2026-02-22,10:16:00
S007859,P011,14,2026-02-22,07:02:00
S007860,P011,9,2026-02-22,15:44:00
S007861,P011,4,2026-02-22,11:40:00
S007862,P011,8,2026-02-22,09:21:00
S007863,P012,14,2026-02-22,12:53:00
S007864,P012,4,2026-02-22,11:07:00
S007865,P012,2,2026-02-22,16:35:00
S007866,P012,10,2026-02-22,14:00:00
S007867,P013,13,2026-02-22,08:31:00
S007868,P013,52,2026-02-22,12:13:00
S007869,P014,26,2026-02-22,10:40:00
S007870,P014,8,2026-02-22,10:29:00
S007871,P014,5,2026-02-22,15:14:00
S007872,P014,18,2026-02-22,15:20:00
S007873,P015,11,2026-02-22,15:51:00
S007874,P015,20,2026-02-22,06:26:00
S007875,P016,21,2026-02-22,16:55:00
S007876,P016,12,2026-02-22,17:58:00
S007877,P016,20,2026-02-22,06:36:00
S007878,P017,19,2026-02-22,10:39:00
S007879,P017,11,2026-02-22,10:55:00
S007880,P017,6,2026-02-22,11:07:00
S007881,P017,17,2026-02-22,17:15:00
S007882,P018,6,2026-02-22,13:08:00
S007883,P018,4,2026-02-22,07:29:00
S007884,P018,7,2026-02-22,10:56:00
S007885,P001,25,2026-02-23,14:35:00
S007886,P001,13,2026-02-23,07:48:00
S007887,P001,4,2026-02-23,10:49:00
S007888,P001,11,2026-02-23,17:49:00
S007889,P002,15,2026-02-23,09:37:00
S007890,P002,38,2026-02-23,14:48:00
S007891,P003,19,2026-02-23,09:35:00
S007892,P003,36,2026-02-23,13:28:00
S007893,P004,15,2026-02-23,09:46:00
S007894,P004,4,2026-02-23,12:18:00
S007895,P004,13,2026-02-23,13:28:00
S007896,P005,7,2026-02-23,17:00:00
S007897,P005,10,2026-02-23,15:58:00
S007898,P005,18,2026-02-23,07:22:00
S007899,P006,12,2026-02-23,06:11:00
S007900,P006,5,2026-02-23,12:08:00
S007901,P006,3,2026-02-23,08:02:00
S007902,P006,8,2026-02-23,10:04:00
S007903,P007,9,2026-02-23,09:57:00
S007904,P007,12,2026-02-23,07:39:00
S007905,P008,8,2026-02-23,13:08:00
S007906,P008,4,2026-02-23,10:04:00
S007907,P008,3,2026-02-23,17:44:00
S007908,P008,13,2026-02-23,13:44:00
S007909,P009,5,2026-02-23,15:13:00
S007910,P009,3,2026-02-23,11:49:00
S007911,P009,2,2026-02-23,14:41:00
S007912,P009,8,2026-02-23,07:03:00
S007913,P010,6,2026-02-23,07:40:00
S007914,P010,4,2026-02-23,08:48:00
S007915,P010,1,2026-02-23,13:01:00
S007916,P010,5,2026-02-23,15:46:00
S007917,P011,11,2026-02-23,12:16:00
S007918,P011,15,2026-02-23,15:26:00
S007919,P011,19,2026-02-23,09:11:00
S007920,P012,9,2026-02-23,10:50:00
S007921,P012,11,2026-02-23,08:11:00
S007922,P013,27,2026-02-23,17:41:00
S007923,P013,13,2026-02-23,08:26:00
S007924,P013,21,2026-02-23,07:06:00
S007925,P014,10,2026-02-23,09:19:00
S007926,P014,12,2026-02-23,12:06:00
S007927,P014,11,2026-02-23,09:03:00
S007928,P014,18,2026-02-23,13:00:00
S007929,P015,5,2026-02-23,16:10:00
S007930,P015,2,2026-02-23,08:49:00
S007931,P015,10,2026-02-23,06:02:00
S007932,P016,14,2026-02-23,12:46:00
S007933,P016,33,2026-02-23,08:04:00
S007934,P017,18,2026-02-23,14:37:00
S007935,P017,39,2026-02-23,06:00:00
S007936,P018,3,2026-02-23,06:03:00
S007937,P018,1,2026-02-23,09:08:00
S007938,P018,6,2026-02-23,11:51:00
S007939,P001,13,2026-02-24,13:13:00
S007940,P001,54,2026-02-24,15:29:00
S007941,P002,13,2026-02-24,08:10:00
S007942,P002,20,2026-02-24,07:06:00
S007943,P003,16,2026-02-24,17:32:00
S007944,P003,9,2026-02-24,07:41:00
S007945,P003,20,2026-02-24,12:31:00
S007946,P004,4,2026-02-24,10:20:00
S007947,P004,19,2026-02-24,17:49:00
S007948,P005,18,2026-02-24,13:07:00
S007949,P005,9,2026-02-24,14:51:00
S007950,P005,16,2026-02-24,07:30:00
S007951,P006,11,2026-02-24,09:26:00
S007952,P006,6,2026-02-24,08:52:00
S007953,P006,25,2026-02-24,09:48:00
S007954,P007,4,2026-02-24,08:05:00
S007955,P007,13,2026-02-24,16:25:00
S007956,P008,7,2026-02-24,15:17:00
S007957,P008,8,2026-02-24,08:46:00
S007958,P008,13,2026-02-24,16:46:00
S007959,P009,3,2026-02-24,13:51:00
S007960,P009,4,2026-02-24,08:24:00
S007961,P009,5,2026-02-24,15:01:00
S007962,P010,3,2026-02-24,16:22:00
S007963,P010,9,2026-02-24,11:06:00
S007964,P011,11,2026-02-24,07:41:00
S007965,P011,22,2026-02-24,13:38:00
S007966,P012,10,2026-02-24,16:08:00
S007967,P012,5,2026-02-24,11:52:00
S007968,P012,5,2026-02-24,15:34:00
S007969,P012,9,2026-02-24,11:07:00
S007970,P013,15,2026-02-24,15:42:00
S007971,P013,50,2026-02-24,07:20:00
S007972,P014,23,2026-02-24,07:10:00
S007973,P014,17,2026-02-24,14:56:00
S007974,P014,7,2026-02-24,17:18:00
S007975,P014,16,2026-02-24,17:38:00
S007976,P015,6,2026-02-24,14:27:00
S007977,P015,8,2026-02-24,14:43:00
S007978,P015,11,2026-02-24,12:08:00
S007979,P016,18,2026-02-24,06:32:00
S007980,P016,6,2026-02-24,10:29:00
S007981,P016,13,2026-02-24,10:01:00
S007982,P017,18,2026-02-24,16:35:00
S007983,P017,37,2026-02-24,07:36:00
S007984,P018,3,2026-02-24,15:54:00
S007985,P018,6,2026-02-24,15:08:00
S007986,P001,10,2026-02-25,12:36:00
S007987,P001,16,2026-02-25,14:59:00
S007988,P001,22,2026-02-25,09:25:00
S007989,P002,18,2026-02-25,09:50:00
S007990,P002,8,2026-02-25,09:17:00
S007991,P002,7,2026-02-25,14:27:00
S007992,P002,14,2026-02-25,10:28:00
S007993,P003,24,2026-02-25,07:14:00
S007994,P003,45,2026-02-25,15:33:00
S007995,P004,9,2026-02-25,08:45:00
S007996,P004,8,2026-02-25,08:04:00
S007997,P004,11,2026-02-25,08:12:00
S007998,P005,23,2026-02-25,17:09:00
S007999,P005,15,2026-02-25,11:57:00
S008000,P005,19,2026-02-25,11:00:00
S008001,P006,8,2026-02-25,06:01:00
S008002,P006,34,2026-02-25,14:33:00
S008003,P007,7,2026-02-25,12:29:00
S008004,P007,2,2026-02-25,07:39:00
S008005,P007,9,2026-02-25,06:00:00
S008006,P008,17,2026-02-25,15:05:00
S008007,P008,5,2026-02-25,07:25:00
S008008,P008,7,2026-02-25,06:37:00
S008009,P008,11,2026-02-25,07:24:00
S008010,P009,6,2026-02-25,09:08:00
S008011,P009,4,2026-02-25,09:59:00
S008012,P009,2,2026-02-25,15:43:00
S008013,P009,6,2026-02-25,14:49:00
S008014,P010,6,2026-02-25,15:02:00
S008015,P010,2,2026-02-25,14:50:00
S008016,P010,7,2026-02-25,17:21:00
S008017,P011,16,2026-02-25,14:27:00
S008018,P011,19,2026-02-25,13:16:00
S008019,P012,4,2026-02-25,15:52:00
S008020,P012,19,2026-02-25,15:32:00
S008021,P013,16,2026-02-25,07:56:00
S008022,P013,44,2026-02-25,07:46:00
S008023,P014,13,2026-02-25,07:33:00
S008024,P014,21,2026-02-25,11:05:00
S008025,P014,26,2026-02-25,16:38:00
S008026,P015,8,2026-02-25,11:32:00
S008027,P015,3,2026-02-25,15:51:00
S008028,P015,11,2026-02-25,10:09:00
S008029,P016,22,2026-02-25,16:00:00
S008030,P016,35,2026-02-25,07:23:00
S008031,P017,12,2026-02-25,12:01:00
S008032,P017,33,2026-02-25,13:20:00
S008033,P018,4,2026-02-25,10:18:00
S008034,P018,2,2026-02-25,17:17:00
S008035,P018,2,2026-02-25,12:28:00
S008036,P018,3,2026-02-25,08:45:00
S008037,P001,17,2026-02-26,10:56:00
S008038,P001,30,2026-02-26,16:46:00
S008039,P002,12,2026-02-26,14:58:00
S008040,P002,19,2026-02-26,07:44:00
S008041,P003,21,2026-02-26,14:28:00
S008042,P003,34,2026-02-26,15:59:00
S008043,P004,8,2026-02-26,12:09:00
S008044,P004,26,2026-02-26,06:33:00
S008045,P005,15,2026-02-26,17:20:00
S008046,P005,30,2026-02-26,08:29:00
S008047,P006,11,2026-02-26,09:26:00
S008048,P006,5,2026-02-26,09:22:00
S008049,P006,13,2026-02-26,13:01:00
S008050,P007,3,2026-02-26,07:49:00
S008051,P007,11,2026-02-26,14:08:00
S008052,P008,9,2026-02-26,07:43:00
S008053,P008,10,2026-02-26,07:40:00
S008054,P008,22,2026-02-26,08:50:00
S008055,P009,5,2026-02-26,06:18:00
S008056,P009,5,2026-02-26,12:07:00
S008057,P009,9,2026-02-26,06:03:00
S008058,P010,3,2026-02-26,10:27:00
S008059,P010,11,2026-02-26,12:01:00
S008060,P011,10,2026-02-26,14:09:00
S008061,P011,19,2026-02-26,13:05:00
S008062,P012,7,2026-02-26,08:12:00
S008063,P012,4,2026-02-26,08:36:00
S008064,P012,2,2026-02-26,16:27:00
S008065,P012,4,2026-02-26,07:22:00
S008066,P013,20,2026-02-26,10:34:00
S008067,P013,32,2026-02-26,17:23:00
S008068,P014,11,2026-02-26,11:14:00
S008069,P014,11,2026-02-26,17:58:00
S008070,P014,6,2026-02-26,10:19:00
S008071,P014,7,2026-02-26,12:46:00
S008072,P015,6,2026-02-26,08:28:00
S008073,P015,3,2026-02-26,09:54:00
S008074,P015,7,2026-02-26,16:19:00
S008075,P016,9,2026-02-26,07:21:00
S008076,P016,32,2026-02-26,09:00:00
S008077,P017,21,2026-02-26,16:13:00
S008078,P017,14,2026-02-26,10:31:00
S008079,P017,6,2026-02-26,10:15:00
S008080,P017,9,2026-02-26,11:35:00
S008081,P018,5,2026-02-26,12:34:00
S008082,P018,10,2026-02-26,08:10:00
S008083,P001,34,2026-02-27,08:52:00
S008084,P001,48,2026-02-27,13:42:00
S008085,P002,19,2026-02-27,06:32:00
S008086,P002,12,2026-02-27,12:45:00
S008087,P002,26,2026-02-27,12:59:00
S008088,P003,21,2026-02-27,08:54:00
S008089,P003,6,2026-02-27,07:59:00
S008090,P003,8,2026-02-27,13:56:00
S008091,P003,15,2026-02-27,12:54:00
S008092,P004,13,2026-02-27,10:50:00
S008093,P004,6,2026-02-27,13:29:00
S008094,P004,4,2026-02-27,16:10:00
S008095,P004,7,2026-02-27,15:03:00
S008096,P005,11,2026-02-27,12:59:00
S008097,P005,10,2026-02-27,14:19:00
S008098,P005,33,2026-02-27,14:36:00
S008099,P006,16,2026-02-27,08:15:00
S008100,P006,5,2026-02-27,10:51:00
S008101,P006,13,2026-02-27,09:19:00
S008102,P007,4,2026-02-27,17:48:00
S008103,P007,3,2026-02-27,08:07:00
S008104,P007,1,2026-02-27,11:50:00
S008105,P007,6,2026-02-27,16:27:00
S008106,P008,20,2026-02-27,11:10:00
S008107,P008,8,2026-02-27,15:50:00
S008108,P008,5,2026-02-27,12:42:00
S008109,P008,15,2026-02-27,17:17:00
S008110,P009,9,2026-02-27,07:06:00
S008111,P009,4,2026-02-27,15:31:00
S008112,P009,3,2026-02-27,14:35:00
S008113,P009,5,2026-02-27,07:33:00
S008114,P010,2,2026-02-27,16:27:00
S008115,P010,9,2026-02-27,09:19:00
S008116,P011,12,2026-02-27,10:32:00
S008117,P011,9,2026-02-27,14:51:00
S008118,P011,3,2026-02-27,07:33:00
S008119,P011,9,2026-02-27,14:17:00
S008120,P012,9,2026-02-27,12:25:00
S008121,P012,4,2026-02-27,06:22:00
S008122,P012,13,2026-02-27,07:52:00
S008123,P013,13,2026-02-27,08:52:00
S008124,P013,40,2026-02-27,11:19:00
S008125,P014,11,2026-02-27,17:11:00
S008126,P014,7,2026-02-27,06:07:00
S008127,P014,9,2026-02-27,06:19:00
S008128,P014,13,2026-02-27,15:47:00
S008129,P015,5,2026-02-27,09:31:00
S008130,P015,5,2026-02-27,17:46:00
S008131,P015,17,2026-02-27,16:55:00
S008132,P016,22,2026-02-27,09:10:00
S008133,P016,23,2026-02-27,06:44:00
S008134,P017,15,2026-02-27,15:39:00
S008135,P017,11,2026-02-27,06:05:00
S008136,P017,4,2026-02-27,10:02:00
S008137,P017,15,2026-02-27,06:13:00
S008138,P018,4,2026-02-27,09:06:00
S008139,P018,2,2026-02-27,13:47:00
S008140,P018,4,2026-02-27,07:37:00
S008141,P001,36,2026-02-28,06:49:00
S008142,P001,27,2026-02-28,16:48:00
S008143,P001,11,2026-02-28,08:48:00
S008144,P001,26,2026-02-28,11:43:00
S008145,P002,27,2026-02-28,10:06:00
S008146,P002,39,2026-02-28,15:41:00
S008147,P003,21,2026-02-28,14:21:00
S008148,P003,18,2026-02-28,06:40:00
S008149,P003,5,2026-02-28,09:28:00
S008150,P003,18,2026-02-28,11:14:00
S008151,P004,14,2026-02-28,06:30:00
S008152,P004,21,2026-02-28,08:35:00
S008153,P005,23,2026-02-28,06:30:00
S008154,P005,10,2026-02-28,13:38:00
S008155,P005,33,2026-02-28,06:45:00
S008156,P006,18,2026-02-28,07:27:00
S008157,P006,20,2026-02-28,06:35:00
S008158,P007,12,2026-02-28,13:53:00
S008159,P007,16,2026-02-28,08:08:00
S008160,P008,24,2026-02-28,15:40:00
S008161,P008,19,2026-02-28,10:30:00
S008162,P008,7,2026-02-28,07:34:00
S008163,P008,14,2026-02-28,09:31:00
S008164,P009,4,2026-02-28,12:35:00
S008165,P009,17,2026-02-28,07:57:00
S008166,P010,10,2026-02-28,14:00:00
S008167,P010,14,2026-02-28,16:46:00
S008168,P011,25,2026-02-28,13:55:00
S008169,P011,16,2026-02-28,06:00:00
S008170,P011,17,2026-02-28,08:41:00
S008171,P012,6,2026-02-28,08:13:00
S008172,P012,9,2026-02-28,08:10:00
S008173,P012,12,2026-02-28,07:25:00
S008174,P013,36,2026-02-28,12:35:00
S008175,P013,18,2026-02-28,13:16:00
S008176,P013,41,2026-02-28,12:42:00
S008177,P014,27,2026-02-28,16:43:00
S008178,P014,11,2026-02-28,12:39:00
S008179,P014,25,2026-02-28,17:07:00
S008180,P015,9,2026-02-28,08:05:00
S008181,P015,4,2026-02-28,17:07:00
S008182,P015,11,2026-02-28,12:57:00
S008183,P016,16,2026-02-28,06:30:00
S008184,P016,35,2026-02-28,06:13:00
S008185,P017,28,2026-02-28,16:33:00
S008186,P017,30,2026-02-28,10:57:00
S008187,P018,8,2026-02-28,17:47:00
S008188,P018,4,2026-02-28,15:34:00
S008189,P018,6,2026-02-28,09:36:00
S008190,P001,27,2026-03-01,14:04:00
S008191,P001,9,2026-03-01,06:19:00
S008192,P001,11,2026-03-01,17:27:00
S008193,P001,14,2026-03-01,15:51:00
S008194,P002,18,2026-03-01,09:02:00
S008195,P002,46,2026-03-01,08:06:00
S008196,P003,18,2026-03-01,17:23:00
S008197,P003,42,2026-03-01,17:35:00
S008198,P004,13,2026-03-01,17:50:00
S008199,P004,9,2026-03-01,16:55:00
S008200,P004,11,2026-03-01,11:14:00
S008201,P004,13,2026-03-01,10:35:00
S008202,P005,13,2026-03-01,07:56:00
S008203,P005,32,2026-03-01,10:58:00
S008204,P006,17,2026-03-01,08:31:00
S008205,P006,8,2026-03-01,15:50:00
S008206,P006,16,2026-03-01,12:54:00
S008207,P007,10,2026-03-01,14:21:00
S008208,P007,5,2026-03-01,07:08:00
S008209,P007,15,2026-03-01,14:49:00
S008210,P008,16,2026-03-01,11:51:00
S008211,P008,4,2026-03-01,09:37:00
S008212,P008,15,2026-03-01,11:48:00
S008213,P009,5,2026-03-01,11:16:00
S008214,P009,4,2026-03-01,16:02:00
S008215,P009,5,2026-03-01,15:29:00
S008216,P009,8,2026-03-01,08:14:00
S008217,P010,4,2026-03-01,10:27:00
S008218,P010,16,2026-03-01,17:53:00
S008219,P011,20,2026-03-01,13:29:00
S008220,P011,10,2026-03-01,11:04:00
S008221,P011,32,2026-03-01,13:06:00
S008222,P012,4,2026-03-01,14:29:00
S008223,P012,17,2026-03-01,07:23:00
S008224,P013,33,2026-03-01,13:34:00
S008225,P013,22,2026-03-01,09:30:00
S008226,P013,23,2026-03-01,16:46:00
S008227,P014,15,2026-03-01,10:14:00
S008228,P014,29,2026-03-01,14:01:00
S008229,P015,8,2026-03-01,07:53:00
S008230,P015,6,2026-03-01,11:45:00
S008231,P015,16,2026-03-01,13:42:00
S008232,P016,10,2026-03-01,08:21:00
S008233,P016,33,2026-03-01,10:49:00
S008234,P017,26,2026-03-01,08:57:00
S008235,P017,16,2026-03-01,14:33:00
S008236,P017,14,2026-03-01,06:28:00
S008237,P017,19,2026-03-01,12:27:00
S008238,P018,4,2026-03-01,12:43:00
S008239,P018,8,2026-03-01,09:09:00
S008240,P001,29,2026-03-02,17:13:00
S008241,P001,35,2026-03-02,11:13:00
S008242,P002,17,2026-03-02,17:08:00
S008243,P002,10,2026-03-02,08:13:00
S008244,P002,24,2026-03-02,14:27:00
S008245,P003,23,2026-03-02,12:57:00
S008246,P003,15,2026-03-02,06:51:00
S008247,P003,24,2026-03-02,10:33:00
S008248,P004,18,2026-03-02,15:43:00
S008249,P004,5,2026-03-02,06:44:00
S008250,P004,4,2026-03-02,11:49:00
S008251,P004,10,2026-03-02,09:16:00
S008252,P005,14,2026-03-02,15:49:00
S008253,P005,21,2026-03-02,08:30:00
S008254,P006,11,2026-03-02,11:38:00
S008255,P006,7,2026-03-02,12:16:00
S008256,P006,10,2026-03-02,06:20:00
S008257,P007,6,2026-03-02,12:28:00
S008258,P007,2,2026-03-02,13:32:00
S008259,P007,3,2026-03-02,13:31:00
S008260,P007,5,2026-03-02,17:21:00
S008261,P008,11,2026-03-02,07:37:00
S008262,P008,25,2026-03-02,17:55:00
S008263,P009,3,2026-03-02,08:30:00
S008264,P009,2,2026-03-02,12:47:00
S008265,P009,3,2026-03-02,13:46:00
S008266,P009,4,2026-03-02,09:11:00
S008267,P010,2,2026-03-02,16:09:00
S008268,P010,9,2026-03-02,13:06:00
S008269,P011,13,2026-03-02,11:41:00
S008270,P011,17,2026-03-02,13:27:00
S008271,P012,6,2026-03-02,08:03:00
S008272,P012,8,2026-03-02,08:39:00
S008273,P012,12,2026-03-02,14:23:00
S008274,P013,23,2026-03-02,12:36:00
S008275,P013,10,2026-03-02,06:23:00
S008276,P013,20,2026-03-02,08:06:00
S008277,P014,12,2026-03-02,15:54:00
S008278,P014,21,2026-03-02,08:01:00
S008279,P014,12,2026-03-02,17:26:00
S008280,P014,15,2026-03-02,15:50:00
S008281,P015,10,2026-03-02,10:11:00
S008282,P015,12,2026-03-02,16:25:00
S008283,P016,8,2026-03-02,14:01:00
S008284,P016,30,2026-03-02,07:28:00
S008285,P017,25,2026-03-02,07:25:00
S008286,P017,28,2026-03-02,09:28:00
S008287,P018,6,2026-03-02,16:00:00
S008288,P018,8,2026-03-02,06:18:00
S008289,P001,17,2026-03-03,13:11:00
S008290,P001,51,2026-03-03,10:58:00
S008291,P002,10,2026-03-03,07:55:00
S008292,P002,12,2026-03-03,08:36:00
S008293,P002,4,2026-03-03,13:27:00
S008294,P002,13,2026-03-03,09:58:00
S008295,P003,14,2026-03-03,15:02:00
S008296,P003,17,2026-03-03,11:16:00
S008297,P003,5,2026-03-03,11:39:00
S008298,P003,20,2026-03-03,17:39:00
S008299,P004,10,2026-03-03,17:38:00
S008300,P004,6,2026-03-03,15:14:00
S008301,P004,4,2026-03-03,17:10:00
S008302,P004,15,2026-03-03,13:11:00
S008303,P005,12,2026-03-03,15:07:00
S008304,P005,39,2026-03-03,12:14:00
S008305,P006,8,2026-03-03,15:52:00
S008306,P006,23,2026-03-03,12:03:00
S008307,P007,6,2026-03-03,13:25:00
S008308,P007,3,2026-03-03,08:29:00
S008309,P007,6,2026-03-03,08:35:00
S008310,P008,21,2026-03-03,15:31:00
S008311,P008,6,2026-03-03,17:40:00
S008312,P008,16,2026-03-03,15:23:00
S008313,P009,2,2026-03-03,14:27:00
S008314,P009,2,2026-03-03,06:26:00
S008315,P009,3,2026-03-03,11:48:00
S008316,P009,5,2026-03-03,12:54:00
S008317,P010,3,2026-03-03,06:42:00
S008318,P010,15,2026-03-03,17:59:00
S008319,P011,11,2026-03-03,08:11:00
S008320,P011,19,2026-03-03,07:57:00
S008321,P012,10,2026-03-03,09:39:00
S008322,P012,2,2026-03-03,10:34:00
S008323,P012,11,2026-03-03,15:58:00
S008324,P013,12,2026-03-03,08:22:00
S008325,P013,38,2026-03-03,09:15:00
S008326,P014,19,2026-03-03,09:22:00
S008327,P014,22,2026-03-03,07:02:00
S008328,P015,8,2026-03-03,11:22:00
S008329,P015,4,2026-03-03,06:07:00
S008330,P015,5,2026-03-03,15:56:00
S008331,P016,14,2026-03-03,17:43:00
S008332,P016,17,2026-03-03,09:54:00
S008333,P016,20,2026-03-03,12:37:00
S008334,P017,24,2026-03-03,10:44:00
S008335,P017,13,2026-03-03,15:12:00
S008336,P017,7,2026-03-03,09:12:00
S008337,P017,11,2026-03-03,08:18:00
S008338,P018,6,2026-03-03,15:27:00
S008339,P018,1,2026-03-03,14:01:00
S008340,P018,7,2026-03-03,11:36:00
S008341,P001,36,2026-03-04,09:07:00
S008342,P001,9,2026-03-04,10:48:00
S008343,P001,8,2026-03-04,08:56:00
S008344,P001,21,2026-03-04,15:03:00
S008345,P002,18,2026-03-04,12:20:00
S008346,P002,11,2026-03-04,15:38:00
S008347,P002,14,2026-03-04,15:08:00
S008348,P003,16,2026-03-04,13:25:00
S008349,P003,53,2026-03-04,09:04:00
S008350,P004,10,2026-03-04,10:10:00
S008351,P004,4,2026-03-04,06:24:00
S008352,P004,15,2026-03-04,08:38:00
S008353,P005,22,2026-03-04,15:13:00
S008354,P005,16,2026-03-04,11:39:00
S008355,P005,20,2026-03-04,07:37:00
S008356,P006,9,2026-03-04,17:14:00
S008357,P006,4,2026-03-04,11:14:00
S008358,P006,14,2026-03-04,17:25:00
S008359,P007,6,2026-03-04,10:30:00
S008360,P007,2,2026-03-04,16:54:00
S008361,P007,7,2026-03-04,14:40:00
S008362,P008,15,2026-03-04,08:44:00
S008363,P008,7,2026-03-04,15:27:00
S008364,P008,28,2026-03-04,07:28:00
S008365,P009,4,2026-03-04,15:37:00
S008366,P009,17,2026-03-04,08:42:00
S008367,P010,8,2026-03-04,11:55:00
S008368,P010,2,2026-03-04,06:12:00
S008369,P010,1,2026-03-04,07:04:00
S008370,P010,6,2026-03-04,11:44:00
S008371,P011,10,2026-03-04,11:06:00
S008372,P011,6,2026-03-04,17:49:00
S008373,P011,17,2026-03-04,08:06:00
S008374,P012,7,2026-03-04,16:53:00
S008375,P012,19,2026-03-04,06:33:00
S008376,P013,39,2026-03-04,13:40:00
S008377,P013,10,2026-03-04,13:38:00
S008378,P013,35,2026-03-04,08:23:00
S008379,P014,25,2026-03-04,08:05:00
S008380,P014,10,2026-03-04,09:45:00
S008381,P014,20,2026-03-04,10:40:00
S008382,P015,10,2026-03-04,14:50:00
S008383,P015,3,2026-03-04,08:47:00
S008384,P015,12,2026-03-04,06:19:00
S008385,P016,18,2026-03-04,12:31:00
S008386,P016,13,2026-03-04,15:12:00
S008387,P016,21,2026-03-04,09:56:00
S008388,P017,17,2026-03-04,14:27:00
S008389,P017,29,2026-03-04,11:06:00
S008390,P018,4,2026-03-04,08:21:00
S008391,P018,2,2026-03-04,14:42:00
S008392,P018,1,2026-03-04,12:17:00
S008393,P018,3,2026-03-04,06:56:00
S008394,P001,22,2026-03-05,11:47:00
S008395,P001,15,2026-03-05,09:53:00
S008396,P001,11,2026-03-05,08:49:00
S008397,P001,17,2026-03-05,11:44:00
S008398,P002,10,2026-03-05,08:01:00
S008399,P002,13,2026-03-05,10:25:00
S008400,P002,20,2026-03-05,13:08:00
S008401,P003,18,2026-03-05,09:55:00
S008402,P003,42,2026-03-05,16:55:00
S008403,P004,5,2026-03-05,15:25:00
S008404,P004,5,2026-03-05,08:11:00
S008405,P004,16,2026-03-05,08:55:00
S008406,P005,16,2026-03-05,11:46:00
S008407,P005,29,2026-03-05,16:59:00
S008408,P006,15,2026-03-05,10:28:00
S008409,P006,22,2026-03-05,08:35:00
S008410,P007,7,2026-03-05,08:41:00
S008411,P007,2,2026-03-05,08:50:00
S008412,P007,2,2026-03-05,10:05:00
S008413,P007,7,2026-03-05,10:36:00
S008414,P008,8,2026-03-05,06:38:00
S008415,P008,13,2026-03-05,12:25:00
S008416,P008,5,2026-03-05,17:28:00
S008417,P008,15,2026-03-05,06:08:00
S008418,P009,4,2026-03-05,11:52:00
S008419,P009,13,2026-03-05,06:37:00
S008420,P010,3,2026-03-05,13:53:00
S008421,P010,10,2026-03-05,10:41:00
S008422,P011,7,2026-03-05,07:03:00
S008423,P011,8,2026-03-05,07:36:00
S008424,P011,3,2026-03-05,11:48:00
S008425,P011,10,2026-03-05,09:34:00
S008426,P012,6,2026-03-05,13:05:00
S008427,P012,20,2026-03-05,07:37:00
S008428,P013,23,2026-03-05,12:01:00
S008429,P013,35,2026-03-05,14:09:00
S008430,P014,10,2026-03-05,12:17:00
S008431,P014,12,2026-03-05,16:47:00
S008432,P014,8,2026-03-05,06:30:00
S008433,P014,18,2026-03-05,12:55:00
S008434,P015,4,2026-03-05,14:45:00
S008435,P015,6,2026-03-05,06:00:00
S008436,P015,7,2026-03-05,15:20:00
S008437,P016,9,2026-03-05,12:05:00
S008438,P016,28,2026-03-05,13:52:00
S008439,P017,23,2026-03-05,16:07:00
S008440,P017,29,2026-03-05,09:55:00
S008441,P018,3,2026-03-05,16:59:00
S008442,P018,4,2026-03-05,10:18:00
S008443,P018,7,2026-03-05,17:05:00
S008444,P001,20,2026-03-06,09:45:00
S008445,P001,14,2026-03-06,11:17:00
S008446,P001,49,2026-03-06,10:07:00
S008447,P002,18,2026-03-06,13:30:00
S008448,P002,38,2026-03-06,16:57:00
S008449,P003,17,2026-03-06,12:57:00
S008450,P003,16,2026-03-06,06:27:00
S008451,P003,18,2026-03-06,17:13:00
S008452,P004,10,2026-03-06,15:02:00
S008453,P004,11,2026-03-06,12:51:00
S008454,P004,3,2026-03-06,11:54:00
S008455,P004,11,2026-03-06,11:06:00
S008456,P005,10,2026-03-06,07:53:00
S008457,P005,18,2026-03-06,15:39:00
S008458,P005,22,2026-03-06,15:12:00
S008459,P006,7,2026-03-06,08:18:00
S008460,P006,7,2026-03-06,13:19:00
S008461,P006,3,2026-03-06,10:04:00
S008462,P006,11,2026-03-06,13:10:00
S008463,P007,5,2026-03-06,11:50:00
S008464,P007,2,2026-03-06,12:36:00
S008465,P007,9,2026-03-06,10:28:00
S008466,P008,10,2026-03-06,10:49:00
S008467,P008,31,2026-03-06,14:23:00
S008468,P009,9,2026-03-06,08:26:00
S008469,P009,4,2026-03-06,06:17:00
S008470,P009,7,2026-03-06,17:29:00
S008471,P010,3,2026-03-06,17:17:00
S008472,P010,1,2026-03-06,06:00:00
S008473,P010,3,2026-03-06,09:32:00
S008474,P010,5,2026-03-06,11:40:00
S008475,P011,20,2026-03-06,10:11:00
S008476,P011,6,2026-03-06,17:17:00
S008477,P011,23,2026-03-06,09:20:00
S008478,P012,5,2026-03-06,06:37:00
S008479,P012,10,2026-03-06,13:34:00
S008480,P012,3,2026-03-06,16:27:00
S008481,P012,11,2026-03-06,06:19:00
S008482,P013,26,2026-03-06,17:06:00
S008483,P013,12,2026-03-06,13:32:00
S008484,P013,15,2026-03-06,14:16:00
S008485,P013,16,2026-03-06,10:13:00
S008486,P014,20,2026-03-06,07:34:00
S008487,P014,11,2026-03-06,16:54:00
S008488,P014,17,2026-03-06,11:56:00
S008489,P015,9,2026-03-06,08:43:00
S008490,P015,5,2026-03-06,09:25:00
S008491,P015,6,2026-03-06,14:59:00
S008492,P016,16,2026-03-06,10:56:00
S008493,P016,37,2026-03-06,17:05:00
S008494,P017,23,2026-03-06,15:02:00
S008495,P017,15,2026-03-06,08:28:00
S008496,P017,5,2026-03-06,17:10:00
S008497,P017,12,2026-03-06,15:53:00
S008498,P018,2,2026-03-06,06:44:00
S008499,P018,2,2026-03-06,14:24:00
S008500,P018,1,2026-03-06,09:23:00
S008501,P018,4,2026-03-06,12:48:00
S008502,P001,31,2026-03-07,06:14:00
S008503,P001,72,2026-03-07,17:15:00
S008504,P002,21,2026-03-07,09:13:00
S008505,P002,7,2026-03-07,13:41:00
S008506,P002,28,2026-03-07,13:42:00
S008507,P003,20,2026-03-07,07:35:00
S008508,P003,18,2026-03-07,08:47:00
S008509,P003,21,2026-03-07,08:26:00
S008510,P004,17,2026-03-07,16:17:00
S008511,P004,8,2026-03-07,15:01:00
S008512,P004,11,2026-03-07,14:28:00
S008513,P005,21,2026-03-07,09:32:00
S008514,P005,18,2026-03-07,16:38:00
S008515,P005,11,2026-03-07,06:24:00
S008516,P005,15,2026-03-07,13:48:00
S008517,P006,9,2026-03-07,16:52:00
S008518,P006,7,2026-03-07,14:44:00
S008519,P006,21,2026-03-07,15:55:00
S008520,P007,15,2026-03-07,06:47:00
S008521,P007,7,2026-03-07,16:20:00
S008522,P007,9,2026-03-07,06:54:00
S008523,P008,21,2026-03-07,08:53:00
S008524,P008,8,2026-03-07,13:03:00
S008525,P008,28,2026-03-07,10:41:00
S008526,P009,12,2026-03-07,07:34:00
S008527,P009,7,2026-03-07,16:46:00
S008528,P009,9,2026-03-07,13:01:00
S008529,P010,4,2026-03-07,06:48:00
S008530,P010,14,2026-03-07,07:25:00
S008531,P011,28,2026-03-07,16:57:00
S008532,P011,14,2026-03-07,13:12:00
S008533,P011,8,2026-03-07,15:37:00
S008534,P011,10,2026-03-07,08:49:00
S008535,P012,8,2026-03-07,15:52:00
S008536,P012,11,2026-03-07,08:31:00
S008537,P012,4,2026-03-07,08:26:00
S008538,P012,16,2026-03-07,17:20:00
S008539,P013,50,2026-03-07,09:29:00
S008540,P013,66,2026-03-07,07:29:00
S008541,P014,26,2026-03-07,10:39:00
S008542,P014,48,2026-03-07,10:10:00
S008543,P015,6,2026-03-07,09:45:00
S008544,P015,8,2026-03-07,14:43:00
S008545,P015,12,2026-03-07,16:15:00
S008546,P016,30,2026-03-07,09:20:00
S008547,P016,45,2026-03-07,10:43:00
S008548,P017,37,2026-03-07,07:18:00
S008549,P017,16,2026-03-07,15:39:00
S008550,P017,19,2026-03-07,13:01:00
S008551,P017,20,2026-03-07,12:38:00
S008552,P018,3,2026-03-07,14:28:00
S008553,P018,2,2026-03-07,11:16:00
S008554,P018,3,2026-03-07,14:10:00
S008555,P018,4,2026-03-07,10:14:00
S008556,P001,33,2026-03-08,10:42:00
S008557,P001,20,2026-03-08,06:44:00
S008558,P001,6,2026-03-08,17:43:00
S008559,P001,21,2026-03-08,17:04:00
S008560,P002,12,2026-03-08,13:32:00
S008561,P002,18,2026-03-08,06:24:00
S008562,P002,8,2026-03-08,16:17:00
S008563,P002,14,2026-03-08,16:14:00
S008564,P003,33,2026-03-08,14:37:00
S008565,P003,18,2026-03-08,06:06:00
S008566,P003,22,2026-03-08,12:41:00
S008567,P004,20,2026-03-08,16:09:00
S008568,P004,10,2026-03-08,16:32:00
S008569,P004,2,2026-03-08,06:12:00
S008570,P004,11,2026-03-08,13:49:00
S008571,P005,9,2026-03-08,15:09:00
S008572,P005,11,2026-03-08,10:02:00
S008573,P005,23,2026-03-08,13:56:00
S008574,P006,10,2026-03-08,14:02:00
S008575,P006,20,2026-03-08,14:40:00
S008576,P007,9,2026-03-08,12:09:00
S008577,P007,20,2026-03-08,14:10:00
S008578,P008,18,2026-03-08,16:55:00
S008579,P008,13,2026-03-08,10:53:00
S008580,P008,19,2026-03-08,14:20:00
S008581,P009,9,2026-03-08,06:29:00
S008582,P009,15,2026-03-08,08:33:00
S008583,P010,8,2026-03-08,15:11:00
S008584,P010,3,2026-03-08,13:40:00
S008585,P010,1,2026-03-08,07:26:00
S008586,P010,6,2026-03-08,14:00:00
S008587,P011,18,2026-03-08,17:38:00
S008588,P011,12,2026-03-08,12:54:00
S008589,P011,3,2026-03-08,13:25:00
S008590,P011,12,2026-03-08,12:08:00
S008591,P012,7,2026-03-08,06:15:00
S008592,P012,14,2026-03-08,15:07:00
S008593,P013,34,2026-03-08,08:59:00
S008594,P013,15,2026-03-08,16:57:00
S008595,P013,14,2026-03-08,10:17:00
S008596,P013,18,2026-03-08,09:20:00
S008597,P014,27,2026-03-08,08:41:00
S008598,P014,11,2026-03-08,14:43:00
S008599,P014,32,2026-03-08,13:57:00
S008600,P015,3,2026-03-08,17:18:00
S008601,P015,15,2026-03-08,16:59:00
S008602,P016,14,2026-03-08,11:13:00
S008603,P016,14,2026-03-08,06:37:00
S008604,P016,31,2026-03-08,07:59:00
S008605,P017,17,2026-03-08,09:00:00
S008606,P017,35,2026-03-08,08:35:00
S008607,P018,5,2026-03-08,17:03:00
S008608,P018,3,2026-03-08,12:41:00
S008609,P018,3,2026-03-08,06:08:00
S008610,P018,6,2026-03-08,10:15:00
S008611,P001,27,2026-03-09,17:19:00
S008612,P001,33,2026-03-09,06:22:00
S008613,P002,17,2026-03-09,10:32:00
S008614,P002,10,2026-03-09,17:34:00
S008615,P002,6,2026-03-09,11:49:00
S008616,P002,8,2026-03-09,10:43:00
S008617,P003,18,2026-03-09,17:17:00
S008618,P003,21,2026-03-09,14:34:00
S008619,P004,10,2026-03-09,15:28:00
S008620,P004,6,2026-03-09,09:33:00
S008621,P004,7,2026-03-09,11:17:00
S008622,P005,20,2026-03-09,09:08:00
S008623,P005,11,2026-03-09,06:24:00
S008624,P005,32,2026-03-09,12:51:00
S008625,P006,16,2026-03-09,12:18:00
S008626,P006,6,2026-03-09,08:23:00
S008627,P006,4,2026-03-09,15:52:00
S008628,P006,8,2026-03-09,13:58:00
S008629,P007,11,2026-03-09,08:47:00
S008630,P007,2,2026-03-09,10:11:00
S008631,P007,4,2026-03-09,12:11:00
S008632,P007,7,2026-03-09,08:26:00
S008633,P008,8,2026-03-09,12:25:00
S008634,P008,33,2026-03-09,07:29:00
S008635,P009,8,2026-03-09,08:12:00
S008636,P009,6,2026-03-09,12:39:00
S008637,P009,3,2026-03-09,15:42:00
S008638,P009,5,2026-03-09,08:37:00
S008639,P010,7,2026-03-09,17:35:00
S008640,P010,3,2026-03-09,11:48:00
S008641,P010,2,2026-03-09,13:55:00
S008642,P010,6,2026-03-09,12:35:00
S008643,P011,13,2026-03-09,15:11:00
S008644,P011,8,2026-03-09,12:00:00
S008645,P011,5,2026-03-09,09:16:00
S008646,P011,14,2026-03-09,14:11:00
S008647,P012,8,2026-03-09,09:06:00
S008648,P012,2,2026-03-09,15:33:00
S008649,P012,8,2026-03-09,17:12:00
S008650,P013,20,2026-03-09,08:25:00
S008651,P013,14,2026-03-09,06:57:00
S008652,P013,12,2026-03-09,10:03:00
S008653,P013,43,2026-03-09,16:42:00
S008654,P014,13,2026-03-09,15:46:00
S008655,P014,17,2026-03-09,07:50:00
S008656,P014,25,2026-03-09,10:47:00
S008657,P015,10,2026-03-09,10:46:00
S008658,P015,14,2026-03-09,15:04:00
S008659,P016,7,2026-03-09,14:51:00
S008660,P016,30,2026-03-09,15:31:00
S008661,P017,22,2026-03-09,13:08:00
S008662,P017,5,2026-03-09,15:34:00
S008663,P017,7,2026-03-09,11:53:00
S008664,P017,15,2026-03-09,16:24:00
S008665,P018,4,2026-03-09,17:08:00
S008666,P018,1,2026-03-09,06:21:00
S008667,P018,1,2026-03-09,17:41:00
S008668,P018,4,2026-03-09,08:03:00
S008669,P001,19,2026-03-10,09:01:00
S008670,P001,46,2026-03-10,15:59:00
S008671,P002,14,2026-03-10,07:39:00
S008672,P002,14,2026-03-10,14:57:00
S008673,P002,16,2026-03-10,15:25:00
S008674,P003,20,2026-03-10,14:58:00
S008675,P003,10,2026-03-10,06:41:00
S008676,P003,5,2026-03-10,11:25:00
S008677,P003,7,2026-03-10,14:08:00
S008678,P004,12,2026-03-10,11:15:00
S008679,P004,24,2026-03-10,16:59:00
S008680,P005,11,2026-03-10,07:59:00
S008681,P005,8,2026-03-10,15:21:00
S008682,P005,7,2026-03-10,08:48:00
S008683,P005,9,2026-03-10,16:58:00
S008684,P006,17,2026-03-10,06:19:00
S008685,P006,6,2026-03-10,10:31:00
S008686,P006,16,2026-03-10,10:07:00
S008687,P007,5,2026-03-10,07:42:00
S008688,P007,4,2026-03-10,16:39:00
S008689,P007,13,2026-03-10,11:54:00
S008690,P008,7,2026-03-10,13:31:00
S008691,P008,30,2026-03-10,09:41:00
S008692,P009,6,2026-03-10,11:03:00
S008693,P009,2,2026-03-10,07:48:00
S008694,P009,6,2026-03-10,15:48:00
S008695,P010,3,2026-03-10,11:53:00
S008696,P010,13,2026-03-10,15:47:00
S008697,P011,20,2026-03-10,15:12:00
S008698,P011,9,2026-03-10,09:13:00
S008699,P011,6,2026-03-10,09:19:00
S008700,P011,13,2026-03-10,17:11:00
S008701,P012,8,2026-03-10,13:18:00
S008702,P012,7,2026-03-10,06:49:00
S008703,P012,14,2026-03-10,10:31:00
S008704,P013,28,2026-03-10,14:26:00
S008705,P013,17,2026-03-10,09:20:00
S008706,P013,22,2026-03-10,07:59:00
S008707,P014,26,2026-03-10,13:26:00
S008708,P014,38,2026-03-10,11:04:00
S008709,P015,5,2026-03-10,13:40:00
S008710,P015,4,2026-03-10,17:35:00
S008711,P015,7,2026-03-10,11:05:00
S008712,P015,9,2026-03-10,13:44:00
S008713,P016,9,2026-03-10,14:37:00
S008714,P016,8,2026-03-10,10:22:00
S008715,P016,6,2026-03-10,10:02:00
S008716,P016,14,2026-03-10,15:52:00
S008717,P017,14,2026-03-10,11:22:00
S008718,P017,9,2026-03-10,07:46:00
S008719,P017,17,2026-03-10,17:51:00
S008720,P018,2,2026-03-10,17:51:00
S008721,P018,2,2026-03-10,16:23:00
S008722,P018,5,2026-03-10,09:38:00
S008723,P001,15,2026-03-11,13:52:00
S008724,P001,19,2026-03-11,06:18:00
S008725,P001,37,2026-03-11,06:37:00
S008726,P002,15,2026-03-11,11:57:00
S008727,P002,23,2026-03-11,10:07:00
S008728,P003,27,2026-03-11,09:38:00
S008729,P003,29,2026-03-11,17:34:00
S008730,P004,10,2026-03-11,06:43:00
S008731,P004,13,2026-03-11,09:37:00
S008732,P005,19,2026-03-11,17:46:00
S008733,P005,27,2026-03-11,06:15:00
S008734,P006,12,2026-03-11,16:17:00
S008735,P006,8,2026-03-11,17:47:00
S008736,P006,3,2026-03-11,13:34:00
S008737,P006,12,2026-03-11,14:00:00
S008738,P007,3,2026-03-11,17:21:00
S008739,P007,2,2026-03-11,12:18:00
S008740,P007,10,2026-03-11,17:27:00
S008741,P008,20,2026-03-11,17:15:00
S008742,P008,25,2026-03-11,11:46:00
S008743,P009,3,2026-03-11,09:38:00
S008744,P009,14,2026-03-11,13:19:00
S008745,P010,4,2026-03-11,14:57:00
S008746,P010,8,2026-03-11,06:48:00
S008747,P011,15,2026-03-11,14:46:00
S008748,P011,15,2026-03-11,14:30:00
S008749,P011,16,2026-03-11,06:38:00
S008750,P012,8,2026-03-11,15:44:00
S008751,P012,4,2026-03-11,14:53:00
S008752,P012,3,2026-03-11,17:40:00
S008753,P012,5,2026-03-11,10:55:00
S008754,P013,15,2026-03-11,08:51:00
S008755,P013,43,2026-03-11,12:24:00
S008756,P014,13,2026-03-11,14:21:00
S008757,P014,9,2026-03-11,11:10:00
S008758,P014,16,2026-03-11,12:15:00
S008759,P015,3,2026-03-11,16:25:00
S008760,P015,14,2026-03-11,06:18:00
S008761,P016,23,2026-03-11,08:09:00
S008762,P016,7,2026-03-11,09:38:00
S008763,P016,13,2026-03-11,16:00:00
S008764,P016,15,2026-03-11,13:30:00
S008765,P017,28,2026-03-11,10:30:00
S008766,P017,17,2026-03-11,06:55:00
S008767,P017,24,2026-03-11,14:43:00
S008768,P018,6,2026-03-11,09:05:00
S008769,P018,8,2026-03-11,13:48:00
S008770,P001,19,2026-03-12,15:36:00
S008771,P001,8,2026-03-12,09:36:00
S008772,P001,20,2026-03-12,10:26:00
S008773,P002,24,2026-03-12,12:08:00
S008774,P002,14,2026-03-12,08:15:00
S008775,P002,17,2026-03-12,11:44:00
S008776,P003,30,2026-03-12,11:14:00
S008777,P003,16,2026-03-12,08:47:00
S008778,P003,17,2026-03-12,12:04:00
S008779,P004,6,2026-03-12,11:31:00
S008780,P004,12,2026-03-12,13:00:00
S008781,P004,16,2026-03-12,09:58:00
S008782,P005,9,2026-03-12,06:25:00
S008783,P005,10,2026-03-12,12:25:00
S008784,P005,27,2026-03-12,09:27:00
S008785,P006,8,2026-03-12,17:33:00
S008786,P006,15,2026-03-12,07:41:00
S008787,P006,18,2026-03-12,16:27:00
S008788,P007,6,2026-03-12,15:07:00
S008789,P007,11,2026-03-12,06:55:00
S008790,P008,12,2026-03-12,08:03:00
S008791,P008,21,2026-03-12,17:15:00
S008792,P009,5,2026-03-12,06:38:00
S008793,P009,14,2026-03-12,10:21:00
S008794,P010,4,2026-03-12,13:48:00
S008795,P010,7,2026-03-12,11:36:00
S008796,P011,12,2026-03-12,07:36:00
S008797,P011,10,2026-03-12,08:25:00
S008798,P011,3,2026-03-12,15:45:00
S008799,P011,14,2026-03-12,14:27:00
S008800,P012,5,2026-03-12,13:59:00
S008801,P012,3,2026-03-12,11:16:00
S008802,P012,10,2026-03-12,10:40:00
S008803,P013,15,2026-03-12,10:47:00
S008804,P013,58,2026-03-12,14:38:00
S008805,P014,20,2026-03-12,09:32:00
S008806,P014,5,2026-03-12,14:01:00
S008807,P014,18,2026-03-12,16:35:00
S008808,P015,6,2026-03-12,11:40:00
S008809,P015,3,2026-03-12,09:18:00
S008810,P015,3,2026-03-12,10:48:00
S008811,P015,4,2026-03-12,11:25:00
S008812,P016,26,2026-03-12,15:50:00
S008813,P016,31,2026-03-12,16:23:00
S008814,P017,16,2026-03-12,06:20:00
S008815,P017,11,2026-03-12,12:00:00
S008816,P017,16,2026-03-12,09:51:00
S008817,P018,4,2026-03-12,10:34:00
S008818,P018,2,2026-03-12,13:00:00
S008819,P018,5,2026-03-12,10:28:00
S008820,P001,33,2026-03-13,12:01:00
S008821,P001,46,2026-03-13,08:12:00
S008822,P002,12,2026-03-13,11:01:00
S008823,P002,29,2026-03-13,07:23:00
S008824,P003,14,2026-03-13,13:14:00
S008825,P003,22,2026-03-13,16:05:00
S008826,P003,11,2026-03-13,07:20:00
S008827,P003,23,2026-03-13,12:03:00
S008828,P004,10,2026-03-13,11:08:00
S008829,P004,4,2026-03-13,10:04:00
S008830,P004,13,2026-03-13,09:15:00
S008831,P005,17,2026-03-13,10:03:00
S008832,P005,14,2026-03-13,10:46:00
S008833,P005,21,2026-03-13,17:23:00
S008834,P006,12,2026-03-13,17:58:00
S008835,P006,5,2026-03-13,06:20:00
S008836,P006,4,2026-03-13,07:36:00
S008837,P006,7,2026-03-13,17:05:00
S008838,P007,8,2026-03-13,14:25:00
S008839,P007,4,2026-03-13,17:59:00
S008840,P007,3,2026-03-13,17:25:00
S008841,P007,8,2026-03-13,15:13:00
S008842,P008,17,2026-03-13,14:15:00
S008843,P008,5,2026-03-13,11:45:00
S008844,P008,16,2026-03-13,15:31:00
S008845,P009,5,2026-03-13,12:35:00
S008846,P009,4,2026-03-13,11:43:00
S008847,P009,2,2026-03-13,08:15:00
S008848,P009,4,2026-03-13,17:44:00
S008849,P010,6,2026-03-13,07:34:00
S008850,P010,2,2026-03-13,06:51:00
S008851,P010,6,2026-03-13,16:06:00
S008852,P011,8,2026-03-13,11:27:00
S008853,P011,33,2026-03-13,13:15:00
S008854,P012,8,2026-03-13,15:44:00
S008855,P012,12,2026-03-13,13:13:00
S008856,P013,21,2026-03-13,12:18:00
S008857,P013,61,2026-03-13,10:02:00
S008858,P014,19,2026-03-13,11:15:00
S008859,P014,9,2026-03-13,12:59:00
S008860,P014,5,2026-03-13,13:24:00
S008861,P014,7,2026-03-13,15:55:00
S008862,P015,6,2026-03-13,13:30:00
S008863,P015,17,2026-03-13,09:39:00
S008864,P016,14,2026-03-13,14:55:00
S008865,P016,42,2026-03-13,11:41:00
S008866,P017,11,2026-03-13,08:01:00
S008867,P017,32,2026-03-13,15:06:00
S008868,P018,2,2026-03-13,15:12:00
S008869,P018,8,2026-03-13,09:48:00
S008870,P001,28,2026-03-14,08:13:00
S008871,P001,34,2026-03-14,13:42:00
S008872,P001,8,2026-03-14,15:33:00
S008873,P001,29,2026-03-14,08:56:00
S008874,P002,21,2026-03-14,11:55:00
S008875,P002,9,2026-03-14,10:44:00
S008876,P002,9,2026-03-14,12:03:00
S008877,P002,23,2026-03-14,13:20:00
S008878,P003,26,2026-03-14,07:12:00
S008879,P003,15,2026-03-14,09:07:00
S008880,P003,5,2026-03-14,17:53:00
S008881,P003,22,2026-03-14,12:50:00
S008882,P004,8,2026-03-14,08:11:00
S008883,P004,25,2026-03-14,12:40:00
S008884,P005,34,2026-03-14,13:28:00
S008885,P005,39,2026-03-14,13:29:00
S008886,P006,11,2026-03-14,17:32:00
S008887,P006,26,2026-03-14,17:02:00
S008888,P007,15,2026-03-14,17:30:00
S008889,P007,3,2026-03-14,13:00:00
S008890,P007,15,2026-03-14,09:35:00
S008891,P008,14,2026-03-14,06:21:00
S008892,P008,33,2026-03-14,15:20:00
S008893,P009,7,2026-03-14,08:40:00
S008894,P009,3,2026-03-14,17:52:00
S008895,P009,1,2026-03-14,13:50:00
S008896,P009,7,2026-03-14,17:19:00
S008897,P010,10,2026-03-14,10:01:00
S008898,P010,12,2026-03-14,16:41:00
S008899,P011,27,2026-03-14,11:32:00
S008900,P011,9,2026-03-14,13:26:00
S008901,P011,27,2026-03-14,08:23:00
S008902,P012,14,2026-03-14,12:53:00
S008903,P012,19,2026-03-14,08:00:00
S008904,P013,44,2026-03-14,09:51:00
S008905,P013,65,2026-03-14,14:42:00
S008906,P014,37,2026-03-14,12:56:00
S008907,P014,22,2026-03-14,10:26:00
S008908,P014,10,2026-03-14,10:36:00
S008909,P014,14,2026-03-14,13:17:00
S008910,P015,9,2026-03-14,09:06:00
S008911,P015,5,2026-03-14,09:37:00
S008912,P015,11,2026-03-14,17:49:00
S008913,P016,25,2026-03-14,14:45:00
S008914,P016,9,2026-03-14,15:50:00
S008915,P016,26,2026-03-14,07:16:00
S008916,P017,26,2026-03-14,06:37:00
S008917,P017,20,2026-03-14,11:52:00
S008918,P017,8,2026-03-14,10:38:00
S008919,P017,21,2026-03-14,17:51:00
S008920,P018,7,2026-03-14,12:18:00
S008921,P018,10,2026-03-14,09:08:00
S008922,P001,29,2026-03-15,10:57:00
S008923,P001,31,2026-03-15,12:06:00
S008924,P002,17,2026-03-15,15:45:00
S008925,P002,25,2026-03-15,14:51:00
S008926,P003,32,2026-03-15,07:21:00
S008927,P003,15,2026-03-15,14:59:00
S008928,P003,7,2026-03-15,10:01:00
S008929,P003,17,2026-03-15,06:44:00
S008930,P004,8,2026-03-15,17:44:00
S008931,P004,8,2026-03-15,08:08:00
S008932,P004,4,2026-03-15,15:33:00
S008933,P004,6,2026-03-15,17:58:00
S008934,P005,15,2026-03-15,16:10:00
S008935,P005,11,2026-03-15,17:29:00
S008936,P005,26,2026-03-15,17:32:00
S008937,P006,20,2026-03-15,14:33:00
S008938,P006,26,2026-03-15,08:58:00
S008939,P007,10,2026-03-15,16:34:00
S008940,P007,20,2026-03-15,16:30:00
S008941,P008,12,2026-03-15,10:04:00
S008942,P008,7,2026-03-15,06:24:00
S008943,P008,6,2026-03-15,17:12:00
S008944,P008,10,2026-03-15,17:46:00
S008945,P009,5,2026-03-15,10:29:00
S008946,P009,5,2026-03-15,15:38:00
S008947,P009,2,2026-03-15,10:25:00
S008948,P009,6,2026-03-15,06:48:00
S008949,P010,6,2026-03-15,13:39:00
S008950,P010,3,2026-03-15,12:12:00
S008951,P010,4,2026-03-15,14:15:00
S008952,P010,6,2026-03-15,06:54:00
S008953,P011,12,2026-03-15,12:51:00
S008954,P011,9,2026-03-15,14:03:00
S008955,P011,30,2026-03-15,15:56:00
S008956,P012,7,2026-03-15,08:00:00
S008957,P012,16,2026-03-15,07:26:00
S008958,P013,31,2026-03-15,16:32:00
S008959,P013,14,2026-03-15,10:21:00
S008960,P013,30,2026-03-15,13:42:00
S008961,P014,22,2026-03-15,11:56:00
S008962,P014,18,2026-03-15,07:11:00
S008963,P014,35,2026-03-15,10:30:00
S008964,P015,5,2026-03-15,12:33:00
S008965,P015,20,2026-03-15,13:21:00
S008966,P016,23,2026-03-15,08:18:00
S008967,P016,12,2026-03-15,11:04:00
S008968,P016,19,2026-03-15,12:24:00
S008969,P017,13,2026-03-15,08:57:00
S008970,P017,13,2026-03-15,10:16:00
S008971,P017,34,2026-03-15,07:49:00
S008972,P018,4,2026-03-15,10:00:00
S008973,P018,2,2026-03-15,09:12:00
S008974,P018,2,2026-03-15,14:27:00
S008975,P018,6,2026-03-15,06:32:00
S008976,P001,33,2026-03-16,06:46:00
S008977,P001,9,2026-03-16,06:15:00
S008978,P001,33,2026-03-16,12:12:00
S008979,P002,9,2026-03-16,10:09:00
S008980,P002,10,2026-03-16,14:41:00
S008981,P002,4,2026-03-16,08:02:00
S008982,P002,9,2026-03-16,17:21:00
S008983,P003,23,2026-03-16,14:14:00
S008984,P003,8,2026-03-16,15:49:00
S008985,P003,14,2026-03-16,17:04:00
S008986,P003,17,2026-03-16,09:17:00
S008987,P004,12,2026-03-16,12:40:00
S008988,P004,21,2026-03-16,07:52:00
S008989,P005,18,2026-03-16,15:56:00
S008990,P005,12,2026-03-16,10:21:00
S008991,P005,11,2026-03-16,14:17:00
S008992,P005,12,2026-03-16,07:13:00
S008993,P006,8,2026-03-16,06:19:00
S008994,P006,7,2026-03-16,06:29:00
S008995,P006,4,2026-03-16,12:48:00
S008996,P006,13,2026-03-16,17:31:00
S008997,P007,8,2026-03-16,06:36:00
S008998,P007,2,2026-03-16,16:40:00
S008999,P007,3,2026-03-16,15:16:00
S009000,P007,4,2026-03-16,16:01:00
S009001,P008,21,2026-03-16,14:02:00
S009002,P008,6,2026-03-16,12:00:00
S009003,P008,5,2026-03-16,15:16:00
S009004,P008,17,2026-03-16,10:09:00
S009005,P009,8,2026-03-16,07:22:00
S009006,P009,11,2026-03-16,14:38:00
S009007,P010,5,2026-03-16,10:39:00
S009008,P010,14,2026-03-16,06:29:00
S009009,P011,7,2026-03-16,09:06:00
S009010,P011,9,2026-03-16,13:42:00
S009011,P011,16,2026-03-16,13:30:00
S009012,P012,7,2026-03-16,15:23:00
S009013,P012,6,2026-03-16,07:42:00
S009014,P012,8,2026-03-16,10:04:00
S009015,P013,29,2026-03-16,16:33:00
S009016,P013,17,2026-03-16,09:00:00
S009017,P013,24,2026-03-16,14:33:00
S009018,P014,25,2026-03-16,11:50:00
S009019,P014,32,2026-03-16,16:33:00
S009020,P015,9,2026-03-16,10:06:00
S009021,P015,6,2026-03-16,08:15:00
S009022,P015,4,2026-03-16,09:10:00
S009023,P015,7,2026-03-16,12:01:00
S009024,P016,21,2026-03-16,12:45:00
S009025,P016,11,2026-03-16,10:10:00
S009026,P016,19,2026-03-16,13:26:00
S009027,P017,31,2026-03-16,09:06:00
S009028,P017,15,2026-03-16,13:12:00
S009029,P017,20,2026-03-16,17:00:00
S009030,P018,4,2026-03-16,09:42:00
S009031,P018,7,2026-03-16,16:58:00
S009032,P001,16,2026-03-17,14:59:00
S009033,P001,26,2026-03-17,07:29:00
S009034,P001,30,2026-03-17,14:32:00
S009035,P002,16,2026-03-17,11:52:00
S009036,P002,19,2026-03-17,11:36:00
S009037,P003,17,2026-03-17,06:59:00
S009038,P003,10,2026-03-17,08:15:00
S009039,P003,5,2026-03-17,17:09:00
S009040,P003,16,2026-03-17,09:41:00
S009041,P004,11,2026-03-17,15:01:00
S009042,P004,8,2026-03-17,08:14:00
S009043,P004,10,2026-03-17,13:43:00
S009044,P005,12,2026-03-17,12:20:00
S009045,P005,47,2026-03-17,10:55:00
S009046,P006,15,2026-03-17,13:03:00
S009047,P006,10,2026-03-17,14:17:00
S009048,P006,7,2026-03-17,13:37:00
S009049,P006,9,2026-03-17,11:45:00
S009050,P007,7,2026-03-17,12:31:00
S009051,P007,2,2026-03-17,09:37:00
S009052,P007,2,2026-03-17,14:34:00
S009053,P007,6,2026-03-17,15:43:00
S009054,P008,11,2026-03-17,13:32:00
S009055,P008,3,2026-03-17,15:04:00
S009056,P008,14,2026-03-17,11:31:00
S009057,P009,7,2026-03-17,11:32:00
S009058,P009,5,2026-03-17,17:40:00
S009059,P009,2,2026-03-17,12:52:00
S009060,P009,5,2026-03-17,14:13:00
S009061,P010,5,2026-03-17,12:13:00
S009062,P010,3,2026-03-17,08:01:00
S009063,P010,2,2026-03-17,12:05:00
S009064,P010,5,2026-03-17,08:15:00
S009065,P011,9,2026-03-17,07:59:00
S009066,P011,12,2026-03-17,16:38:00
S009067,P011,4,2026-03-17,11:47:00
S009068,P011,17,2026-03-17,07:35:00
S009069,P012,6,2026-03-17,15:41:00
S009070,P012,10,2026-03-17,14:41:00
S009071,P012,4,2026-03-17,16:50:00
S009072,P012,10,2026-03-17,07:32:00
S009073,P013,31,2026-03-17,13:00:00
S009074,P013,50,2026-03-17,12:24:00
S009075,P014,11,2026-03-17,07:03:00
S009076,P014,15,2026-03-17,08:14:00
S009077,P014,10,2026-03-17,08:37:00
S009078,P014,20,2026-03-17,14:09:00
S009079,P015,9,2026-03-17,09:17:00
S009080,P015,5,2026-03-17,14:42:00
S009081,P015,2,2026-03-17,12:42:00
S009082,P015,4,2026-03-17,10:38:00
S009083,P016,15,2026-03-17,11:02:00
S009084,P016,40,2026-03-17,12:31:00
S009085,P017,18,2026-03-17,14:50:00
S009086,P017,12,2026-03-17,09:12:00
S009087,P017,5,2026-03-17,17:28:00
S009088,P017,14,2026-03-17,06:51:00
S009089,P018,4,2026-03-17,08:53:00
S009090,P018,7,2026-03-17,16:57:00
S009091,P001,23,2026-03-18,11:40:00
S009092,P001,56,2026-03-18,06:43:00
S009093,P002,17,2026-03-18,06:22:00
S009094,P002,8,2026-03-18,07:33:00
S009095,P002,29,2026-03-18,13:39:00
S009096,P003,15,2026-03-18,10:45:00
S009097,P003,19,2026-03-18,10:02:00
S009098,P003,7,2026-03-18,14:34:00
S009099,P003,17,2026-03-18,09:06:00
S009100,P004,8,2026-03-18,13:03:00
S009101,P004,11,2026-03-18,17:06:00
S009102,P004,19,2026-03-18,08:59:00
S009103,P005,17,2026-03-18,06:12:00
S009104,P005,7,2026-03-18,13:07:00
S009105,P005,5,2026-03-18,12:52:00
S009106,P005,12,2026-03-18,14:38:00
S009107,P006,9,2026-03-18,13:56:00
S009108,P006,17,2026-03-18,13:39:00
S009109,P007,8,2026-03-18,08:14:00
S009110,P007,11,2026-03-18,16:19:00
S009111,P008,13,2026-03-18,12:32:00
S009112,P008,9,2026-03-18,12:30:00
S009113,P008,9,2026-03-18,10:01:00
S009114,P008,16,2026-03-18,09:52:00
S009115,P009,9,2026-03-18,10:52:00
S009116,P009,2,2026-03-18,12:13:00
S009117,P009,4,2026-03-18,15:20:00
S009118,P009,5,2026-03-18,13:13:00
S009119,P010,6,2026-03-18,07:22:00
S009120,P010,4,2026-03-18,13:23:00
S009121,P010,2,2026-03-18,08:38:00
S009122,P010,5,2026-03-18,17:42:00
S009123,P011,8,2026-03-18,14:25:00
S009124,P011,11,2026-03-18,17:13:00
S009125,P011,12,2026-03-18,17:02:00
S009126,P012,5,2026-03-18,11:58:00
S009127,P012,14,2026-03-18,17:42:00
S009128,P013,30,2026-03-18,09:14:00
S009129,P013,31,2026-03-18,08:19:00
S009130,P014,11,2026-03-18,14:22:00
S009131,P014,10,2026-03-18,10:34:00
S009132,P014,4,2026-03-18,12:51:00
S009133,P014,12,2026-03-18,12:01:00
S009134,P015,7,2026-03-18,12:54:00
S009135,P015,20,2026-03-18,13:45:00
S009136,P016,15,2026-03-18,11:47:00
S009137,P016,23,2026-03-18,16:36:00
S009138,P017,19,2026-03-18,16:31:00
S009139,P017,8,2026-03-18,15:07:00
S009140,P017,23,2026-03-18,12:04:00
S009141,P018,2,2026-03-18,08:57:00
S009142,P018,2,2026-03-18,14:42:00
S009143,P018,7,2026-03-18,07:25:00
S009144,P001,26,2026-03-19,10:57:00
S009145,P001,41,2026-03-19,07:14:00
S009146,P002,23,2026-03-19,16:30:00
S009147,P002,9,2026-03-19,06:45:00
S009148,P002,20,2026-03-19,15:16:00
S009149,P003,26,2026-03-19,13:18:00
S009150,P003,39,2026-03-19,06:47:00
S009151,P004,16,2026-03-19,08:34:00
S009152,P004,7,2026-03-19,16:40:00
S009153,P004,7,2026-03-19,09:49:00
S009154,P004,8,2026-03-19,06:51:00
S009155,P005,11,2026-03-19,17:01:00
S009156,P005,10,2026-03-19,16:37:00
S009157,P005,5,2026-03-19,08:07:00
S009158,P005,13,2026-03-19,14:57:00
S009159,P006,9,2026-03-19,07:38:00
S009160,P006,8,2026-03-19,12:26:00
S009161,P006,11,2026-03-19,12:04:00
S009162,P007,5,2026-03-19,09:17:00
S009163,P007,2,2026-03-19,06:08:00
S009164,P007,7,2026-03-19,08:08:00
S009165,P008,12,2026-03-19,15:34:00
S009166,P008,32,2026-03-19,06:04:00
S009167,P009,9,2026-03-19,12:35:00
S009168,P009,13,2026-03-19,09:57:00
S009169,P010,5,2026-03-19,06:06:00
S009170,P010,3,2026-03-19,13:39:00
S009171,P010,6,2026-03-19,07:20:00
S009172,P011,8,2026-03-19,12:07:00
S009173,P011,6,2026-03-19,06:39:00
S009174,P011,17,2026-03-19,08:13:00
S009175,P012,4,2026-03-19,10:54:00
S009176,P012,5,2026-03-19,11:27:00
S009177,P012,12,2026-03-19,10:08:00
S009178,P013,37,2026-03-19,07:35:00
S009179,P013,15,2026-03-19,13:48:00
S009180,P013,33,2026-03-19,08:24:00
S009181,P014,15,2026-03-19,11:47:00
S009182,P014,12,2026-03-19,12:57:00
S009183,P014,5,2026-03-19,11:22:00
S009184,P014,9,2026-03-19,15:48:00
S009185,P015,5,2026-03-19,13:24:00
S009186,P015,12,2026-03-19,10:51:00
S009187,P016,7,2026-03-19,09:59:00
S009188,P016,12,2026-03-19,14:20:00
S009189,P016,3,2026-03-19,08:47:00
S009190,P016,12,2026-03-19,11:21:00
S009191,P017,19,2026-03-19,10:49:00
S009192,P017,6,2026-03-19,16:16:00
S009193,P017,6,2026-03-19,12:30:00
S009194,P017,9,2026-03-19,08:11:00
S009195,P018,3,2026-03-19,06:19:00
S009196,P018,3,2026-03-19,09:14:00
S009197,P018,1,2026-03-19,11:17:00
S009198,P018,5,2026-03-19,12:46:00
S009199,P001,23,2026-03-20,13:18:00
S009200,P001,51,2026-03-20,15:53:00
S009201,P002,8,2026-03-20,10:44:00
S009202,P002,12,2026-03-20,13:33:00
S009203,P002,16,2026-03-20,14:29:00
S009204,P003,15,2026-03-20,08:55:00
S009205,P003,17,2026-03-20,10:00:00
S009206,P003,25,2026-03-20,15:20:00
S009207,P004,9,2026-03-20,12:27:00
S009208,P004,3,2026-03-20,09:03:00
S009209,P004,14,2026-03-20,17:33:00
S009210,P005,12,2026-03-20,07:46:00
S009211,P005,19,2026-03-20,13:15:00
S009212,P005,6,2026-03-20,09:37:00
S009213,P005,22,2026-03-20,07:20:00
S009214,P006,7,2026-03-20,12:30:00
S009215,P006,19,2026-03-20,14:26:00
S009216,P007,7,2026-03-20,06:31:00
S009217,P007,9,2026-03-20,14:04:00
S009218,P008,8,2026-03-20,16:25:00
S009219,P008,33,2026-03-20,16:33:00
S009220,P009,3,2026-03-20,13:53:00
S009221,P009,2,2026-03-20,16:35:00
S009222,P009,11,2026-03-20,16:53:00
S009223,P010,4,2026-03-20,16:12:00
S009224,P010,1,2026-03-20,17:04:00
S009225,P010,5,2026-03-20,11:16:00
S009226,P011,8,2026-03-20,12:02:00
S009227,P011,5,2026-03-20,09:03:00
S009228,P011,4,2026-03-20,14:27:00
S009229,P011,15,2026-03-20,11:41:00
S009230,P012,12,2026-03-20,06:43:00
S009231,P012,4,2026-03-20,08:10:00
S009232,P012,11,2026-03-20,10:47:00
S009233,P013,23,2026-03-20,06:25:00
S009234,P013,9,2026-03-20,06:06:00
S009235,P013,21,2026-03-20,11:04:00
S009236,P014,15,2026-03-20,08:01:00
S009237,P014,6,2026-03-20,12:27:00
S009238,P014,9,2026-03-20,09:54:00
S009239,P014,12,2026-03-20,17:33:00
S009240,P015,7,2026-03-20,10:02:00
S009241,P015,10,2026-03-20,06:20:00
S009242,P016,8,2026-03-20,16:11:00
S009243,P016,6,2026-03-20,12:08:00
S009244,P016,9,2026-03-20,07:42:00
S009245,P016,14,2026-03-20,17:39:00
S009246,P017,14,2026-03-20,09:16:00
S009247,P017,49,2026-03-20,14:19:00
S009248,P018,2,2026-03-20,09:41:00
S009249,P018,1,2026-03-20,08:33:00
S009250,P018,1,2026-03-20,07:50:00
S009251,P018,5,2026-03-20,09:10:00
S009252,P001,19,2026-03-21,12:43:00
S009253,P001,14,2026-03-21,08:13:00
S009254,P001,11,2026-03-21,14:25:00
S009255,P001,27,2026-03-21,10:49:00
S009256,P002,22,2026-03-21,06:11:00
S009257,P002,13,2026-03-21,14:27:00
S009258,P002,11,2026-03-21,10:11:00
S009259,P002,23,2026-03-21,17:03:00
S009260,P003,39,2026-03-21,09:27:00
S009261,P003,17,2026-03-21,16:42:00
S009262,P003,8,2026-03-21,09:17:00
S009263,P003,17,2026-03-21,16:36:00
S009264,P004,12,2026-03-21,15:30:00
S009265,P004,12,2026-03-21,11:25:00
S009266,P004,7,2026-03-21,07:21:00
S009267,P004,9,2026-03-21,17:11:00
S009268,P005,26,2026-03-21,11:36:00
S009269,P005,26,2026-03-21,10:31:00
S009270,P005,32,2026-03-21,12:10:00
S009271,P006,18,2026-03-21,14:03:00
S009272,P006,23,2026-03-21,15:58:00
S009273,P007,5,2026-03-21,13:50:00
S009274,P007,9,2026-03-21,09:15:00
S009275,P007,10,2026-03-21,12:54:00
S009276,P008,13,2026-03-21,13:49:00
S009277,P008,20,2026-03-21,10:59:00
S009278,P008,21,2026-03-21,12:27:00
S009279,P009,7,2026-03-21,09:35:00
S009280,P009,7,2026-03-21,17:44:00
S009281,P009,5,2026-03-21,08:48:00
S009282,P009,7,2026-03-21,16:56:00
S009283,P010,10,2026-03-21,17:15:00
S009284,P010,2,2026-03-21,09:56:00
S009285,P010,4,2026-03-21,12:31:00
S009286,P010,6,2026-03-21,15:09:00
S009287,P011,15,2026-03-21,08:41:00
S009288,P011,10,2026-03-21,16:44:00
S009289,P011,20,2026-03-21,12:12:00
S009290,P012,17,2026-03-21,11:17:00
S009291,P012,5,2026-03-21,16:18:00
S009292,P012,4,2026-03-21,11:32:00
S009293,P012,11,2026-03-21,17:27:00
S009294,P013,16,2026-03-21,07:25:00
S009295,P013,25,2026-03-21,08:18:00
S009296,P013,13,2026-03-21,15:40:00
S009297,P013,23,2026-03-21,09:39:00
S009298,P014,30,2026-03-21,07:26:00
S009299,P014,8,2026-03-21,09:43:00
S009300,P014,15,2026-03-21,07:06:00
S009301,P014,16,2026-03-21,12:57:00
S009302,P015,8,2026-03-21,13:05:00
S009303,P015,5,2026-03-21,06:31:00
S009304,P015,8,2026-03-21,13:08:00
S009305,P015,12,2026-03-21,12:03:00
S009306,P016,24,2026-03-21,06:06:00
S009307,P016,33,2026-03-21,10:34:00
S009308,P017,37,2026-03-21,17:01:00
S009309,P017,14,2026-03-21,08:24:00
S009310,P017,25,2026-03-21,17:17:00
S009311,P018,3,2026-03-21,07:18:00
S009312,P018,13,2026-03-21,12:50:00
S009313,P001,27,2026-03-22,13:25:00
S009314,P001,9,2026-03-22,16:17:00
S009315,P001,27,2026-03-22,08:47:00
S009316,P002,13,2026-03-22,17:18:00
S009317,P002,13,2026-03-22,12:13:00
S009318,P002,14,2026-03-22,09:38:00
S009319,P002,16,2026-03-22,07:29:00
S009320,P003,23,2026-03-22,15:40:00
S009321,P003,13,2026-03-22,06:13:00
S009322,P003,4,2026-03-22,15:16:00
S009323,P003,11,2026-03-22,14:54:00
S009324,P004,9,2026-03-22,16:26:00
S009325,P004,12,2026-03-22,12:45:00
S009326,P004,5,2026-03-22,13:05:00
S009327,P004,13,2026-03-22,15:26:00
S009328,P005,12,2026-03-22,16:56:00
S009329,P005,16,2026-03-22,09:21:00
S009330,P005,7,2026-03-22,07:02:00
S009331,P005,23,2026-03-22,07:24:00
S009332,P006,13,2026-03-22,15:01:00
S009333,P006,4,2026-03-22,17:15:00
S009334,P006,15,2026-03-22,15:38:00
S009335,P007,4,2026-03-22,07:12:00
S009336,P007,4,2026-03-22,10:17:00
S009337,P007,3,2026-03-22,16:26:00
S009338,P007,9,2026-03-22,13:42:00
S009339,P008,15,2026-03-22,07:18:00
S009340,P008,8,2026-03-22,15:34:00
S009341,P008,14,2026-03-22,10:05:00
S009342,P008,19,2026-03-22,17:03:00
S009343,P009,9,2026-03-22,09:02:00
S009344,P009,3,2026-03-22,10:58:00
S009345,P009,15,2026-03-22,14:05:00
S009346,P010,6,2026-03-22,15:41:00
S009347,P010,7,2026-03-22,17:37:00
S009348,P011,22,2026-03-22,06:54:00
S009349,P011,30,2026-03-22,10:41:00
S009350,P012,17,2026-03-22,06:09:00
S009351,P012,20,2026-03-22,14:35:00
S009352,P013,45,2026-03-22,07:25:00
S009353,P013,26,2026-03-22,06:47:00
S009354,P013,29,2026-03-22,07:56:00
S009355,P014,17,2026-03-22,08:07:00
S009356,P014,47,2026-03-22,09:16:00
S009357,P015,12,2026-03-22,10:35:00
S009358,P015,3,2026-03-22,08:03:00
S009359,P015,2,2026-03-22,09:04:00
S009360,P015,9,2026-03-22,12:03:00
S009361,P016,29,2026-03-22,07:31:00
S009362,P016,13,2026-03-22,15:06:00
S009363,P016,4,2026-03-22,14:24:00
S009364,P016,14,2026-03-22,06:05:00
S009365,P017,13,2026-03-22,17:56:00
S009366,P017,10,2026-03-22,13:07:00
S009367,P017,36,2026-03-22,09:56:00
S009368,P018,2,2026-03-22,16:19:00
S009369,P018,4,2026-03-22,06:08:00
S009370,P018,1,2026-03-22,13:42:00
S009371,P018,4,2026-03-22,06:10:00
S009372,P001,30,2026-03-23,16:05:00
S009373,P001,15,2026-03-23,07:08:00
S009374,P001,17,2026-03-23,13:54:00
S009375,P001,21,2026-03-23,16:19:00
S009376,P002,19,2026-03-23,07:49:00
S009377,P002,10,2026-03-23,09:27:00
S009378,P002,11,2026-03-23,13:54:00
S009379,P003,17,2026-03-23,12:12:00
S009380,P003,14,2026-03-23,09:35:00
S009381,P003,24,2026-03-23,07:02:00
S009382,P004,10,2026-03-23,07:42:00
S009383,P004,13,2026-03-23,07:50:00
S009384,P004,14,2026-03-23,15:18:00
S009385,P005,9,2026-03-23,11:18:00
S009386,P005,14,2026-03-23,07:45:00
S009387,P005,4,2026-03-23,11:13:00
S009388,P005,13,2026-03-23,11:03:00
S009389,P006,10,2026-03-23,16:11:00
S009390,P006,7,2026-03-23,12:35:00
S009391,P006,4,2026-03-23,11:21:00
S009392,P006,12,2026-03-23,08:20:00
S009393,P007,5,2026-03-23,10:57:00
S009394,P007,2,2026-03-23,08:40:00
S009395,P007,2,2026-03-23,13:46:00
S009396,P007,7,2026-03-23,07:59:00
S009397,P008,15,2026-03-23,17:39:00
S009398,P008,8,2026-03-23,14:58:00
S009399,P008,9,2026-03-23,12:24:00
S009400,P008,12,2026-03-23,15:18:00
S009401,P009,4,2026-03-23,06:01:00
S009402,P009,4,2026-03-23,15:40:00
S009403,P009,4,2026-03-23,11:27:00
S009404,P009,6,2026-03-23,13:22:00
S009405,P010,4,2026-03-23,11:49:00
S009406,P010,4,2026-03-23,08:54:00
S009407,P010,10,2026-03-23,08:28:00
S009408,P011,14,2026-03-23,12:25:00
S009409,P011,29,2026-03-23,08:48:00
S009410,P012,8,2026-03-23,10:24:00
S009411,P012,8,2026-03-23,13:01:00
S009412,P012,11,2026-03-23,16:02:00
S009413,P013,24,2026-03-23,07:53:00
S009414,P013,7,2026-03-23,12:32:00
S009415,P013,8,2026-03-23,12:55:00
S009416,P013,13,2026-03-23,08:16:00
S009417,P014,12,2026-03-23,07:56:00
S009418,P014,4,2026-03-23,16:52:00
S009419,P014,6,2026-03-23,14:38:00
S009420,P014,14,2026-03-23,06:43:00
S009421,P015,6,2026-03-23,14:09:00
S009422,P015,12,2026-03-23,06:30:00
S009423,P016,14,2026-03-23,07:07:00
S009424,P016,28,2026-03-23,11:55:00
S009425,P017,15,2026-03-23,08:35:00
S009426,P017,49,2026-03-23,08:11:00
S009427,P018,2,2026-03-23,14:17:00
S009428,P018,7,2026-03-23,13:20:00
S009429,P001,20,2026-03-24,15:37:00
S009430,P001,22,2026-03-24,06:00:00
S009431,P001,10,2026-03-24,06:46:00
S009432,P001,27,2026-03-24,14:17:00
S009433,P002,11,2026-03-24,07:45:00
S009434,P002,32,2026-03-24,07:59:00
S009435,P003,9,2026-03-24,11:12:00
S009436,P003,10,2026-03-24,13:59:00
S009437,P003,6,2026-03-24,16:33:00
S009438,P003,21,2026-03-24,15:08:00
S009439,P004,16,2026-03-24,12:18:00
S009440,P004,21,2026-03-24,07:40:00
S009441,P005,17,2026-03-24,13:35:00
S009442,P005,19,2026-03-24,15:48:00
S009443,P005,6,2026-03-24,09:01:00
S009444,P005,14,2026-03-24,08:59:00
S009445,P006,7,2026-03-24,10:06:00
S009446,P006,28,2026-03-24,15:18:00
S009447,P007,11,2026-03-24,09:19:00
S009448,P007,2,2026-03-24,11:55:00
S009449,P007,4,2026-03-24,14:48:00
S009450,P007,7,2026-03-24,07:59:00
S009451,P008,14,2026-03-24,12:51:00
S009452,P008,9,2026-03-24,17:56:00
S009453,P008,20,2026-03-24,16:08:00
S009454,P009,4,2026-03-24,14:43:00
S009455,P009,14,2026-03-24,14:59:00
S009456,P010,4,2026-03-24,11:31:00
S009457,P010,11,2026-03-24,14:41:00
S009458,P011,18,2026-03-24,09:29:00
S009459,P011,27,2026-03-24,14:37:00
S009460,P012,7,2026-03-24,09:52:00
S009461,P012,8,2026-03-24,17:57:00
S009462,P012,5,2026-03-24,10:59:00
S009463,P012,9,2026-03-24,09:52:00
S009464,P013,29,2026-03-24,11:52:00
S009465,P013,14,2026-03-24,11:22:00
S009466,P013,17,2026-03-24,11:37:00
S009467,P013,19,2026-03-24,15:19:00
S009468,P014,19,2026-03-24,10:11:00
S009469,P014,36,2026-03-24,15:57:00
S009470,P015,9,2026-03-24,12:36:00
S009471,P015,6,2026-03-24,17:19:00
S009472,P015,10,2026-03-24,11:57:00
S009473,P016,15,2026-03-24,12:00:00
S009474,P016,6,2026-03-24,17:03:00
S009475,P016,4,2026-03-24,12:29:00
S009476,P016,10,2026-03-24,09:14:00
S009477,P017,16,2026-03-24,06:05:00
S009478,P017,11,2026-03-24,08:28:00
S009479,P017,26,2026-03-24,12:05:00
S009480,P018,5,2026-03-24,07:19:00
S009481,P018,3,2026-03-24,14:03:00
S009482,P018,7,2026-03-24,08:22:00
S009483,P001,19,2026-03-25,09:30:00
S009484,P001,35,2026-03-25,17:25:00
S009485,P002,18,2026-03-25,12:18:00
S009486,P002,30,2026-03-25,10:19:00
S009487,P003,24,2026-03-25,08:20:00
S009488,P003,12,2026-03-25,06:34:00
S009489,P003,17,2026-03-25,10:43:00
S009490,P004,5,2026-03-25,10:11:00
S009491,P004,5,2026-03-25,14:00:00
S009492,P004,6,2026-03-25,10:05:00
S009493,P004,8,2026-03-25,13:45:00
S009494,P005,15,2026-03-25,11:15:00
S009495,P005,23,2026-03-25,12:38:00
S009496,P006,7,2026-03-25,13:18:00
S009497,P006,8,2026-03-25,15:59:00
S009498,P006,2,2026-03-25,08:53:00
S009499,P006,9,2026-03-25,13:36:00
S009500,P007,5,2026-03-25,08:23:00
S009501,P007,18,2026-03-25,13:03:00
S009502,P008,8,2026-03-25,08:39:00
S009503,P008,25,2026-03-25,11:43:00
S009504,P009,4,2026-03-25,09:54:00
S009505,P009,3,2026-03-25,16:34:00
S009506,P009,12,2026-03-25,08:33:00
S009507,P010,3,2026-03-25,08:38:00
S009508,P010,10,2026-03-25,12:25:00
S009509,P011,12,2026-03-25,07:28:00
S009510,P011,4,2026-03-25,13:18:00
S009511,P011,7,2026-03-25,15:08:00
S009512,P011,9,2026-03-25,08:01:00
S009513,P012,7,2026-03-25,08:57:00
S009514,P012,3,2026-03-25,16:15:00
S009515,P012,12,2026-03-25,15:11:00
S009516,P013,32,2026-03-25,13:54:00
S009517,P013,26,2026-03-25,06:25:00
S009518,P013,28,2026-03-25,09:08:00
S009519,P014,28,2026-03-25,07:53:00
S009520,P014,31,2026-03-25,09:37:00
S009521,P015,4,2026-03-25,11:00:00
S009522,P015,13,2026-03-25,08:09:00
S009523,P016,12,2026-03-25,06:06:00
S009524,P016,20,2026-03-25,15:15:00
S009525,P017,18,2026-03-25,09:31:00
S009526,P017,41,2026-03-25,15:31:00
S009527,P018,1,2026-03-25,16:01:00
S009528,P018,8,2026-03-25,08:45:00
S009529,P001,22,2026-03-26,12:09:00
S009530,P001,11,2026-03-26,11:24:00
S009531,P001,35,2026-03-26,17:45:00
S009532,P002,17,2026-03-26,14:47:00
S009533,P002,9,2026-03-26,15:19:00
S009534,P002,4,2026-03-26,13:37:00
S009535,P002,19,2026-03-26,15:51:00
S009536,P003,13,2026-03-26,11:46:00
S009537,P003,55,2026-03-26,09:08:00
S009538,P004,16,2026-03-26,16:40:00
S009539,P004,18,2026-03-26,13:29:00
S009540,P005,26,2026-03-26,10:21:00
S009541,P005,11,2026-03-26,13:46:00
S009542,P005,7,2026-03-26,09:28:00
S009543,P005,18,2026-03-26,06:50:00
S009544,P006,11,2026-03-26,11:12:00
S009545,P006,11,2026-03-26,17:58:00
S009546,P006,4,2026-03-26,07:42:00
S009547,P006,14,2026-03-26,13:31:00
S009548,P007,7,2026-03-26,11:03:00
S009549,P007,3,2026-03-26,16:30:00
S009550,P007,9,2026-03-26,16:57:00
S009551,P008,10,2026-03-26,15:10:00
S009552,P008,36,2026-03-26,14:05:00
S009553,P009,6,2026-03-26,14:03:00
S009554,P009,4,2026-03-26,07:51:00
S009555,P009,4,2026-03-26,06:09:00
S009556,P009,7,2026-03-26,08:15:00
S009557,P010,3,2026-03-26,16:35:00
S009558,P010,8,2026-03-26,16:59:00
S009559,P011,14,2026-03-26,13:40:00
S009560,P011,7,2026-03-26,11:15:00
S009561,P011,17,2026-03-26,08:09:00
S009562,P012,4,2026-03-26,11:37:00
S009563,P012,3,2026-03-26,08:24:00
S009564,P012,13,2026-03-26,16:33:00
S009565,P013,27,2026-03-26,12:14:00
S009566,P013,24,2026-03-26,07:05:00
S009567,P013,8,2026-03-26,08:38:00
S009568,P013,20,2026-03-26,10:12:00
S009569,P014,16,2026-03-26,09:29:00
S009570,P014,19,2026-03-26,11:49:00
S009571,P015,11,2026-03-26,15:58:00
S009572,P015,6,2026-03-26,09:44:00
S009573,P015,4,2026-03-26,09:09:00
S009574,P015,6,2026-03-26,10:27:00
S009575,P016,15,2026-03-26,12:24:00
S009576,P016,9,2026-03-26,08:30:00
S009577,P016,6,2026-03-26,14:45:00
S009578,P016,10,2026-03-26,10:06:00
S009579,P017,14,2026-03-26,16:31:00
S009580,P017,12,2026-03-26,15:04:00
S009581,P017,13,2026-03-26,11:57:00
S009582,P017,15,2026-03-26,09:58:00
S009583,P018,2,2026-03-26,10:42:00
S009584,P018,10,2026-03-26,06:52:00
S009585,P001,14,2026-03-27,12:25:00
S009586,P001,13,2026-03-27,12:28:00
S009587,P001,33,2026-03-27,09:55:00
S009588,P002,24,2026-03-27,13:11:00
S009589,P002,31,2026-03-27,10:20:00
S009590,P003,33,2026-03-27,09:31:00
S009591,P003,36,2026-03-27,11:43:00
S009592,P004,10,2026-03-27,12:16:00
S009593,P004,6,2026-03-27,14:18:00
S009594,P004,12,2026-03-27,15:27:00
S009595,P005,17,2026-03-27,15:18:00
S009596,P005,9,2026-03-27,07:01:00
S009597,P005,13,2026-03-27,10:26:00
S009598,P006,7,2026-03-27,12:37:00
S009599,P006,7,2026-03-27,15:26:00
S009600,P006,23,2026-03-27,11:24:00
S009601,P007,9,2026-03-27,08:52:00
S009602,P007,4,2026-03-27,12:49:00
S009603,P007,7,2026-03-27,08:48:00
S009604,P008,15,2026-03-27,08:38:00
S009605,P008,11,2026-03-27,17:20:00
S009606,P008,12,2026-03-27,17:01:00
S009607,P009,8,2026-03-27,10:43:00
S009608,P009,5,2026-03-27,08:04:00
S009609,P009,1,2026-03-27,07:19:00
S009610,P009,5,2026-03-27,12:55:00
S009611,P010,7,2026-03-27,08:09:00
S009612,P010,4,2026-03-27,10:57:00
S009613,P010,6,2026-03-27,13:29:00
S009614,P011,19,2026-03-27,17:42:00
S009615,P011,9,2026-03-27,06:18:00
S009616,P011,6,2026-03-27,13:46:00
S009617,P011,7,2026-03-27,15:29:00
S009618,P012,9,2026-03-27,14:18:00
S009619,P012,21,2026-03-27,17:41:00
S009620,P013,13,2026-03-27,16:39:00
S009621,P013,38,2026-03-27,14:08:00
S009622,P014,13,2026-03-27,08:49:00
S009623,P014,6,2026-03-27,13:41:00
S009624,P014,18,2026-03-27,17:56:00
S009625,P015,8,2026-03-27,17:45:00
S009626,P015,9,2026-03-27,10:20:00
S009627,P016,11,2026-03-27,17:28:00
S009628,P016,4,2026-03-27,09:26:00
S009629,P016,18,2026-03-27,16:14:00
S009630,P017,19,2026-03-27,06:07:00
S009631,P017,9,2026-03-27,08:56:00
S009632,P017,14,2026-03-27,08:01:00
S009633,P017,18,2026-03-27,06:57:00
S009634,P018,4,2026-03-27,14:58:00
S009635,P018,2,2026-03-27,12:52:00
S009636,P018,2,2026-03-27,14:13:00
S009637,P018,6,2026-03-27,09:48:00
S009638,P001,27,2026-03-28,12:01:00
S009639,P001,20,2026-03-28,14:10:00
S009640,P001,22,2026-03-28,17:34:00
S009641,P002,25,2026-03-28,16:05:00
S009642,P002,15,2026-03-28,12:00:00
S009643,P002,22,2026-03-28,11:40:00
S009644,P003,37,2026-03-28,12:56:00
S009645,P003,19,2026-03-28,08:01:00
S009646,P003,8,2026-03-28,11:58:00
S009647,P003,15,2026-03-28,12:17:00
S009648,P004,9,2026-03-28,09:09:00
S009649,P004,31,2026-03-28,10:39:00
S009650,P005,27,2026-03-28,09:23:00
S009651,P005,32,2026-03-28,06:52:00
S009652,P006,10,2026-03-28,11:18:00
S009653,P006,39,2026-03-28,12:07:00
S009654,P007,10,2026-03-28,17:41:00
S009655,P007,3,2026-03-28,06:13:00
S009656,P007,5,2026-03-28,17:32:00
S009657,P007,7,2026-03-28,15:40:00
S009658,P008,12,2026-03-28,10:40:00
S009659,P008,10,2026-03-28,10:03:00
S009660,P008,10,2026-03-28,07:22:00
S009661,P008,28,2026-03-28,12:24:00
S009662,P009,6,2026-03-28,09:53:00
S009663,P009,6,2026-03-28,14:40:00
S009664,P009,16,2026-03-28,16:06:00
S009665,P010,4,2026-03-28,10:29:00
S009666,P010,3,2026-03-28,14:03:00
S009667,P010,2,2026-03-28,15:40:00
S009668,P010,7,2026-03-28,06:06:00
S009669,P011,31,2026-03-28,12:18:00
S009670,P011,11,2026-03-28,13:53:00
S009671,P011,10,2026-03-28,14:16:00
S009672,P011,13,2026-03-28,06:05:00
S009673,P012,8,2026-03-28,13:50:00
S009674,P012,15,2026-03-28,07:25:00
S009675,P012,8,2026-03-28,14:44:00
S009676,P012,10,2026-03-28,14:41:00
S009677,P013,41,2026-03-28,12:05:00
S009678,P013,14,2026-03-28,14:59:00
S009679,P013,47,2026-03-28,12:27:00
S009680,P014,40,2026-03-28,07:05:00
S009681,P014,15,2026-03-28,13:52:00
S009682,P014,12,2026-03-28,13:22:00
S009683,P014,16,2026-03-28,15:47:00
S009684,P015,12,2026-03-28,08:26:00
S009685,P015,20,2026-03-28,07:30:00
S009686,P016,21,2026-03-28,06:21:00
S009687,P016,24,2026-03-28,14:13:00
S009688,P016,8,2026-03-28,10:22:00
S009689,P016,18,2026-03-28,16:34:00
S009690,P017,16,2026-03-28,13:45:00
S009691,P017,8,2026-03-28,11:15:00
S009692,P017,28,2026-03-28,11:15:00
S009693,P018,7,2026-03-28,14:10:00
S009694,P018,3,2026-03-28,12:25:00
S009695,P018,3,2026-03-28,07:29:00
S009696,P018,7,2026-03-28,17:30:00
S009697,P001,15,2026-03-29,11:34:00
S009698,P001,55,2026-03-29,10:59:00
S009699,P002,17,2026-03-29,09:00:00
S009700,P002,15,2026-03-29,09:00:00
S009701,P002,4,2026-03-29,14:21:00
S009702,P002,15,2026-03-29,09:10:00
S009703,P003,20,2026-03-29,12:27:00
S009704,P003,23,2026-03-29,16:14:00
S009705,P003,38,2026-03-29,10:20:00
S009706,P004,11,2026-03-29,17:03:00
S009707,P004,3,2026-03-29,08:55:00
S009708,P004,12,2026-03-29,14:23:00
S009709,P005,17,2026-03-29,09:00:00
S009710,P005,25,2026-03-29,13:52:00
S009711,P005,33,2026-03-29,09:58:00
S009712,P006,13,2026-03-29,08:56:00
S009713,P006,6,2026-03-29,06:40:00
S009714,P006,3,2026-03-29,09:35:00
S009715,P006,7,2026-03-29,17:54:00
S009716,P007,8,2026-03-29,13:29:00
S009717,P007,5,2026-03-29,07:07:00
S009718,P007,6,2026-03-29,14:18:00
S009719,P008,15,2026-03-29,13:41:00
S009720,P008,22,2026-03-29,14:58:00
S009721,P009,8,2026-03-29,06:00:00
S009722,P009,12,2026-03-29,13:58:00
S009723,P010,2,2026-03-29,08:45:00
S009724,P010,11,2026-03-29,10:09:00
S009725,P011,11,2026-03-29,09:56:00
S009726,P011,11,2026-03-29,06:22:00
S009727,P011,7,2026-03-29,13:54:00
S009728,P011,10,2026-03-29,17:42:00
S009729,P012,6,2026-03-29,15:53:00
S009730,P012,11,2026-03-29,17:57:00
S009731,P012,12,2026-03-29,12:59:00
S009732,P013,23,2026-03-29,13:06:00
S009733,P013,12,2026-03-29,17:39:00
S009734,P013,9,2026-03-29,12:25:00
S009735,P013,20,2026-03-29,13:26:00
S009736,P014,19,2026-03-29,16:24:00
S009737,P014,11,2026-03-29,09:12:00
S009738,P014,6,2026-03-29,10:01:00
S009739,P014,16,2026-03-29,06:39:00
S009740,P015,7,2026-03-29,10:08:00
S009741,P015,22,2026-03-29,16:24:00
S009742,P016,15,2026-03-29,13:39:00
S009743,P016,11,2026-03-29,17:11:00
S009744,P016,33,2026-03-29,08:53:00
S009745,P017,20,2026-03-29,09:39:00
S009746,P017,29,2026-03-29,17:00:00
S009747,P018,5,2026-03-29,13:42:00
S009748,P018,2,2026-03-29,06:48:00
S009749,P018,7,2026-03-29,07:21:00
S009750,P001,24,2026-03-30,07:58:00
S009751,P001,19,2026-03-30,06:47:00
S009752,P001,8,2026-03-30,06:04:00
S009753,P001,13,2026-03-30,12:45:00
S009754,P002,17,2026-03-30,06:32:00
S009755,P002,36,2026-03-30,06:08:00
S009756,P003,18,2026-03-30,09:42:00
S009757,P003,9,2026-03-30,13:58:00
S009758,P003,7,2026-03-30,13:55:00
S009759,P003,17,2026-03-30,14:58:00
S009760,P004,10,2026-03-30,14:32:00
S009761,P004,26,2026-03-30,17:13:00
S009762,P005,17,2026-03-30,07:18:00
S009763,P005,28,2026-03-30,15:25:00
S009764,P006,15,2026-03-30,12:15:00
S009765,P006,19,2026-03-30,17:32:00
S009766,P007,7,2026-03-30,10:43:00
S009767,P007,8,2026-03-30,08:01:00
S009768,P007,4,2026-03-30,07:31:00
S009769,P007,6,2026-03-30,17:08:00
S009770,P008,15,2026-03-30,08:49:00
S009771,P008,11,2026-03-30,10:25:00
S009772,P008,21,2026-03-30,14:21:00
S009773,P009,7,2026-03-30,17:31:00
S009774,P009,3,2026-03-30,10:00:00
S009775,P009,1,2026-03-30,06:44:00
S009776,P009,4,2026-03-30,17:43:00
S009777,P010,5,2026-03-30,16:03:00
S009778,P010,11,2026-03-30,07:19:00
S009779,P011,18,2026-03-30,11:05:00
S009780,P011,9,2026-03-30,14:49:00
S009781,P011,16,2026-03-30,11:17:00
S009782,P012,6,2026-03-30,07:25:00
S009783,P012,14,2026-03-30,16:12:00
S009784,P013,32,2026-03-30,09:15:00
S009785,P013,13,2026-03-30,12:54:00
S009786,P013,13,2026-03-30,09:24:00
S009787,P013,21,2026-03-30,15:45:00
S009788,P014,25,2026-03-30,07:58:00
S009789,P014,32,2026-03-30,06:03:00
S009790,P015,5,2026-03-30,15:37:00
S009791,P015,5,2026-03-30,14:28:00
S009792,P015,4,2026-03-30,17:00:00
S009793,P015,10,2026-03-30,10:54:00
S009794,P016,13,2026-03-30,16:14:00
S009795,P016,40,2026-03-30,11:44:00
S009796,P017,20,2026-03-30,15:48:00
S009797,P017,49,2026-03-30,08:39:00
S009798,P018,5,2026-03-30,06:59:00
S009799,P018,2,2026-03-30,09:40:00
S009800,P018,1,2026-03-30,12:05:00
S009801,P018,5,2026-03-30,09:49:00
S009802,P001,21,2026-03-31,16:01:00
S009803,P001,40,2026-03-31,14:50:00
S009804,P002,26,2026-03-31,16:40:00
S009805,P002,27,2026-03-31,12:33:00
S009806,P003,11,2026-03-31,13:57:00
S009807,P003,11,2026-03-31,10:49:00
S009808,P003,6,2026-03-31,06:55:00
S009809,P003,12,2026-03-31,11:58:00
S009810,P004,16,2026-03-31,07:02:00
S009811,P004,17,2026-03-31,11:43:00
S009812,P005,20,2026-03-31,17:15:00
S009813,P005,31,2026-03-31,06:55:00
S009814,P006,17,2026-03-31,15:28:00
S009815,P006,7,2026-03-31,10:08:00
S009816,P006,13,2026-03-31,07:35:00
S009817,P007,8,2026-03-31,08:42:00
S009818,P007,13,2026-03-31,12:38:00
S009819,P008,13,2026-03-31,11:41:00
S009820,P008,4,2026-03-31,17:06:00
S009821,P008,16,2026-03-31,12:51:00
S009822,P009,6,2026-03-31,07:32:00
S009823,P009,3,2026-03-31,12:55:00
S009824,P009,8,2026-03-31,08:42:00
S009825,P010,4,2026-03-31,09:27:00
S009826,P010,11,2026-03-31,14:33:00
S009827,P011,15,2026-03-31,07:46:00
S009828,P011,13,2026-03-31,16:10:00
S009829,P011,7,2026-03-31,12:11:00
S009830,P011,14,2026-03-31,15:10:00
S009831,P012,6,2026-03-31,14:53:00
S009832,P012,5,2026-03-31,06:36:00
S009833,P012,9,2026-03-31,17:44:00
S009834,P013,18,2026-03-31,12:52:00
S009835,P013,11,2026-03-31,08:35:00
S009836,P013,13,2026-03-31,15:43:00
S009837,P013,15,2026-03-31,17:34:00
S009838,P014,21,2026-03-31,15:37:00
S009839,P014,43,2026-03-31,09:51:00
S009840,P015,4,2026-03-31,11:21:00
S009841,P015,5,2026-03-31,13:29:00
S009842,P015,2,2026-03-31,11:38:00
S009843,P015,8,2026-03-31,13:24:00
S009844,P016,17,2026-03-31,14:23:00
S009845,P016,10,2026-03-31,14:01:00
S009846,P016,3,2026-03-31,07:58:00
S009847,P016,9,2026-03-31,17:59:00
S009848,P017,11,2026-03-31,12:21:00
S009849,P017,12,2026-03-31,15:12:00
S009850,P017,25,2026-03-31,15:04:00
S009851,P018,5,2026-03-31,11:55:00
S009852,P018,10,2026-03-31,12:22:00
